Customer_ID,Gender,Age,Married,City,Number_of_Referrals,Tenure_in_Months,Phone_Service,Multiple_Lines,Internet_Service,Internet_Type,Online_Security,Online_Backup,Device_Protection_Plan,Premium_Support,Streaming_TV,Streaming_Movies,Streaming_Music,Unlimited_Data,Contract,Paperless_Billing,Payment_Method,Monthly_Charge,Total_Charges,Total_Refunds,Total_Extra_Data_Charges,Total_Long_Distance_Charges,Total_Revenue,Customer_Status,Churn_Category,Churn_Reason,Customer_Status_Predicted
0004-TLHLJ,Male,50,No,Costa Mesa,0,4,Yes,No,Yes,Fiber Optic,No,No,Yes,No,No,No,No,Yes,Month-to-Month,Yes,Bank Withdrawal,73.90000153,280.8500061,0,0,134.6000061,415.4500122,Churned,Competitor,Competitor had better devices,1
0011-IGKFF,Male,78,Yes,Martinez,1,13,Yes,No,Yes,Fiber Optic,No,Yes,Yes,No,Yes,Yes,No,Yes,Month-to-Month,Yes,Bank Withdrawal,98,1237.849976,0,0,361.6600037,1599.51001,Churned,Dissatisfaction,Product dissatisfaction,1
0013-EXCHZ,Female,75,Yes,Camarillo,3,3,Yes,No,Yes,Fiber Optic,No,No,No,Yes,Yes,No,No,Yes,Month-to-Month,Yes,Credit Card,83.90000153,267.3999939,0,0,22.13999939,289.5400085,Churned,Dissatisfaction,Network reliability,1
0023-HGHWL,Male,67,No,Morgan Hill,0,1,No,No,Yes,Cable,No,No,No,No,No,No,No,Yes,Month-to-Month,Yes,Bank Withdrawal,25.10000038,25.10000038,0,0,0,25.10000038,Churned,Competitor,Competitor made better offer,1
0023-XUOPT,Female,26,Yes,Carnelian Bay,1,13,Yes,Yes,Yes,Fiber Optic,No,Yes,Yes,No,Yes,No,No,Yes,Month-to-Month,No,Bank Withdrawal,94.09999847,1215.599976,0,0,566.2800293,1781.880005,Churned,Other,Don't know,1
0031-PVLZI,Female,34,Yes,Korbel,0,4,Yes,No,No,,No,No,No,No,No,No,No,No,Month-to-Month,No,Credit Card,20.35000038,76.34999847,0,0,49.72000122,126.0699997,Churned,Price,Long distance charges,1
0032-PGELS,Female,37,Yes,Palomar Mountain,1,1,No,No,Yes,DSL,Yes,No,No,No,No,No,No,Yes,Month-to-Month,No,Bank Withdrawal,30.5,30.5,0,0,0,30.5,Churned,Attitude,Attitude of service provider,1
0067-DKWBL,Male,69,No,San Diego,0,2,Yes,No,Yes,DSL,Yes,No,No,No,No,No,No,Yes,Month-to-Month,Yes,Bank Withdrawal,49.25,91.09999847,0,0,87.98000336,179.0800018,Churned,Competitor,Competitor made better offer,1
0094-OIFMO,Female,78,No,North Hollywood,0,11,Yes,No,Yes,Fiber Optic,No,Yes,No,No,Yes,Yes,No,No,Month-to-Month,Yes,Bank Withdrawal,95,1120.300049,0,120,127.4899979,1367.790039,Churned,Dissatisfaction,Product dissatisfaction,1
0107-WESLM,Male,32,No,West Point,0,1,Yes,No,No,,No,No,No,No,No,No,No,No,Month-to-Month,Yes,Bank Withdrawal,19.85000038,19.85000038,0,0,31.77000046,51.61999893,Churned,Attitude,Attitude of support person,1
0107-YHINA,Male,59,No,Los Angeles,0,1,Yes,Yes,Yes,Fiber Optic,No,No,Yes,No,Yes,Yes,Yes,Yes,Month-to-Month,Yes,Bank Withdrawal,99.75,99.75,0,0,40.70999908,140.4600067,Churned,Competitor,Competitor had better devices,1
0112-QWPNC,Male,61,Yes,Valyermo,1,49,Yes,Yes,Yes,Cable,Yes,No,Yes,Yes,Yes,Yes,Yes,Yes,One Year,No,Bank Withdrawal,84.34999847,4059.350098,0,0,1937.949951,5997.299805,Churned,Competitor,Competitor offered higher download speeds,1
0115-TFERT,Male,24,Yes,Fresno,1,21,Yes,Yes,Yes,Fiber Optic,No,Yes,Yes,Yes,Yes,Yes,Yes,No,Month-to-Month,Yes,Bank Withdrawal,111.1999969,2317.100098,0,120,761.460022,3198.560059,Churned,Attitude,Attitude of service provider,1
0117-LFRMW,Male,52,Yes,Angwin,1,37,No,No,Yes,DSL,Yes,Yes,Yes,No,No,No,No,Yes,Month-to-Month,No,Bank Withdrawal,40.20000076,1448.800049,0,0,0,1448.800049,Churned,Competitor,Competitor offered more data,1
0122-OAHPZ,Female,29,No,San Diego,0,7,Yes,Yes,Yes,Fiber Optic,No,No,No,No,No,No,Yes,Yes,Month-to-Month,Yes,Bank Withdrawal,73.84999847,511.25,13.02999973,0,200.3399963,698.5599976,Churned,Competitor,Competitor made better offer,1
0125-LZQXK,Male,42,No,Big Oak Flat,0,15,Yes,No,Yes,Fiber Optic,No,No,Yes,Yes,Yes,Yes,Yes,Yes,Month-to-Month,Yes,Bank Withdrawal,101.3499985,1553.949951,0,0,688.7999878,2242.75,Churned,Attitude,Attitude of service provider,1
0133-BMFZO,Female,40,No,Alhambra,0,2,Yes,No,Yes,Fiber Optic,Yes,Yes,No,Yes,No,No,No,Yes,Month-to-Month,Yes,Bank Withdrawal,86.25,181.6499939,0,0,73.62000275,255.2700043,Churned,Competitor,Competitor offered higher download speeds,1
0135-NMXAP,Female,57,No,Lodi,0,12,Yes,Yes,Yes,Fiber Optic,No,Yes,No,No,Yes,No,No,Yes,Month-to-Month,Yes,Bank Withdrawal,89.75,1052.400024,0,0,172.5599976,1224.959961,Churned,Attitude,Attitude of support person,1
0137-OCGAB,Female,25,No,Fairfield,0,1,Yes,Yes,Yes,Fiber Optic,No,Yes,No,No,No,No,No,Yes,Month-to-Month,Yes,Mailed Check,80.19999695,80.19999695,0,0,1.230000019,81.43000031,Churned,Price,Lack of affordable download/upload speed,1
0137-UDEUO,Female,24,No,Stockton,0,3,Yes,No,No,,No,No,No,No,No,No,No,No,Month-to-Month,No,Credit Card,19.85000038,63.75,0,0,77.25,141,Churned,Price,Long distance charges,1
0148-DCDOS,Male,41,No,Planada,0,25,Yes,Yes,Yes,Fiber Optic,No,No,No,No,Yes,Yes,Yes,Yes,Month-to-Month,Yes,Bank Withdrawal,94.69999695,2362.100098,0,0,872,3234.100098,Churned,Competitor,Competitor had better devices,1
0151-ONTOV,Female,43,No,Moorpark,0,1,Yes,No,Yes,Fiber Optic,No,No,No,No,No,No,No,Yes,Month-to-Month,No,Mailed Check,70.90000153,70.90000153,0,0,39.81000137,110.7099991,Churned,Competitor,Competitor had better devices,1
0156-FVPTA,Male,48,Yes,Solvang,1,22,Yes,No,Yes,DSL,Yes,No,No,Yes,No,No,No,Yes,Month-to-Month,Yes,Bank Withdrawal,54.20000076,1152.699951,0,0,599.2800293,1751.97998,Churned,Attitude,Attitude of service provider,1
0193-ESZXP,Female,73,Yes,Oceano,1,58,Yes,No,Yes,Fiber Optic,Yes,Yes,No,Yes,Yes,Yes,Yes,Yes,One Year,Yes,Credit Card,105.5,6205.5,0,0,982.5200195,7188.02002,Churned,Attitude,Attitude of support person,1
0195-IESCP,Male,26,Yes,Armona,1,10,Yes,Yes,Yes,Fiber Optic,No,No,No,No,No,Yes,Yes,No,Month-to-Month,Yes,Bank Withdrawal,85.25,855.2999878,0,100,20.20000076,975.5,Churned,Competitor,Competitor offered more data,1
0196-VULGZ,Female,78,Yes,Irvine,1,6,Yes,Yes,Yes,Fiber Optic,No,No,No,No,No,Yes,No,Yes,Month-to-Month,Yes,Bank Withdrawal,84.34999847,474.8999939,0,0,172.2599945,647.1599731,Churned,Other,Deceased,1
0201-OAMXR,Female,30,No,Mckinleyville,0,70,Yes,Yes,Yes,Fiber Optic,Yes,Yes,Yes,Yes,Yes,Yes,Yes,Yes,One Year,No,Credit Card,115.5500031,8127.600098,0,0,714.7000122,8842.299805,Churned,Dissatisfaction,Network reliability,1
0203-HHYIJ,Male,62,No,Atherton,0,25,Yes,Yes,No,,No,No,No,No,No,No,No,No,One Year,No,Bank Withdrawal,25.29999924,676.3499756,0,0,139.25,815.5999756,Churned,Price,Long distance charges,1
0207-MDKNV,Female,54,No,Daly City,0,15,Yes,No,Yes,Fiber Optic,Yes,No,Yes,Yes,Yes,Yes,Yes,Yes,Month-to-Month,No,Bank Withdrawal,105.0999985,1582.75,0,0,335.8500061,1918.599976,Churned,Competitor,Competitor made better offer,1
0219-YTZUE,Male,26,Yes,San Diego,5,4,Yes,Yes,Yes,Fiber Optic,No,Yes,Yes,No,No,No,Yes,Yes,Month-to-Month,Yes,Bank Withdrawal,84.80000305,371.8999939,0,0,115.0800018,486.980011,Churned,Competitor,Competitor made better offer,1
0220-EBGCE,Male,58,No,Escondido,0,2,Yes,No,Yes,Fiber Optic,No,No,Yes,No,No,Yes,Yes,Yes,Month-to-Month,Yes,Bank Withdrawal,85.84999847,167.3000031,0,0,28.28000069,195.5800018,Churned,Competitor,Competitor made better offer,1
0224-HJAPT,Male,25,No,San Diego,0,5,Yes,Yes,Yes,Cable,No,No,No,No,No,No,Yes,Yes,Month-to-Month,No,Bank Withdrawal,47.15000153,223.1499939,0,0,110.0500031,333.2000122,Churned,Competitor,Competitor made better offer,1
0231-LXVAP,Male,23,No,Temecula,0,1,Yes,No,Yes,Fiber Optic,No,No,No,Yes,No,No,No,Yes,Month-to-Month,Yes,Bank Withdrawal,75.90000153,75.90000153,0,0,44.56000137,120.4599991,Churned,Competitor,Competitor made better offer,1
0235-KGSLC,Female,45,No,Buellton,0,1,Yes,No,Yes,Fiber Optic,No,No,Yes,No,Yes,No,No,Yes,Month-to-Month,Yes,Credit Card,85.55000305,85.55000305,0,0,33.34000015,118.8899994,Churned,Other,Moved,1
0236-HFWSV,Male,49,No,Palmdale,0,15,Yes,Yes,Yes,Fiber Optic,No,No,No,No,Yes,Yes,Yes,Yes,Month-to-Month,Yes,Bank Withdrawal,93.34999847,1444.650024,0,0,733.9500122,2178.600098,Churned,Competitor,Competitor had better devices,1
0256-LTHVJ,Female,58,Yes,Ludlow,1,28,Yes,No,Yes,Fiber Optic,No,No,No,No,No,Yes,Yes,Yes,Month-to-Month,Yes,Bank Withdrawal,81.05000305,2227.100098,0,0,471.7999878,2698.899902,Churned,Competitor,Competitor had better devices,1
0257-ZESQC,Female,80,Yes,Perris,2,27,Yes,No,Yes,Cable,Yes,No,No,No,No,No,No,Yes,Month-to-Month,Yes,Bank Withdrawal,75.19999695,1929.349976,0,0,189.5399933,2118.889893,Churned,Attitude,Attitude of support person,1
0259-GBZSH,Male,22,No,San Diego,0,2,Yes,Yes,Yes,Cable,No,No,No,No,Yes,No,Yes,Yes,Month-to-Month,Yes,Bank Withdrawal,85.65000153,181.5,0,0,80.86000061,262.3599854,Churned,Competitor,Competitor made better offer,1
0265-EDXBD,Male,76,Yes,San Diego,2,32,Yes,Yes,Yes,Fiber Optic,No,No,No,No,No,No,No,Yes,Month-to-Month,Yes,Bank Withdrawal,74.90000153,2303.350098,0,0,1514.880005,3818.22998,Churned,Attitude,Attitude of support person,1
0268-QKIWO,Female,41,No,Pilot Hill,0,3,Yes,No,No,,No,No,No,No,No,No,No,No,Month-to-Month,No,Bank Withdrawal,19.75,58.84999847,0,0,73.88999939,132.7400055,Churned,Attitude,Attitude of support person,1
0278-YXOOG,Male,30,No,Inglewood,0,5,Yes,No,No,,No,No,No,No,No,No,No,No,Month-to-Month,No,Credit Card,21.04999924,113.8499985,0,0,171.3000031,285.1499939,Churned,Attitude,Attitude of support person,1
0280-XJGEX,Male,38,No,Los Angeles,0,49,Yes,Yes,Yes,Fiber Optic,No,Yes,Yes,No,Yes,Yes,Yes,Yes,Month-to-Month,Yes,Bank Withdrawal,103.6999969,5036.299805,0,0,2172.169922,7208.470215,Churned,Competitor,Competitor had better devices,1
0295-PPHDO,Male,56,No,La Puente,0,1,Yes,Yes,Yes,Fiber Optic,No,No,No,No,Yes,Yes,Yes,Yes,Month-to-Month,Yes,Bank Withdrawal,95.44999695,95.44999695,0,0,5.590000153,101.0400009,Churned,Competitor,Competitor had better devices,1
0302-JOIVN,Female,47,Yes,San Diego,1,8,Yes,No,Yes,Fiber Optic,No,Yes,Yes,No,Yes,Yes,Yes,Yes,Month-to-Month,No,Bank Withdrawal,101.1500015,842.9000244,0,0,135.0399933,977.9400024,Churned,Competitor,Competitor made better offer,1
0306-JAELE,Male,61,No,Fallbrook,0,5,Yes,No,Yes,Fiber Optic,No,No,No,Yes,Yes,Yes,Yes,Yes,Month-to-Month,Yes,Bank Withdrawal,96.09999847,453.3999939,0,0,155.4499969,608.8499756,Churned,Competitor,Competitor made better offer,1
0310-MVLET,Female,63,Yes,Snelling,1,61,Yes,Yes,Yes,Fiber Optic,No,Yes,No,No,Yes,Yes,Yes,Yes,Month-to-Month,Yes,Bank Withdrawal,99.15000153,6010.049805,0,0,3009.129883,9019.179688,Churned,Dissatisfaction,Service dissatisfaction,1
0311-UNPFF,Female,58,No,Long Beach,0,26,Yes,No,Yes,Fiber Optic,No,No,No,No,Yes,Yes,Yes,No,Month-to-Month,Yes,Bank Withdrawal,88.80000305,2274.350098,0,50,990.3400269,3314.689941,Churned,Dissatisfaction,Service dissatisfaction,1
0318-QUUOB,Male,25,Yes,Santa Rosa,1,1,Yes,No,Yes,Fiber Optic,No,No,No,No,Yes,No,Yes,No,Month-to-Month,Yes,Bank Withdrawal,80.55000305,80.55000305,0,0,43.66999817,124.2200012,Churned,Competitor,Competitor had better devices,1
0320-JDNQG,Male,28,Yes,Oxnard,1,23,Yes,No,Yes,Fiber Optic,Yes,No,No,Yes,Yes,Yes,Yes,Yes,Month-to-Month,Yes,Bank Withdrawal,99.84999847,2331.300049,0,0,872.8499756,3204.149902,Churned,Other,Don't know,1
0322-CHQRU,Male,63,No,Palmdale,0,2,Yes,No,Yes,DSL,No,No,No,No,No,No,No,Yes,Month-to-Month,No,Bank Withdrawal,45.34999847,89.5,0,0,50.97999954,140.4799957,Churned,Competitor,Competitor had better devices,1
0322-YINQP,Male,37,No,Covina,0,1,Yes,No,Yes,DSL,Yes,No,No,No,No,No,No,Yes,Month-to-Month,Yes,Credit Card,48.54999924,48.54999924,0,0,11.35000038,59.90000153,Churned,Attitude,Attitude of support person,1
0324-BRPCJ,Female,74,Yes,Palmdale,1,68,Yes,Yes,Yes,Cable,No,Yes,No,No,Yes,Yes,Yes,Yes,Month-to-Month,Yes,Bank Withdrawal,100.1999969,6851.649902,0,0,1450.439941,8302.089844,Churned,Competitor,Competitor offered more data,1
0325-XBFAC,Male,44,No,Hoopa,0,8,Yes,No,Yes,Fiber Optic,No,No,Yes,No,Yes,Yes,Yes,No,Month-to-Month,Yes,Bank Withdrawal,94.69999695,740.2999878,0,80,155.9199982,976.2199707,Churned,Competitor,Competitor offered more data,1
0328-GRPMV,Female,43,No,Burnt Ranch,0,1,Yes,No,Yes,Fiber Optic,No,No,No,No,No,No,No,Yes,Month-to-Month,Yes,Bank Withdrawal,70.09999847,70.09999847,0,0,17.37000084,87.47000122,Churned,Competitor,Competitor had better devices,1
0329-GTIAJ,Female,40,No,Garden Grove,0,3,Yes,No,Yes,Fiber Optic,No,Yes,No,Yes,Yes,Yes,Yes,Yes,Month-to-Month,Yes,Bank Withdrawal,97.90000153,315.2999878,0,0,90.54000092,405.8399963,Churned,Price,Price too high,1
0330-IVZHA,Female,55,Yes,Anderson,1,5,Yes,No,Yes,Fiber Optic,No,No,No,No,No,No,No,Yes,Month-to-Month,No,Bank Withdrawal,69.94999695,330.1499939,0,0,85.40000153,415.5499878,Churned,Attitude,Attitude of service provider,1
0334-GDDSO,Male,77,No,San Diego,0,3,Yes,Yes,Yes,Fiber Optic,No,Yes,No,No,No,No,No,Yes,Month-to-Month,Yes,Bank Withdrawal,81.34999847,233.6999969,0,0,27.65999985,261.3599854,Churned,Competitor,Competitor made better offer,1
0345-HKJVM,Female,43,No,San Diego,0,6,Yes,No,Yes,Fiber Optic,No,No,No,No,Yes,Yes,Yes,Yes,Month-to-Month,No,Bank Withdrawal,89.30000305,577.5999756,0,0,15.60000038,593.2000122,Churned,Other,Don't know,1
0348-SDKOL,Female,33,Yes,San Diego,1,58,Yes,Yes,Yes,Fiber Optic,No,No,Yes,Yes,Yes,Yes,Yes,No,Month-to-Month,Yes,Credit Card,102.0999985,5885.399902,0,100,203.5800018,6188.97998,Churned,Competitor,Competitor made better offer,1
0354-WYROK,Female,70,Yes,San Francisco,1,31,Yes,No,Yes,Fiber Optic,No,No,Yes,Yes,Yes,Yes,No,Yes,Month-to-Month,Yes,Bank Withdrawal,98.90000153,2911.300049,0,0,1486.449951,4397.75,Churned,Other,Don't know,1
0356-ERHVT,Male,54,Yes,Santa Cruz,1,11,Yes,No,Yes,Cable,No,No,No,No,No,No,No,Yes,Month-to-Month,Yes,Bank Withdrawal,45.90000153,521.9000244,0,0,142.4499969,664.3499756,Stayed,Others,Others,1
0362-ZBZWJ,Male,46,No,Thornton,0,36,Yes,Yes,Yes,Fiber Optic,No,No,No,No,No,Yes,Yes,Yes,Month-to-Month,Yes,Bank Withdrawal,84.90000153,3067.199951,0,0,887.7600098,3954.959961,Churned,Attitude,Attitude of service provider,1
0363-QJVFX,Male,22,No,Lake Hughes,0,32,Yes,Yes,Yes,Fiber Optic,Yes,Yes,No,Yes,Yes,Yes,Yes,Yes,Month-to-Month,Yes,Credit Card,108.1500015,3432.899902,0,0,886.0800171,4318.97998,Churned,Attitude,Attitude of service provider,1
0375-HVGXO,Female,31,No,Los Angeles,0,1,No,No,Yes,DSL,No,No,No,No,Yes,No,No,Yes,Month-to-Month,Yes,Bank Withdrawal,34.70000076,34.70000076,0,0,0,34.70000076,Churned,Other,Don't know,1
0376-YMCJC,Male,21,No,Novato,0,23,Yes,Yes,Yes,Cable,No,No,No,Yes,Yes,No,Yes,Yes,Month-to-Month,Yes,Bank Withdrawal,90.59999847,1943.199951,4.730000019,0,889.8699951,2828.340088,Churned,Competitor,Competitor offered higher download speeds,1
0378-NHQXU,Female,31,Yes,South San Francisco,7,17,Yes,Yes,Yes,Fiber Optic,No,No,Yes,No,Yes,No,No,Yes,Month-to-Month,No,Bank Withdrawal,88.25,1460.650024,0,0,304.4700012,1765.119995,Churned,Other,Deceased,1
0378-TOVMS,Female,20,No,Vernalis,0,3,Yes,No,Yes,Fiber Optic,No,No,No,Yes,No,Yes,Yes,Yes,Month-to-Month,No,Bank Withdrawal,85.80000305,272.2000122,0,0,31.79999924,304,Churned,Competitor,Competitor had better devices,1
0378-XSZPU,Male,31,Yes,San Jose,1,58,Yes,No,Yes,Cable,Yes,Yes,Yes,No,No,No,No,Yes,One Year,No,Credit Card,60.29999924,3563.800049,0,0,998.7600098,4562.560059,Churned,Dissatisfaction,Network reliability,1
0388-EOPEX,Female,28,Yes,Riverside,1,2,Yes,No,Yes,Fiber Optic,Yes,No,No,No,No,No,No,Yes,Month-to-Month,Yes,Bank Withdrawal,74.40000153,139.3999939,0,0,19.57999992,158.9799957,Churned,Attitude,Attitude of support person,1
0390-DCFDQ,Female,76,Yes,Los Alamitos,1,1,Yes,No,Yes,Fiber Optic,No,No,No,No,No,No,No,Yes,Month-to-Month,Yes,Mailed Check,70.44999695,70.44999695,0,0,15.27999973,85.73000336,Churned,Other,Don't know,1
0397-GZBBC,Male,70,Yes,South Dos Palos,0,59,Yes,Yes,Yes,Fiber Optic,No,No,No,No,Yes,Yes,No,Yes,Month-to-Month,Yes,Bank Withdrawal,93.84999847,5574.75,8.130000114,0,636.0200195,6202.640137,Churned,Price,Price too high,1
0404-SWRVG,Male,21,No,La Habra,0,3,Yes,Yes,Yes,Fiber Optic,No,No,No,No,No,No,Yes,Yes,Month-to-Month,Yes,Bank Withdrawal,74.40000153,229.5500031,8.739999771,0,43.79999924,264.6099854,Churned,Dissatisfaction,Product dissatisfaction,1
0406-BPDVR,Female,75,Yes,Visalia,0,54,Yes,Yes,Yes,Fiber Optic,No,Yes,No,No,Yes,Yes,Yes,Yes,One Year,Yes,Credit Card,101.5,5373.100098,0,0,1808.459961,7181.560059,Churned,Price,Lack of affordable download/upload speed,1
0407-BDJKB,Male,59,Yes,San Francisco,1,60,Yes,Yes,Yes,Fiber Optic,No,Yes,Yes,No,Yes,No,No,Yes,Month-to-Month,Yes,Bank Withdrawal,95.75,5742.899902,0,0,2113.199951,7856.100098,Churned,Dissatisfaction,Service dissatisfaction,1
0415-MOSGF,Female,58,No,Los Gatos,0,1,Yes,No,Yes,DSL,No,No,No,No,No,No,No,Yes,Month-to-Month,No,Credit Card,44.40000153,44.40000153,0,0,26.53000069,70.93000031,Churned,Attitude,Attitude of support person,1
0426-TIRNE,Female,54,No,Encino,0,1,Yes,No,No,,No,No,No,No,No,No,No,No,Month-to-Month,No,Credit Card,20.89999962,20.89999962,0,0,15.51000023,36.40999985,Churned,Dissatisfaction,Limited range of services,1
0431-APWVY,Female,37,Yes,Novato,1,28,Yes,No,Yes,Fiber Optic,No,No,No,No,Yes,Yes,Yes,Yes,One Year,Yes,Bank Withdrawal,90.09999847,2598.949951,0,0,512.6799927,3111.629883,Churned,Dissatisfaction,Poor expertise of online support,1
0447-BEMNG,Female,28,Yes,Wrightwood,3,48,No,No,Yes,Cable,Yes,No,Yes,No,No,Yes,Yes,No,Month-to-Month,Yes,Bank Withdrawal,45.29999924,2145,0,140,0,2285,Churned,Price,Price too high,1
0475-RIJEP,Male,47,No,Pinecrest,0,43,Yes,Yes,Yes,Fiber Optic,No,Yes,No,No,No,No,No,Yes,Month-to-Month,Yes,Bank Withdrawal,77.84999847,3365.850098,0,0,2112.590088,5478.439941,Churned,Price,Lack of affordable download/upload speed,1
0486-HECZI,Male,37,Yes,Torrance,0,55,Yes,Yes,Yes,Fiber Optic,Yes,Yes,No,No,Yes,No,No,Yes,Month-to-Month,Yes,Bank Withdrawal,96.75,5238.899902,0,0,2698.300049,7937.200195,Churned,Price,Long distance charges,1
0488-GSLFR,Female,41,No,Taylorsville,0,1,Yes,No,Yes,Fiber Optic,No,No,No,No,No,No,No,Yes,Month-to-Month,Yes,Bank Withdrawal,69.5,69.5,0,0,8.31000042,77.80999756,Churned,Dissatisfaction,Product dissatisfaction,1
0495-RVCBF,Female,39,No,Santa Rosa,0,1,Yes,No,Yes,Fiber Optic,No,No,No,No,No,Yes,Yes,Yes,Month-to-Month,Yes,Bank Withdrawal,79.69999695,79.69999695,0,0,33.88000107,113.5800018,Churned,Dissatisfaction,Poor expertise of online support,1
0495-ZBNGW,Male,78,Yes,Loma Mar,1,5,Yes,Yes,Yes,Fiber Optic,No,No,Yes,No,No,No,No,No,Month-to-Month,Yes,Bank Withdrawal,-1,343.9500122,0,20,33.29999924,397.25,Churned,Competitor,Competitor offered more data,1
0504-HHAPI,Female,72,No,Guinda,0,27,Yes,Yes,Yes,Fiber Optic,No,No,Yes,No,No,Yes,No,Yes,Month-to-Month,No,Credit Card,88.30000305,2467.75,0,0,457.3800049,2925.129883,Churned,Other,Don't know,1
0506-LVNGN,Female,78,No,Rancho Cordova,0,5,Yes,No,Yes,Fiber Optic,No,No,Yes,No,No,No,No,Yes,Month-to-Month,Yes,Credit Card,75.55000305,349.6499939,0,0,211.6499939,561.2999878,Churned,Competitor,Competitor had better devices,1
0511-JTEOY,Female,41,No,Canyon Dam,0,1,Yes,No,Yes,Fiber Optic,No,No,No,No,No,No,No,Yes,Month-to-Month,No,Mailed Check,71.09999847,71.09999847,0,0,10.18999958,81.29000092,Churned,Competitor,Competitor made better offer,1
0515-YPMCW,Male,42,No,San Jose,0,1,Yes,No,Yes,Fiber Optic,No,No,No,No,No,No,No,No,Month-to-Month,Yes,Credit Card,70.44999695,70.44999695,0,10,42.86999893,123.3199997,Churned,Competitor,Competitor had better devices,1
0516-VRYBW,Female,39,No,Stanton,0,18,Yes,No,No,,No,No,No,No,No,No,No,No,One Year,No,Bank Withdrawal,20.14999962,390.8500061,0,0,161.1000061,551.9500122,Churned,Attitude,Attitude of support person,1
0516-WJVXC,Female,21,No,Sacramento,0,5,Yes,No,Yes,DSL,Yes,No,No,Yes,No,No,No,Yes,Month-to-Month,No,Bank Withdrawal,54.20000076,308.25,0,0,18.04999924,326.2999878,Churned,Dissatisfaction,Network reliability,1
0519-XUZJU,Female,56,No,Felton,0,1,Yes,No,Yes,Fiber Optic,No,No,No,No,No,No,No,Yes,Month-to-Month,No,Mailed Check,70.75,70.75,0,0,26,96.75,Churned,Dissatisfaction,Service dissatisfaction,1
0524-IAVZO,Female,25,Yes,Anza,1,30,Yes,Yes,Yes,Fiber Optic,No,No,No,No,No,Yes,Yes,Yes,Month-to-Month,Yes,Bank Withdrawal,85,2624.25,0,0,144.6000061,2768.850098,Churned,Other,Don't know,1
0529-ONKER,Male,70,No,Forest Ranch,0,15,Yes,Yes,Yes,Fiber Optic,No,No,No,No,No,No,No,Yes,Month-to-Month,No,Bank Withdrawal,75.65000153,1146.650024,0,0,695.7000122,1842.349976,Churned,Attitude,Attitude of support person,1
0533-BNWKF,Female,66,Yes,San Diego,2,55,Yes,Yes,Yes,Fiber Optic,No,Yes,Yes,No,No,No,No,No,Month-to-Month,Yes,Bank Withdrawal,85.44999695,4874.700195,0,90,2355.100098,7319.799805,Churned,Competitor,Competitor made better offer,1
0564-JJHGS,Male,45,No,Guerneville,0,9,Yes,Yes,Yes,Fiber Optic,No,No,No,No,Yes,Yes,Yes,Yes,Month-to-Month,Yes,Bank Withdrawal,95.5,829.0999756,0,0,172.9799957,1002.080017,Churned,Dissatisfaction,Limited range of services,1
0565-IYCGT,Male,51,No,San Diego,0,69,Yes,Yes,Yes,DSL,Yes,Yes,Yes,Yes,No,Yes,Yes,Yes,One Year,Yes,Credit Card,78.59999847,5356.450195,0,0,2027.219971,7383.669922,Churned,Competitor,Competitor made better offer,1
0568-ONFPC,Male,34,Yes,San Francisco,1,5,Yes,Yes,No,,No,No,No,No,No,No,No,No,Month-to-Month,Yes,Bank Withdrawal,25.89999962,135,0,0,200.25,335.25,Churned,Other,Moved,1
0576-WNXXC,Male,70,Yes,Parlier,1,27,Yes,Yes,Yes,Fiber Optic,No,Yes,Yes,No,No,Yes,Yes,Yes,Month-to-Month,Yes,Bank Withdrawal,95.55000305,2510.199951,0,0,1066.22998,3576.429932,Churned,Dissatisfaction,Service dissatisfaction,1
0578-SKVMF,Female,23,Yes,Seeley,4,22,Yes,No,Yes,Cable,No,Yes,No,No,No,Yes,Yes,Yes,Month-to-Month,No,Bank Withdrawal,83.30000305,1845.900024,0,0,88.22000122,1934.119995,Churned,Competitor,Competitor had better devices,1
0581-MDMPW,Female,63,No,San Jose,0,24,Yes,Yes,Yes,Fiber Optic,No,No,Yes,No,Yes,No,No,Yes,Month-to-Month,Yes,Credit Card,88.94999695,2072.75,0,0,1058.160034,3130.909912,Stayed,Others,Others,1
0587-DMGBH,Female,48,No,Willows,0,8,Yes,No,Yes,Cable,Yes,No,No,No,No,No,No,No,Month-to-Month,Yes,Bank Withdrawal,49.84999847,365.5499878,13.01000023,10,302.3200073,664.8599854,Churned,Competitor,Competitor offered higher download speeds,1
0607-DAAHE,Male,62,No,Olivehurst,0,53,Yes,No,No,,No,No,No,No,No,No,No,No,Two Year,No,Bank Withdrawal,19.75,1052.349976,0,0,1389.130005,2441.47998,Churned,Price,Long distance charges,1
0611-DFXKO,Male,35,Yes,Comptche,1,20,Yes,No,Yes,Fiber Optic,No,No,No,No,Yes,Yes,Yes,Yes,Month-to-Month,Yes,Credit Card,89,1820.449951,0,0,361,2181.449951,Churned,Dissatisfaction,Service dissatisfaction,1
0612-RTZZA,Female,77,No,Vista,0,1,No,No,Yes,DSL,No,No,No,No,No,No,No,Yes,Month-to-Month,No,Bank Withdrawal,25.25,25.25,0,0,0,25.25,Churned,Price,Price too high,1
0616-ATFGB,Male,74,Yes,Shasta Lake,1,1,No,No,Yes,Cable,No,No,No,No,No,No,No,Yes,Month-to-Month,No,Bank Withdrawal,25.04999924,25.04999924,0,0,0,25.04999924,Churned,Competitor,Competitor had better devices,1
0617-AQNWT,Female,61,Yes,North Hills,5,64,No,No,Yes,DSL,Yes,No,Yes,Yes,No,Yes,Yes,Yes,Two Year,No,Bank Withdrawal,47.84999847,3147.5,0,0,0,3147.5,Churned,Competitor,Competitor made better offer,1
0618-XWMSS,Male,60,No,Wasco,0,28,Yes,No,Yes,Fiber Optic,Yes,No,No,No,No,No,No,Yes,Month-to-Month,Yes,Bank Withdrawal,74.90000153,2068.550049,0,0,1239.839966,3308.389893,Churned,Price,Long distance charges,1
0621-TWIEM,Male,28,No,Newhall,0,10,Yes,No,Yes,Cable,No,No,No,No,No,No,Yes,Yes,Month-to-Month,Yes,Bank Withdrawal,45.54999924,402.6000061,0,0,344.3999939,747,Churned,Attitude,Attitude of support person,1
0623-IIHUG,Female,77,No,San Diego,0,21,No,No,Yes,Cable,Yes,No,No,No,Yes,No,No,Yes,Month-to-Month,Yes,Bank Withdrawal,-10,840.0999756,0,0,0,840.0999756,Churned,Competitor,Competitor made better offer,1
0628-CNQRM,Male,49,Yes,Temecula,1,22,Yes,No,Yes,Cable,Yes,No,Yes,Yes,Yes,No,No,Yes,One Year,Yes,Bank Withdrawal,67.5,1544.050049,0,0,435.6000061,1979.650024,Churned,Other,Don't know,1
0634-SZPQA,Female,64,No,San Anselmo,0,23,Yes,Yes,Yes,Fiber Optic,Yes,No,No,No,Yes,No,No,Yes,Month-to-Month,Yes,Bank Withdrawal,90.05000305,2169.800049,27.37999916,0,81.65000153,2224.070068,Churned,Competitor,Competitor offered higher download speeds,1
0637-KVDLV,Male,30,No,Elk Grove,0,2,Yes,Yes,Yes,Fiber Optic,No,No,No,No,No,No,No,Yes,Month-to-Month,Yes,Bank Withdrawal,76.5,162.4499969,0,0,34.43999863,196.8899994,Churned,Other,Don't know,1
0637-UBJRP,Male,40,Yes,Wilton,5,13,Yes,No,Yes,Fiber Optic,Yes,No,No,No,No,Yes,Yes,Yes,Month-to-Month,No,Bank Withdrawal,84.05000305,1095.300049,23.96999931,0,388.9599915,1460.290039,Churned,Competitor,Competitor offered higher download speeds,1
0637-YLETY,Female,39,No,Douglas City,0,16,Yes,Yes,Yes,Fiber Optic,No,Yes,Yes,No,No,Yes,Yes,Yes,Month-to-Month,Yes,Credit Card,95.59999847,1555.650024,0,0,303.8399963,1859.48999,Churned,Attitude,Attitude of service provider,1
0639-TSIQW,Female,28,No,White Water,0,67,Yes,Yes,Yes,Fiber Optic,Yes,Yes,Yes,No,Yes,No,No,Yes,Month-to-Month,Yes,Credit Card,102.9499969,6886.25,0,0,2512.5,9398.75,Churned,Competitor,Competitor offered more data,1
0643-OKLRP,Female,73,Yes,Azusa,1,47,Yes,Yes,Yes,Fiber Optic,Yes,No,No,No,No,No,No,No,Month-to-Month,No,Bank Withdrawal,80.34999847,3825.850098,0,90,1800.569946,5716.419922,Churned,Dissatisfaction,Network reliability,1
0654-HMSHN,Male,45,Yes,Mojave,1,21,Yes,Yes,Yes,Fiber Optic,No,Yes,Yes,No,Yes,Yes,Yes,Yes,Month-to-Month,No,Bank Withdrawal,104.4000015,2157.949951,0,0,895.6500244,3053.600098,Churned,Attitude,Attitude of support person,1
0655-RBDUG,Male,32,No,Alviso,0,7,Yes,Yes,Yes,Fiber Optic,No,No,Yes,No,Yes,Yes,Yes,Yes,Month-to-Month,Yes,Bank Withdrawal,98.05000305,713,0,0,64.75,777.75,Churned,Competitor,Competitor had better devices,1
0661-XEYAN,Female,76,No,Nevada City,0,1,No,No,Yes,DSL,No,No,No,No,No,No,No,No,Month-to-Month,Yes,Mailed Check,25.79999924,25.79999924,0,20,0,45.79999924,Churned,Competitor,Competitor had better devices,1
0679-IDSTG,Female,73,Yes,Branscomb,1,1,Yes,No,Yes,Fiber Optic,No,No,No,No,No,No,No,Yes,Month-to-Month,Yes,Bank Withdrawal,69.25,69.25,0,0,37.29999924,106.5500031,Churned,Competitor,Competitor had better devices,1
0680-DFNNY,Male,62,Yes,Winters,1,15,Yes,Yes,Yes,Fiber Optic,No,No,Yes,No,Yes,Yes,Yes,Yes,Month-to-Month,Yes,Bank Withdrawal,101.0999985,1504.050049,0,0,610.5,2114.550049,Churned,Competitor,Competitor offered more data,1
0684-AOSIH,Male,42,Yes,Oro Grande,1,1,Yes,No,Yes,Cable,Yes,No,No,No,Yes,Yes,Yes,Yes,Month-to-Month,Yes,Bank Withdrawal,95,95,0,0,12.03999996,107.0400009,Churned,Dissatisfaction,Network reliability,1
0685-MLYYM,Female,74,No,Buena Park,0,2,Yes,No,Yes,Fiber Optic,No,No,No,No,No,No,No,Yes,Month-to-Month,No,Bank Withdrawal,70.75,154.8500061,0,0,19.71999931,174.5700073,Churned,Price,Long distance charges,1
0687-ZVTHB,Male,24,Yes,Richmond,1,65,Yes,Yes,Yes,Cable,Yes,Yes,Yes,No,No,Yes,Yes,Yes,One Year,No,Credit Card,72.44999695,4653.850098,14.22999954,0,1738.75,6378.370117,Churned,Competitor,Competitor offered more data,1
0689-NKYLF,Male,42,No,Los Angeles,0,13,Yes,No,Yes,Fiber Optic,No,No,Yes,No,Yes,No,No,Yes,Month-to-Month,Yes,Bank Withdrawal,83.19999695,1060.599976,0,0,460.2000122,1520.800049,Churned,Attitude,Attitude of support person,1
0691-IFBQW,Female,65,No,Biola,0,46,Yes,Yes,Yes,Fiber Optic,Yes,Yes,Yes,No,Yes,Yes,Yes,Yes,One Year,Yes,Bank Withdrawal,110,4874.799805,0,0,109.0199966,4983.819824,Churned,Competitor,Competitor made better offer,1
0697-ZMSWS,Male,19,No,Los Angeles,0,4,Yes,Yes,Yes,Fiber Optic,No,No,No,No,No,Yes,Yes,Yes,Month-to-Month,Yes,Bank Withdrawal,85.65000153,338.8999939,0,0,27.63999939,366.5400085,Churned,Dissatisfaction,Limited range of services,1
0702-PGIBZ,Male,28,No,Dutch Flat,0,4,Yes,Yes,Yes,Fiber Optic,No,Yes,No,No,Yes,Yes,Yes,Yes,Month-to-Month,Yes,Bank Withdrawal,101.6999969,364.5499878,1.480000019,0,104.6399994,467.7099915,Churned,Competitor,Competitor made better offer,1
0709-TVGUR,Female,70,No,Stockton,0,9,Yes,Yes,Yes,Fiber Optic,No,No,No,No,No,No,No,Yes,Month-to-Month,Yes,Bank Withdrawal,74.55000305,622.9000244,33.25,0,158.0399933,747.6900024,Churned,Competitor,Competitor had better devices,1
0719-SYFRB,Female,52,No,Norco,0,12,Yes,Yes,Yes,DSL,Yes,No,Yes,Yes,No,No,No,Yes,Month-to-Month,Yes,Mailed Check,61.65000153,713.75,0,0,434.8800049,1148.630005,Churned,Competitor,Competitor offered higher download speeds,1
0722-SVSFK,Female,45,No,Half Moon Bay,0,7,Yes,No,Yes,Fiber Optic,No,No,Yes,Yes,Yes,Yes,Yes,Yes,Month-to-Month,Yes,Bank Withdrawal,100.4000015,715,0,0,273.1400146,988.1400146,Stayed,Others,Others,1
0722-TROQR,Female,68,No,Davis,0,4,Yes,Yes,Yes,Fiber Optic,No,No,No,No,No,No,No,Yes,Month-to-Month,Yes,Bank Withdrawal,74.90000153,321.75,0,0,104.9199982,426.6700134,Churned,Price,Lack of affordable download/upload speed,1
0723-DRCLG,Female,73,Yes,Fallbrook,1,1,Yes,Yes,Yes,Fiber Optic,No,No,No,No,No,No,No,No,Month-to-Month,Yes,Bank Withdrawal,74.44999695,74.44999695,0,10,31.27000046,115.7200012,Churned,Other,Don't know,1
0727-IWKVK,Male,35,Yes,Yermo,0,9,Yes,No,Yes,Fiber Optic,No,Yes,Yes,No,No,No,No,Yes,Month-to-Month,Yes,Bank Withdrawal,79.90000153,741.7000122,0,0,172.6199951,914.3200073,Churned,Price,Extra data charges,1
0730-KOAVE,Male,53,No,Redwood City,0,30,Yes,Yes,Yes,Fiber Optic,Yes,Yes,No,No,No,Yes,Yes,Yes,Month-to-Month,Yes,Credit Card,94.30000305,2679.699951,0,0,1249.800049,3929.5,Stayed,Others,Others,1
0733-VUNUW,Male,43,No,San Francisco,0,24,Yes,Yes,Yes,DSL,Yes,No,No,No,No,No,No,No,Month-to-Month,Yes,Bank Withdrawal,55.65000153,1400.550049,0,60,215.7599945,1676.310059,Churned,Competitor,Competitor had better devices,1
0742-MOABM,Male,50,Yes,Fallbrook,2,4,Yes,No,Yes,Cable,No,No,No,Yes,No,No,No,Yes,Month-to-Month,No,Credit Card,50.04999924,179.3500061,0,0,38.68000031,218.0299988,Churned,Competitor,Competitor made better offer,1
0742-NXBGR,Female,64,No,Adin,0,1,Yes,No,Yes,Fiber Optic,No,Yes,Yes,No,No,No,No,Yes,Month-to-Month,Yes,Bank Withdrawal,82.30000305,82.30000305,0,0,33.40999985,115.7099991,Churned,Competitor,Competitor had better devices,1
0746-JTRFU,Male,22,No,Kingsburg,0,2,No,No,Yes,Cable,No,No,No,No,No,No,Yes,Yes,Month-to-Month,Yes,Bank Withdrawal,25.04999924,56.34999847,0,0,0,56.34999847,Churned,Dissatisfaction,Product dissatisfaction,1
0748-RDGGM,Male,38,Yes,Tarzana,1,70,Yes,No,Yes,Fiber Optic,Yes,Yes,Yes,Yes,Yes,Yes,Yes,Yes,One Year,Yes,Bank Withdrawal,109.5,7534.649902,0,0,2774.100098,10308.75,Churned,Price,Long distance charges,1
0754-UKWQP,Male,63,No,Cool,0,2,Yes,No,Yes,Fiber Optic,No,No,Yes,No,Yes,Yes,Yes,Yes,Month-to-Month,Yes,Bank Withdrawal,95.84999847,197.6999969,0,0,74.86000061,272.5599976,Churned,Competitor,Competitor had better devices,1
0761-AETCS,Female,58,No,Colton,0,1,Yes,No,No,,No,No,No,No,No,No,No,No,Month-to-Month,No,Bank Withdrawal,19.29999924,19.29999924,0,0,25.62000084,44.91999817,Churned,Attitude,Attitude of support person,1
0772-GYEQQ,Male,33,No,Lodi,0,3,Yes,No,Yes,Fiber Optic,No,No,Yes,Yes,Yes,No,No,Yes,Month-to-Month,Yes,Credit Card,88.34999847,262.0499878,0,0,148.1999969,410.25,Churned,Competitor,Competitor offered more data,1
0778-NELLA,Male,43,No,Anaheim,0,9,No,No,Yes,DSL,No,No,No,No,Yes,No,No,Yes,Month-to-Month,Yes,Credit Card,34.70000076,296.1000061,0,0,0,296.1000061,Churned,Competitor,Competitor offered higher download speeds,1
0781-LKXBR,Male,65,No,San Francisco,0,9,Yes,Yes,Yes,Fiber Optic,No,No,Yes,No,Yes,Yes,Yes,Yes,Month-to-Month,Yes,Bank Withdrawal,100.5,918.5999756,0,0,438.3900146,1356.98999,Churned,Competitor,Competitor had better devices,1
0786-VSSUD,Male,68,No,San Diego,0,16,No,No,Yes,DSL,No,Yes,No,No,Yes,No,No,Yes,Month-to-Month,Yes,Mailed Check,39,679.8499756,0,0,0,679.8499756,Churned,Competitor,Competitor had better devices,1
0807-ZABDG,Female,43,No,Woodland,0,3,Yes,No,Yes,Cable,Yes,No,No,Yes,No,No,No,Yes,Month-to-Month,Yes,Mailed Check,55.09999847,154.6499939,0,0,78.12000275,232.7700043,Churned,Competitor,Competitor offered higher download speeds,1
0812-WUPTB,Male,65,Yes,Corona Del Mar,1,1,Yes,No,Yes,Fiber Optic,No,No,No,No,No,No,No,Yes,Month-to-Month,No,Credit Card,70.84999847,70.84999847,0,0,49.59999847,120.4499969,Churned,Price,Long distance charges,1
0818-OCPZO,Male,80,No,Los Angeles,0,27,Yes,Yes,Yes,Fiber Optic,No,Yes,No,No,No,No,No,Yes,Month-to-Month,Yes,Bank Withdrawal,81.44999695,2122.050049,0,0,1158.569946,3280.620117,Churned,Competitor,Competitor offered more data,1
0822-GAVAP,Female,19,No,Posey,0,2,No,No,Yes,DSL,No,No,No,No,No,Yes,Yes,Yes,Month-to-Month,Yes,Bank Withdrawal,34.70000076,62.25,0,0,0,62.25,Churned,Competitor,Competitor made better offer,1
0823-HSCDJ,Male,76,No,Temecula,0,52,No,No,Yes,DSL,No,Yes,No,No,Yes,Yes,Yes,No,Month-to-Month,Yes,Bank Withdrawal,49.15000153,2550.899902,0,30,0,2580.899902,Churned,Competitor,Competitor made better offer,1
0836-SEYLU,Male,64,Yes,San Diego,2,9,No,No,Yes,DSL,No,No,No,Yes,Yes,No,No,Yes,Month-to-Month,No,Mailed Check,40.65000153,328.9500122,0,0,0,328.9500122,Churned,Competitor,Competitor had better devices,1
0841-NULXI,Male,38,No,Stockton,0,1,No,No,Yes,DSL,No,No,No,No,No,Yes,Yes,Yes,Month-to-Month,Yes,Bank Withdrawal,35.54999924,35.54999924,0,0,0,35.54999924,Churned,Other,Don't know,1
0866-QLSIR,Female,53,No,Garden Grove,0,34,Yes,Yes,Yes,DSL,Yes,Yes,No,Yes,No,No,No,Yes,One Year,Yes,Mailed Check,64.40000153,2088.75,0,0,1169.939941,3258.689941,Churned,Attitude,Attitude of support person,1
0867-MKZVY,Female,26,Yes,Altadena,5,20,Yes,Yes,Yes,Fiber Optic,Yes,No,No,No,No,No,Yes,Yes,Month-to-Month,No,Bank Withdrawal,82.40000153,1592.349976,33.43000031,0,732,2290.919922,Churned,Price,Price too high,1
0871-URUWO,Male,36,Yes,Sheep Ranch,1,13,Yes,Yes,Yes,Fiber Optic,No,No,Yes,No,Yes,Yes,Yes,Yes,Month-to-Month,Yes,Credit Card,102.25,1359,0,0,397.1499939,1756.150024,Churned,Competitor,Competitor had better devices,1
0872-NXJYS,Female,40,No,West Hollywood,0,9,Yes,No,Yes,Fiber Optic,No,No,No,No,No,Yes,Yes,Yes,Month-to-Month,Yes,Bank Withdrawal,79.55000305,723.4000244,0,0,408.6900024,1132.089966,Churned,Competitor,Competitor offered more data,1
0875-CABNR,Female,70,No,San Luis Obispo,0,10,Yes,No,Yes,Fiber Optic,No,No,Yes,No,No,Yes,Yes,Yes,Month-to-Month,Yes,Credit Card,84.59999847,865.5499878,0,0,168.5,1034.050049,Churned,Attitude,Attitude of support person,1
0876-WDUUZ,Female,62,No,Pine Grove,0,5,Yes,No,Yes,Fiber Optic,No,No,No,Yes,No,Yes,Yes,Yes,Month-to-Month,Yes,Credit Card,85.40000153,425.8999939,0,0,217.5500031,643.4500122,Churned,Price,Long distance charges,1
0877-SDMBN,Female,20,No,San Diego,0,54,Yes,Yes,Yes,Fiber Optic,Yes,No,Yes,No,Yes,Yes,Yes,Yes,One Year,Yes,Bank Withdrawal,103.9499969,5639.049805,0,0,2347.379883,7986.430176,Churned,Competitor,Competitor made better offer,1
0880-TKATG,Male,21,Yes,Lucerne Valley,3,4,Yes,Yes,Yes,Fiber Optic,No,No,Yes,No,Yes,Yes,Yes,Yes,Month-to-Month,No,Bank Withdrawal,101.1500015,385.8999939,0,0,38.24000168,424.1400146,Churned,Competitor,Competitor had better devices,1
0883-EIBTI,Female,23,No,Clarksburg,0,2,Yes,No,No,,No,No,No,No,No,No,No,No,Month-to-Month,No,Mailed Check,19.5,31.54999924,0,0,56.04000092,87.58999634,Churned,Dissatisfaction,Limited range of services,1
0886-QGENL,Female,72,Yes,San Diego,1,27,Yes,No,Yes,Fiber Optic,Yes,No,Yes,No,Yes,Yes,No,Yes,Month-to-Month,Yes,Bank Withdrawal,101.25,2754.449951,0,0,1237.140015,3991.590088,Churned,Attitude,Attitude of service provider,1
0887-HJGAR,Male,57,No,Coalinga,0,1,Yes,No,Yes,DSL,No,No,No,No,No,No,No,Yes,Month-to-Month,Yes,Mailed Check,45.70000076,45.70000076,0,0,5.550000191,51.25,Churned,Competitor,Competitor offered higher download speeds,1
0897-FEGMU,Female,43,Yes,Los Angeles,1,11,Yes,Yes,Yes,Fiber Optic,No,No,Yes,No,Yes,Yes,Yes,Yes,Month-to-Month,Yes,Bank Withdrawal,99.5,1056.949951,0,0,341.8800049,1398.829956,Churned,Dissatisfaction,Network reliability,1
0917-EZOLA,Male,66,Yes,Lakewood,0,72,Yes,Yes,Yes,Fiber Optic,No,Yes,Yes,No,Yes,Yes,No,Yes,Two Year,Yes,Bank Withdrawal,104.1500015,7689.950195,0,0,434.1600037,8124.109863,Churned,Price,Extra data charges,1
0923-PNFUB,Female,55,No,Westlake Village,0,3,Yes,No,Yes,Fiber Optic,No,Yes,No,No,Yes,No,No,Yes,Month-to-Month,No,Bank Withdrawal,83.75,247.25,0,0,139.0800018,386.3299866,Churned,Attitude,Attitude of support person,1
0925-VYDLG,Female,40,No,Ludlow,0,3,Yes,Yes,Yes,Fiber Optic,No,No,No,No,No,No,No,Yes,Month-to-Month,No,Bank Withdrawal,75.25,242,0,0,53.61000061,295.6099854,Churned,Attitude,Attitude of service provider,1
0939-YAPAF,Female,44,No,Santa Ana,0,35,Yes,Yes,Yes,Fiber Optic,No,No,Yes,No,Yes,Yes,Yes,Yes,Month-to-Month,Yes,Bank Withdrawal,100.25,3527.600098,0,0,367.1499939,3894.75,Churned,Competitor,Competitor offered higher download speeds,1
0940-OUQEC,Male,54,No,Winters,0,10,Yes,Yes,Yes,Fiber Optic,No,Yes,No,No,No,No,No,No,Month-to-Month,Yes,Bank Withdrawal,80.69999695,788.7999878,38.41999817,50,170.6999969,971.0800171,Churned,Competitor,Competitor offered more data,1
0946-CLJTI,Male,67,Yes,Palmdale,1,58,Yes,Yes,Yes,Fiber Optic,No,No,Yes,No,Yes,Yes,Yes,Yes,Month-to-Month,Yes,Bank Withdrawal,98.69999695,5812.600098,0,0,184.4400024,5997.040039,Churned,Competitor,Competitor had better devices,1
0947-IDHRQ,Female,21,No,Woodland Hills,0,7,Yes,No,Yes,Fiber Optic,No,No,No,No,Yes,No,Yes,No,Month-to-Month,Yes,Mailed Check,80.30000305,526.7000122,0,10,274.4700012,811.1699829,Churned,Competitor,Competitor made better offer,1
0947-MUGVO,Male,71,Yes,Jolon,1,20,Yes,No,Yes,Fiber Optic,No,Yes,No,No,No,No,No,Yes,Month-to-Month,Yes,Bank Withdrawal,73.65000153,1463.5,0,0,107.4000015,1570.900024,Churned,Competitor,Competitor had better devices,1
0952-KMEEH,Male,46,No,Mountain View,0,13,Yes,Yes,Yes,Fiber Optic,Yes,No,No,No,Yes,Yes,Yes,No,Month-to-Month,No,Mailed Check,98.15000153,1230.25,0,40,43.68000031,1313.930054,Churned,Price,Long distance charges,1
0968-GSIKN,Female,23,No,Thousand Palms,0,1,Yes,No,Yes,Fiber Optic,No,No,No,No,No,No,Yes,Yes,Month-to-Month,Yes,Mailed Check,70.80000305,70.80000305,0,0,30.60000038,101.4000015,Churned,Competitor,Competitor made better offer,1
0970-ETWGE,Male,38,No,Bodfish,0,1,Yes,No,Yes,Cable,No,No,No,No,Yes,Yes,Yes,Yes,Month-to-Month,Yes,Bank Withdrawal,89.55000305,89.55000305,0,0,42.45999908,132.0099945,Churned,Competitor,Competitor had better devices,1
0979-PHULV,Male,30,Yes,San Diego,2,69,Yes,Yes,Yes,Fiber Optic,No,No,Yes,No,Yes,Yes,Yes,Yes,Month-to-Month,Yes,Credit Card,99.44999695,7007.600098,0,0,3367.199951,10374.7998,Churned,Competitor,Competitor made better offer,1
0991-BRRFB,Male,31,No,Corona,0,18,Yes,No,Yes,DSL,Yes,No,No,No,No,No,No,Yes,Month-to-Month,No,Bank Withdrawal,49.40000153,874.7999878,0,0,375.480011,1250.280029,Churned,Other,Deceased,1
1000-AJSLD,Male,25,No,San Diego,0,1,Yes,No,No,,No,No,No,No,No,No,No,No,Month-to-Month,Yes,Mailed Check,20.10000038,20.10000038,0,0,4.110000134,24.20999908,Churned,Competitor,Competitor made better offer,1
1009-IRMNA,Female,27,No,Port Hueneme,0,7,Yes,No,No,,No,No,No,No,No,No,No,No,Month-to-Month,No,Bank Withdrawal,20,137.6000061,0,0,112.2799988,249.8800049,Churned,Attitude,Attitude of support person,1
1010-DIAUQ,Male,54,No,San Diego,0,5,Yes,No,Yes,Fiber Optic,No,No,Yes,No,Yes,Yes,Yes,Yes,Month-to-Month,No,Bank Withdrawal,96.5,492.5499878,0,0,104.3000031,596.8499756,Churned,Competitor,Competitor made better offer,1
1024-GUALD,Female,29,Yes,Glendale,4,1,No,No,Yes,DSL,No,No,No,No,No,No,Yes,Yes,Month-to-Month,Yes,Bank Withdrawal,-4,24.79999924,0,0,0,24.79999924,Churned,Dissatisfaction,Product dissatisfaction,1
1024-VRZHF,Male,39,Yes,San Diego,1,11,Yes,Yes,Yes,Fiber Optic,No,No,No,No,No,No,No,Yes,Month-to-Month,Yes,Bank Withdrawal,-7,825.7000122,0,0,237.3800049,1063.079956,Churned,Competitor,Competitor made better offer,1
1029-QFBEN,Male,27,No,San Diego,0,1,Yes,No,No,,No,No,No,No,No,No,No,No,Month-to-Month,No,Mailed Check,19.54999924,19.54999924,0,0,38.43999863,57.99000168,Churned,Competitor,Competitor made better offer,1
1031-IIDEO,Female,51,No,Sierra City,0,1,Yes,No,Yes,Fiber Optic,No,No,No,No,No,No,No,Yes,Month-to-Month,Yes,Bank Withdrawal,70.84999847,70.84999847,0,0,27.04999924,97.90000153,Churned,Dissatisfaction,Network reliability,1
1038-ZAGBI,Female,59,Yes,Fresno,1,12,Yes,No,No,,No,No,No,No,No,No,No,No,One Year,No,Bank Withdrawal,19.79999924,229.6000061,0,0,451.7999878,681.4000244,Churned,Attitude,Attitude of support person,1
1041-RXHRA,Female,25,No,Guatay,0,41,Yes,No,Yes,Fiber Optic,No,No,No,No,No,No,Yes,Yes,Month-to-Month,No,Bank Withdrawal,70.25,2868.050049,0,0,1671.97998,4540.029785,Churned,Attitude,Attitude of support person,1
1043-YCUTE,Male,19,Yes,Hayward,1,56,Yes,Yes,No,,No,No,No,No,No,No,No,No,Two Year,Yes,Credit Card,25.14999962,1327.150024,0,0,739.2000122,2066.350098,Churned,Dissatisfaction,Service dissatisfaction,1
1062-LHZOD,Male,49,Yes,San Diego,0,1,Yes,No,Yes,Fiber Optic,No,No,No,No,No,No,No,Yes,Month-to-Month,Yes,Mailed Check,69.90000153,69.90000153,0,0,4.989999771,74.88999939,Churned,Competitor,Competitor made better offer,1
1066-JKSGK,Male,29,No,Los Angeles,0,1,Yes,No,No,,No,No,No,No,No,No,No,No,Month-to-Month,No,Credit Card,20.14999962,20.14999962,0,0,33.58000183,53.72999954,Churned,Competitor,Competitor made better offer,1
1069-XAIEM,Female,68,No,Mendocino,0,1,Yes,Yes,Yes,Fiber Optic,No,No,No,No,No,Yes,Yes,Yes,Month-to-Month,Yes,Bank Withdrawal,85.05000305,85.05000305,0,0,16.37000084,101.4199982,Churned,Competitor,Competitor had better devices,1
1075-BGWOH,Male,69,Yes,Rosemead,1,16,Yes,Yes,Yes,Fiber Optic,No,No,Yes,No,Yes,Yes,No,Yes,Month-to-Month,Yes,Bank Withdrawal,98.75,1587.550049,0,0,242.5599976,1830.109985,Churned,Attitude,Attitude of support person,1
1084-UQCHV,Male,35,No,Angelus Oaks,0,1,Yes,No,Yes,Fiber Optic,No,No,No,No,No,No,No,Yes,Month-to-Month,No,Bank Withdrawal,-7,69.75,0,0,27.96999931,97.72000122,Churned,Attitude,Attitude of support person,1
1086-LXKFY,Female,46,Yes,Westwood,1,1,Yes,No,Yes,Fiber Optic,No,No,No,No,No,No,No,Yes,Month-to-Month,Yes,Credit Card,69.09999847,69.09999847,0,0,16.54999924,85.65000153,Churned,Other,Don't know,1
1087-UDSIH,Female,38,No,Concord,0,3,Yes,No,No,,No,No,No,No,No,No,No,No,Month-to-Month,Yes,Credit Card,19.60000038,59.75,0,0,39.84000015,99.58999634,Churned,Attitude,Attitude of support person,1
1095-JUDTC,Female,78,No,Woodbridge,0,47,Yes,Yes,Yes,Fiber Optic,No,Yes,No,Yes,Yes,No,No,Yes,Month-to-Month,Yes,Bank Withdrawal,95.05000305,4504.549805,0,0,668.3400269,5172.890137,Churned,Competitor,Competitor offered higher download speeds,1
1112-CUNAO,Female,67,No,Grimes,0,15,Yes,Yes,Yes,Fiber Optic,No,Yes,No,No,No,Yes,No,Yes,Month-to-Month,No,Bank Withdrawal,89.84999847,1424.949951,0,0,64.19999695,1489.150024,Churned,Dissatisfaction,Service dissatisfaction,1
1113-IUJYX,Female,59,Yes,Winnetka,3,14,Yes,No,Yes,Fiber Optic,Yes,Yes,No,Yes,Yes,Yes,Yes,Yes,One Year,No,Credit Card,105.9499969,1348.900024,0,0,78.81999969,1427.719971,Churned,Competitor,Competitor offered higher download speeds,1
1114-CENIM,Male,43,No,San Jacinto,0,54,Yes,Yes,Yes,Cable,No,Yes,No,No,No,No,No,Yes,Month-to-Month,Yes,Credit Card,55,3092.649902,0,0,361.7999878,3454.449951,Churned,Other,Don't know,1
1120-BMWUB,Female,36,No,Los Angeles,0,16,Yes,No,Yes,DSL,No,Yes,No,Yes,No,No,No,No,Month-to-Month,Yes,Credit Card,53.90000153,834.1500244,0,40,109.7600021,983.9099731,Churned,Other,Don't know,1
1122-JWTJW,Male,64,Yes,Ocotillo,1,1,Yes,No,Yes,Fiber Optic,No,No,No,No,No,No,No,Yes,Month-to-Month,Yes,Credit Card,70.65000153,70.65000153,0,0,37.68000031,108.3300018,Churned,Competitor,Competitor had better devices,1
1142-WACZW,Male,64,No,Chico,0,2,No,No,Yes,Cable,No,No,No,Yes,No,No,No,Yes,Month-to-Month,No,Bank Withdrawal,29.85000038,75.59999847,0,0,0,75.59999847,Churned,Other,Don't know,1
1143-NMNQJ,Female,39,No,Boulder Creek,0,2,Yes,Yes,Yes,Fiber Optic,No,No,No,No,No,Yes,Yes,Yes,Month-to-Month,Yes,Bank Withdrawal,85.69999695,169.8000031,0,0,28.13999939,197.9400024,Churned,Attitude,Attitude of service provider,1
1150-WFARN,Female,59,Yes,Brawley,1,67,Yes,Yes,Yes,Fiber Optic,Yes,No,Yes,Yes,Yes,Yes,Yes,Yes,Two Year,Yes,Credit Card,108.75,7156.200195,0,0,2154.050049,9310.25,Churned,Competitor,Competitor had better devices,1
1157-BQCUW,Male,59,No,Fall River Mills,0,1,Yes,Yes,Yes,Fiber Optic,No,No,No,No,No,No,No,Yes,Month-to-Month,Yes,Bank Withdrawal,74.94999695,74.94999695,0,0,30.06999969,105.0199966,Churned,Competitor,Competitor had better devices,1
1184-PJVDB,Male,38,Yes,Amador City,1,10,Yes,No,Yes,Fiber Optic,No,No,No,No,Yes,No,No,Yes,Month-to-Month,Yes,Bank Withdrawal,79.94999695,857.2000122,0,0,113,970.2000122,Churned,Competitor,Competitor had better devices,1
1193-RTSLK,Female,26,No,Happy Camp,0,38,Yes,No,Yes,Fiber Optic,Yes,Yes,Yes,No,No,No,Yes,Yes,Month-to-Month,Yes,Credit Card,83.90000153,3233.600098,0,0,1374.839966,4608.439941,Churned,Competitor,Competitor offered higher download speeds,1
1195-OIYEJ,Male,54,No,La Puente,0,13,Yes,No,Yes,Fiber Optic,No,No,No,No,Yes,Yes,Yes,No,Month-to-Month,Yes,Bank Withdrawal,91.09999847,1135.699951,0,80,70.58999634,1286.290039,Churned,Attitude,Attitude of support person,1
1196-AMORA,Male,63,No,Big Creek,0,7,Yes,Yes,Yes,Fiber Optic,No,No,No,No,No,No,No,Yes,Month-to-Month,No,Bank Withdrawal,73.59999847,520,0,0,266.4899902,786.4899902,Churned,Competitor,Competitor offered more data,1
1205-WNWPJ,Female,54,No,Lakehead,0,7,Yes,No,Yes,DSL,No,No,No,Yes,Yes,No,No,Yes,Month-to-Month,Yes,Credit Card,59.5,415.9500122,0,0,15.68000031,431.6300049,Churned,Other,Moved,1
1208-DNHLN,Male,60,Yes,Grizzly Flats,1,23,Yes,Yes,Yes,DSL,No,No,No,No,No,No,No,Yes,One Year,Yes,Credit Card,48.34999847,1067.150024,0,0,133.3999939,1200.550049,Churned,Other,Don't know,1
1213-NGCUN,Female,49,No,San Diego,0,6,Yes,No,Yes,DSL,No,No,No,Yes,No,No,No,Yes,Month-to-Month,Yes,Bank Withdrawal,49.65000153,267.3500061,0,0,293.3399963,560.6900024,Churned,Dissatisfaction,Lack of self-service on Website,1
1218-VKFPE,Female,48,Yes,Anaheim,1,12,Yes,No,No,,No,No,No,No,No,No,No,No,Month-to-Month,No,Credit Card,19,233.5500031,0,0,233.7599945,467.3099976,Churned,Competitor,Competitor made better offer,1
1226-UDFZR,Female,26,No,Lafayette,0,2,Yes,No,Yes,Cable,No,Yes,No,No,No,No,No,Yes,Month-to-Month,Yes,Credit Card,49.59999847,114.6999969,0,0,42.56000137,157.2599945,Churned,Dissatisfaction,Network reliability,1
1236-WFCDV,Male,74,No,Greenbrae,0,14,Yes,No,Yes,Fiber Optic,No,No,No,No,Yes,Yes,No,Yes,Month-to-Month,No,Credit Card,90.44999695,1266.099976,0,0,158.3399963,1424.439941,Churned,Competitor,Competitor offered more data,1
1240-KNSEZ,Male,63,No,San Diego,0,1,Yes,No,No,,No,No,No,No,No,No,No,No,Month-to-Month,Yes,Credit Card,20.10000038,20.10000038,0,0,40.83000183,60.93000031,Churned,Price,Long distance charges,1
1251-KRREG,Male,22,No,North Hollywood,0,2,Yes,Yes,Yes,DSL,No,Yes,No,No,No,No,Yes,Yes,Month-to-Month,Yes,Credit Card,54.40000153,114.0999985,0,0,88.62000275,202.7200012,Churned,Price,Price too high,1
1254-IZEYF,Female,74,No,Cutler,0,31,Yes,Yes,Yes,Fiber Optic,No,Yes,No,No,Yes,Yes,No,Yes,Month-to-Month,Yes,Bank Withdrawal,99.94999695,3186.649902,0,0,1220.160034,4406.810059,Churned,Competitor,Competitor made better offer,1
1260-TTRXI,Male,64,No,Planada,0,4,Yes,No,Yes,DSL,No,No,No,No,No,Yes,Yes,No,Month-to-Month,No,Bank Withdrawal,54.29999924,195.3000031,0,80,160.6000061,435.8999939,Churned,Price,Long distance charges,1
1262-OPMFY,Female,46,Yes,San Diego,1,9,Yes,No,Yes,Fiber Optic,No,No,Yes,No,No,No,No,Yes,Month-to-Month,Yes,Bank Withdrawal,75.75,655.9000244,0,0,285.75,941.6500244,Churned,Competitor,Competitor made better offer,1
1264-BYWMS,Male,40,No,La Grange,0,55,Yes,Yes,Yes,Fiber Optic,No,No,No,No,Yes,Yes,Yes,Yes,Month-to-Month,Yes,Bank Withdrawal,96.80000305,5283.950195,0,0,2605.899902,7889.850098,Churned,Competitor,Competitor offered more data,1
1265-XTECC,Female,68,Yes,Madera,5,68,Yes,Yes,Yes,Fiber Optic,Yes,Yes,No,No,No,Yes,No,Yes,One Year,Yes,Credit Card,96.55000305,6581.899902,0,0,134.6399994,6716.540039,Churned,Attitude,Attitude of service provider,1
1268-ASBGA,Female,66,Yes,Huntington Park,1,16,Yes,Yes,Yes,Fiber Optic,No,No,No,No,No,Yes,No,Yes,Month-to-Month,Yes,Credit Card,85.34999847,1375.150024,0,0,158.8800049,1534.030029,Churned,Dissatisfaction,Limited range of services,1
1271-SJBGZ,Male,77,No,Forest Knolls,0,12,No,No,Yes,DSL,No,No,Yes,Yes,No,Yes,No,Yes,Month-to-Month,Yes,Bank Withdrawal,43.65000153,526.9500122,0,0,0,526.9500122,Churned,Competitor,Competitor had better devices,1
1273-MTETI,Female,69,No,Rancho Cucamonga,0,4,Yes,Yes,Yes,Fiber Optic,No,No,Yes,No,No,Yes,No,Yes,Month-to-Month,Yes,Bank Withdrawal,88.84999847,372.4500122,0,0,51.43999863,423.8900146,Churned,Other,Don't know,1
1285-OKIPP,Male,62,No,Mission Hills,0,1,Yes,No,Yes,Fiber Optic,No,No,No,No,No,Yes,Yes,Yes,Month-to-Month,No,Bank Withdrawal,79.90000153,79.90000153,0,0,23.20000076,103.0999985,Churned,Attitude,Attitude of support person,1
1304-NECVQ,Female,69,No,Somis,0,2,Yes,Yes,Yes,Fiber Optic,No,No,Yes,No,No,No,No,Yes,Month-to-Month,Yes,Bank Withdrawal,78.55000305,149.5500031,0,0,87.91999817,237.4700012,Churned,Competitor,Competitor made better offer,1
1309-BXVOQ,Male,27,Yes,Old Station,1,21,Yes,Yes,Yes,Fiber Optic,No,No,Yes,Yes,Yes,Yes,Yes,Yes,Month-to-Month,Yes,Bank Withdrawal,106.0999985,2249.949951,0,0,458.4299927,2708.379883,Churned,Price,Long distance charges,1
1320-HTRDR,Female,30,No,Fellows,0,3,Yes,Yes,Yes,Fiber Optic,No,No,No,No,No,No,No,Yes,Month-to-Month,Yes,Bank Withdrawal,75.5,220.6000061,0,0,142.5299988,363.1300049,Churned,Attitude,Attitude of service provider,1
1322-AGOQM,Male,57,No,Mather,0,46,No,No,Yes,DSL,No,Yes,No,No,No,No,No,Yes,Month-to-Month,No,Bank Withdrawal,30.29999924,1380.099976,0,0,0,1380.099976,Churned,Dissatisfaction,Service dissatisfaction,1
1323-OOEPC,Female,45,Yes,Prather,1,53,Yes,Yes,Yes,Fiber Optic,No,Yes,No,No,Yes,Yes,Yes,Yes,Month-to-Month,Yes,Credit Card,98.40000153,5149.5,0,0,2212.219971,7361.720215,Churned,Price,Extra data charges,1
1324-NLTJE,Female,73,No,Emeryville,0,15,Yes,Yes,Yes,DSL,No,No,No,Yes,No,No,No,Yes,Month-to-Month,No,Credit Card,55,757.0999756,0,0,257.8500061,1014.950012,Churned,Other,Don't know,1
1334-FJSVR,Male,64,No,Sequoia National Park,0,1,No,No,Yes,DSL,No,No,No,No,No,No,No,Yes,Month-to-Month,Yes,Bank Withdrawal,24.25,24.25,0,0,0,24.25,Churned,Dissatisfaction,Lack of self-service on Website,1
1342-JPNKI,Male,33,No,Lake Forest,0,10,Yes,Yes,Yes,Fiber Optic,No,No,No,No,Yes,No,No,Yes,Month-to-Month,Yes,Bank Withdrawal,86.05000305,834.0999756,0,0,59.20000076,893.2999878,Churned,Other,Don't know,1
1343-EHPYB,Male,61,Yes,San Diego,2,63,Yes,Yes,Yes,Fiber Optic,No,Yes,Yes,No,Yes,Yes,Yes,Yes,Month-to-Month,Yes,Bank Withdrawal,103.4000015,6603,0,0,3083.850098,9686.849609,Churned,Competitor,Competitor made better offer,1
1349-WXNGG,Male,57,No,Glendale,0,1,Yes,No,No,,No,No,No,No,No,No,No,No,Month-to-Month,No,Bank Withdrawal,20.04999924,20.04999924,0,0,12,32.04999924,Churned,Attitude,Attitude of support person,1
1363-TXLSL,Male,80,Yes,San Lucas,0,1,Yes,No,Yes,Fiber Optic,No,No,No,No,No,No,No,Yes,Month-to-Month,Yes,Bank Withdrawal,70.30000305,70.30000305,0,0,39.09999847,109.4000015,Churned,Competitor,Competitor had better devices,1
1373-ORVIZ,Female,62,Yes,Modesto,1,11,Yes,Yes,Yes,DSL,No,No,No,Yes,No,Yes,Yes,Yes,Month-to-Month,Yes,Bank Withdrawal,66.34999847,740.7999878,0,0,172.5899963,913.3900146,Churned,Competitor,Competitor had better devices,1
1374-DMZUI,Female,65,No,San Ramon,0,4,Yes,Yes,Yes,Fiber Optic,No,No,No,No,Yes,Yes,Yes,Yes,Month-to-Month,Yes,Bank Withdrawal,94.30000305,424.4500122,0,0,198,622.4500122,Churned,Competitor,Competitor made better offer,1
1383-EZRWL,Female,62,No,Long Beach,0,7,Yes,No,No,,No,No,No,No,No,No,No,No,Month-to-Month,No,Mailed Check,20.04999924,164.8500061,0,0,337.5400085,502.3900146,Churned,Other,Moved,1
1389-CXMLU,Male,65,No,Downey,0,3,Yes,Yes,Yes,Fiber Optic,No,No,Yes,No,Yes,No,No,Yes,Month-to-Month,No,Bank Withdrawal,91.05000305,289.1000061,0,0,78.95999908,368.0599976,Churned,Competitor,Competitor made better offer,1
1396-QWFBJ,Female,32,Yes,Rancho Santa Margarita,1,21,Yes,No,Yes,Fiber Optic,No,Yes,No,No,No,No,No,Yes,Month-to-Month,Yes,Bank Withdrawal,74.05000305,1565.699951,0,0,106.4700012,1672.170044,Churned,Dissatisfaction,Lack of self-service on Website,1
1400-MMYXY,Male,71,Yes,Alhambra,1,3,Yes,Yes,Yes,Fiber Optic,No,Yes,Yes,No,Yes,Yes,No,Yes,Month-to-Month,Yes,Bank Withdrawal,105.9000015,334.6499939,0,0,123.9000015,458.5499878,Churned,Attitude,Attitude of service provider,1
1415-YFWLT,Female,68,No,Shaver Lake,0,1,Yes,No,Yes,Fiber Optic,No,No,No,No,Yes,Yes,No,Yes,Month-to-Month,Yes,Bank Withdrawal,89.30000305,89.30000305,0,0,30.22999954,119.5299988,Churned,Competitor,Competitor had better devices,1
1428-GTBJJ,Male,20,No,Jenner,0,11,Yes,No,Yes,Fiber Optic,No,Yes,No,No,No,No,No,Yes,Month-to-Month,Yes,Bank Withdrawal,74.55000305,824.75,0,0,59.40000153,884.1500244,Churned,Price,Long distance charges,1
1432-FPAXX,Female,53,No,Beale Afb,0,29,No,No,Yes,DSL,No,Yes,No,No,No,No,No,Yes,Month-to-Month,Yes,Bank Withdrawal,30.60000038,856.3499756,0,0,0,856.3499756,Churned,Dissatisfaction,Product dissatisfaction,1
1444-VVSGW,Male,51,Yes,Los Molinos,1,70,Yes,Yes,Yes,Fiber Optic,Yes,Yes,Yes,Yes,Yes,Yes,Yes,No,One Year,No,Credit Card,115.6500015,7968.850098,0,10,1201.900024,9180.75,Churned,Dissatisfaction,Product dissatisfaction,1
1447-GIQMR,Male,54,Yes,Los Angeles,1,1,Yes,No,Yes,Fiber Optic,No,No,No,No,No,No,No,Yes,Month-to-Month,Yes,Bank Withdrawal,69.15000153,69.15000153,0,0,2.200000048,71.34999847,Churned,Competitor,Competitor offered more data,1
1447-PJGGA,Female,39,No,San Diego,0,57,Yes,No,Yes,Fiber Optic,No,No,Yes,No,Yes,Yes,Yes,Yes,Two Year,Yes,Bank Withdrawal,95.25,5464.649902,0,0,1000.349976,6465,Churned,Competitor,Competitor made better offer,1
1448-PWKYE,Male,48,Yes,Shafter,1,1,Yes,No,Yes,Cable,No,No,No,No,No,Yes,Yes,Yes,Month-to-Month,No,Bank Withdrawal,80,80,0,0,35.70999908,115.7099991,Churned,Competitor,Competitor had better devices,1
1449-XQEMT,Male,33,No,Susanville,0,3,Yes,No,No,,No,No,No,No,No,No,No,No,Month-to-Month,Yes,Mailed Check,19.79999924,58.15000153,0,0,45.36000061,103.5100021,Churned,Price,Long distance charges,1
1450-GALXR,Female,33,No,Friant,0,10,Yes,Yes,Yes,Fiber Optic,No,No,No,Yes,Yes,Yes,Yes,No,Month-to-Month,Yes,Bank Withdrawal,98.5,1058.25,0,110,145.3000031,1313.550049,Churned,Competitor,Competitor had better devices,1
1450-SKCVI,Female,22,No,Del Mar,0,56,Yes,No,Yes,Fiber Optic,No,Yes,No,No,No,No,Yes,Yes,Month-to-Month,Yes,Bank Withdrawal,73.84999847,4092.850098,0,0,1993.040039,6085.890137,Churned,Attitude,Attitude of support person,1
1455-ESIQH,Male,44,No,Oakland,0,1,Yes,No,Yes,Fiber Optic,No,No,No,No,Yes,Yes,Yes,Yes,Month-to-Month,Yes,Bank Withdrawal,89.09999847,89.09999847,0,0,16.05999947,105.1600037,Churned,Other,Moved,1
1455-UGQVH,Male,35,Yes,Acampo,1,10,Yes,Yes,Yes,Fiber Optic,No,No,Yes,No,Yes,Yes,Yes,Yes,Month-to-Month,Yes,Bank Withdrawal,98.5,1037.75,0,0,10.89999962,1048.650024,Churned,Dissatisfaction,Lack of self-service on Website,1
1465-VINDH,Female,31,Yes,Los Angeles,1,10,Yes,Yes,Yes,Fiber Optic,No,Yes,Yes,No,Yes,Yes,Yes,Yes,Month-to-Month,Yes,Credit Card,102.0999985,1068.849976,0,0,320.7000122,1389.550049,Churned,Competitor,Competitor offered higher download speeds,1
1481-ZUWZA,Male,52,No,Klamath,0,28,Yes,Yes,Yes,Fiber Optic,Yes,Yes,No,No,No,Yes,Yes,Yes,Month-to-Month,Yes,Credit Card,94.5,2659.399902,0,0,994.5599976,3653.959961,Churned,Dissatisfaction,Service dissatisfaction,1
1493-AMTIE,Male,28,No,Ivanhoe,0,1,Yes,No,No,,No,No,No,No,No,No,No,No,Month-to-Month,Yes,Bank Withdrawal,20.20000076,20.20000076,0,0,10.97999954,31.18000031,Churned,Price,Long distance charges,1
1496-GGSUK,Female,68,No,Fulton,0,1,No,No,Yes,Cable,No,No,No,No,No,No,No,Yes,Month-to-Month,Yes,Mailed Check,25.70000076,25.70000076,0,0,0,25.70000076,Churned,Attitude,Attitude of service provider,1
1501-SGHBW,Male,34,No,Guatay,0,2,Yes,No,Yes,Cable,No,No,No,No,No,No,No,Yes,Month-to-Month,No,Credit Card,45.84999847,81,0,0,39.04000092,120.0400009,Churned,Competitor,Competitor made better offer,1
1502-XFCVR,Female,57,No,Los Angeles,0,58,Yes,No,Yes,Fiber Optic,Yes,Yes,Yes,No,Yes,Yes,Yes,Yes,One Year,Yes,Bank Withdrawal,106.4499969,6145.850098,0,0,869.4199829,7015.27002,Churned,Competitor,Competitor offered higher download speeds,1
1513-XNPPH,Female,36,No,Los Angeles,0,12,Yes,No,Yes,Fiber Optic,No,No,Yes,Yes,No,Yes,Yes,Yes,Month-to-Month,Yes,Bank Withdrawal,89.40000153,1095.650024,0,0,209.5200043,1305.170044,Churned,Dissatisfaction,Product dissatisfaction,1
1518-VOWAV,Female,31,No,Fallbrook,0,9,Yes,No,Yes,DSL,Yes,Yes,No,No,Yes,Yes,Yes,Yes,Month-to-Month,Yes,Bank Withdrawal,74.65000153,703.5499878,0,0,327.8699951,1031.420044,Churned,Competitor,Competitor made better offer,1
1522-VVDMG,Male,25,Yes,Oakland,1,7,Yes,No,Yes,Fiber Optic,No,Yes,No,Yes,Yes,No,No,Yes,Month-to-Month,Yes,Bank Withdrawal,89.75,608.7999878,26.02000046,0,134.6100006,717.3900146,Churned,Dissatisfaction,Poor expertise of online support,1
1527-SXDPN,Male,63,Yes,San Diego,1,52,Yes,Yes,Yes,Fiber Optic,No,No,Yes,Yes,No,Yes,Yes,No,Two Year,Yes,Bank Withdrawal,96.25,4990.25,0,120,2422.679932,7532.930176,Churned,Competitor,Competitor made better offer,1
1541-ETJZO,Male,58,No,Wheatland,0,1,Yes,Yes,Yes,DSL,No,No,Yes,Yes,No,No,No,No,Month-to-Month,No,Mailed Check,62.04999924,62.04999924,0,10,47.83000183,119.8799973,Churned,Other,Moved,1
1550-LOAHA,Female,53,Yes,Orangevale,1,32,Yes,No,Yes,Fiber Optic,No,Yes,No,No,No,Yes,Yes,Yes,Month-to-Month,No,Bank Withdrawal,84.15000153,2585.949951,0,0,1199.359985,3785.310059,Churned,Dissatisfaction,Limited range of services,1
1555-DJEQW,Female,21,Yes,Cupertino,1,70,Yes,Yes,Yes,Fiber Optic,Yes,Yes,Yes,Yes,Yes,Yes,Yes,Yes,Two Year,Yes,Bank Withdrawal,114.1999969,7723.899902,48.54000092,0,1174.599976,8849.959961,Churned,Price,Price too high,1
1564-NTYXF,Female,79,No,San Marcos,0,13,Yes,Yes,Yes,Fiber Optic,No,No,No,No,No,Yes,No,Yes,Month-to-Month,Yes,Bank Withdrawal,82,1127.199951,0,0,57.84999847,1185.050049,Churned,Attitude,Attitude of support person,1
1565-RHDJD,Female,21,No,Palo Cedro,0,4,Yes,Yes,Yes,Fiber Optic,No,Yes,Yes,No,No,No,Yes,Yes,Month-to-Month,No,Bank Withdrawal,84.05000305,333.5499878,0,0,166.8800049,500.4299927,Churned,Competitor,Competitor offered higher download speeds,1
1567-DSCIC,Male,59,No,San Mateo,0,8,Yes,Yes,Yes,Fiber Optic,No,Yes,Yes,No,Yes,No,No,Yes,Month-to-Month,Yes,Bank Withdrawal,94,773.6500244,0,0,191.1199951,964.7700195,Churned,Dissatisfaction,Product dissatisfaction,1
1569-TTNYJ,Male,55,Yes,Richmond,1,5,Yes,Yes,Yes,Fiber Optic,No,Yes,No,No,No,No,No,No,Month-to-Month,Yes,Bank Withdrawal,78.75,412.1000061,0,10,5.800000191,427.8999939,Churned,Other,Don't know,1
1571-SAVHK,Male,20,No,Meadow Vista,0,12,Yes,Yes,Yes,Fiber Optic,No,No,No,Yes,Yes,Yes,Yes,No,Month-to-Month,Yes,Credit Card,99.94999695,1132.75,0,120,337.9200134,1590.670044,Churned,Competitor,Competitor had better devices,1
1577-HKTFG,Female,42,Yes,Elk Grove,1,30,Yes,No,No,,No,No,No,No,No,No,No,No,Month-to-Month,No,Bank Withdrawal,19.64999962,655.8499756,0,0,460.7999878,1116.650024,Churned,Attitude,Attitude of support person,1
1579-KLYDT,Male,31,No,Hickman,0,7,Yes,Yes,Yes,Fiber Optic,No,No,Yes,No,Yes,No,No,Yes,Month-to-Month,Yes,Bank Withdrawal,90.44999695,593.4500122,0,0,251.3699951,844.8200073,Churned,Competitor,Competitor made better offer,1
1580-BMCMR,Male,66,No,Tehachapi,0,19,Yes,No,Yes,Fiber Optic,Yes,No,No,No,No,Yes,Yes,Yes,Month-to-Month,Yes,Bank Withdrawal,87.30000305,1637.300049,0,0,566.2000122,2203.5,Stayed,Others,Others,1
1582-RAFML,Male,26,No,Sacramento,0,1,Yes,Yes,Yes,Cable,No,Yes,No,Yes,No,No,No,Yes,Month-to-Month,No,Mailed Check,60.09999847,60.09999847,0,0,23.62999916,83.73000336,Churned,Competitor,Competitor had better devices,1
1583-IHQZE,Male,60,No,Camarillo,0,12,Yes,Yes,Yes,Cable,No,Yes,Yes,Yes,Yes,Yes,Yes,Yes,Month-to-Month,Yes,Mailed Check,112.9499969,1384.75,0,0,197.3999939,1582.150024,Churned,Attitude,Attitude of support person,1
1585-MQSSU,Male,36,No,Santa Rosa,0,17,Yes,No,Yes,Cable,No,No,No,Yes,No,No,No,Yes,Month-to-Month,No,Mailed Check,51.5,900.5,35.34000015,0,792.2000122,1657.359985,Churned,Dissatisfaction,Lack of self-service on Website,1
1587-FKLZB,Male,79,Yes,Santa Barbara,1,66,Yes,Yes,Yes,Fiber Optic,No,No,Yes,No,Yes,Yes,No,Yes,Month-to-Month,Yes,Credit Card,99.5,6822.149902,0,0,1904.76001,8726.910156,Churned,Competitor,Competitor had better devices,1
1589-AGTLK,Male,26,No,San Diego,0,3,Yes,No,Yes,DSL,No,No,No,No,No,No,No,Yes,Month-to-Month,Yes,Bank Withdrawal,45.34999847,141.5,0,0,109.4400024,250.9400024,Churned,Other,Don't know,1
1596-BBVTG,Male,53,No,San Dimas,0,35,Yes,Yes,Yes,Fiber Optic,No,No,No,No,No,No,No,Yes,Month-to-Month,No,Credit Card,75.34999847,2636.050049,0,0,876.4000244,3512.449951,Churned,Dissatisfaction,Poor expertise of online support,1
1597-FZREH,Female,39,No,Shoshone,0,2,Yes,No,Yes,DSL,No,No,Yes,Yes,Yes,Yes,Yes,Yes,Month-to-Month,No,Bank Withdrawal,76.40000153,160.8000031,0,0,83.27999878,244.0800018,Churned,Price,Lack of affordable download/upload speed,1
1597-LHYNC,Female,74,No,Auburn,0,26,Yes,Yes,Yes,Fiber Optic,Yes,Yes,No,No,No,Yes,No,No,Month-to-Month,Yes,Bank Withdrawal,95,2497.199951,0,60,1238.380005,3795.580078,Churned,Price,Price too high,1
1602-IJQQE,Female,42,No,Whittier,0,4,Yes,Yes,Yes,Fiber Optic,No,No,No,No,No,No,No,Yes,Month-to-Month,No,Bank Withdrawal,75.34999847,338.1000061,0,0,116.4400024,454.5400085,Churned,Competitor,Competitor had better devices,1
1612-EOHDH,Female,29,No,Pacoima,0,1,Yes,No,Yes,DSL,No,No,No,No,No,No,Yes,Yes,Month-to-Month,No,Bank Withdrawal,45.15000153,45.15000153,0,0,30.92000008,76.06999969,Churned,Attitude,Attitude of support person,1
1618-CFHME,Female,30,No,Riverbank,0,2,Yes,Yes,Yes,Fiber Optic,No,No,No,No,No,No,No,Yes,Month-to-Month,Yes,Bank Withdrawal,75.90000153,143.3500061,0,0,53.74000168,197.0899963,Churned,Other,Don't know,1
1623-NLDOT,Female,55,Yes,Lancaster,1,42,No,No,Yes,Cable,No,Yes,No,Yes,No,No,No,No,One Year,No,Mailed Check,33.54999924,1445.300049,0,50,0,1495.300049,Churned,Competitor,Competitor had better devices,1
1624-NALOJ,Male,75,No,North Hollywood,0,5,Yes,Yes,Yes,Fiber Optic,No,Yes,No,No,No,Yes,No,Yes,Month-to-Month,Yes,Bank Withdrawal,89.80000305,502.6000061,0,0,181.8000031,684.4000244,Churned,Other,Moved,1
1624-WOIWJ,Female,40,No,Nicasio,0,10,Yes,No,Yes,Fiber Optic,Yes,No,No,No,Yes,No,No,Yes,Month-to-Month,Yes,Mailed Check,84.69999695,832.0499878,12.81000042,0,456.8999939,1276.140015,Churned,Competitor,Competitor had better devices,1
1625-JAIIY,Female,42,Yes,Torrance,1,68,Yes,Yes,Yes,Fiber Optic,No,No,No,No,Yes,No,No,Yes,One Year,Yes,Bank Withdrawal,83,5685.799805,0,0,3008.320068,8694.120117,Churned,Dissatisfaction,Product dissatisfaction,1
1626-ERCMM,Male,75,Yes,Camp Nelson,7,20,Yes,Yes,Yes,Fiber Optic,No,No,No,No,Yes,Yes,Yes,Yes,Month-to-Month,Yes,Bank Withdrawal,94.55000305,1899.650024,0,0,106.1999969,2005.849976,Churned,Competitor,Competitor had better devices,1
1635-FJFCC,Female,46,No,Acton,0,5,Yes,No,Yes,DSL,No,No,No,No,No,No,No,Yes,Month-to-Month,Yes,Credit Card,44.04999924,202.1499939,0,0,54.95000076,257.1000061,Stayed,Others,Others,1
1644-IRKSF,Female,48,Yes,La Palma,5,33,Yes,No,Yes,Fiber Optic,No,No,Yes,No,Yes,Yes,Yes,Yes,One Year,Yes,Bank Withdrawal,93.80000305,3124.5,0,0,660.6599731,3785.159912,Churned,Attitude,Attitude of support person,1
1658-BYGOY,Male,71,No,Los Angeles,0,18,Yes,Yes,Yes,Fiber Optic,No,No,No,No,Yes,Yes,Yes,Yes,Month-to-Month,Yes,Bank Withdrawal,95.44999695,1752.550049,45.61000061,0,203.9400024,1910.880005,Churned,Competitor,Competitor made better offer,1
1660-HSOOQ,Male,60,No,Santa Barbara,0,1,Yes,No,Yes,DSL,No,No,Yes,No,No,No,No,No,Month-to-Month,Yes,Credit Card,49.65000153,49.65000153,0,40,4.179999828,93.83000183,Churned,Dissatisfaction,Lack of self-service on Website,1
1670-SVOWZ,Female,57,Yes,Mira Loma,1,14,Yes,No,Yes,Fiber Optic,No,Yes,No,Yes,No,Yes,Yes,No,Month-to-Month,Yes,Credit Card,89.65000153,1208.349976,0,120,106.6800003,1435.030029,Churned,Competitor,Competitor had better devices,1
1678-FYZOW,Female,28,No,Sacramento,0,3,Yes,No,Yes,Fiber Optic,No,No,No,No,Yes,No,No,Yes,Month-to-Month,Yes,Bank Withdrawal,79.40000153,244.6499939,0,0,139.8000031,384.4500122,Churned,Competitor,Competitor offered higher download speeds,1
1689-MRZQR,Male,36,Yes,Turlock,1,34,Yes,No,Yes,Fiber Optic,No,No,No,No,Yes,No,No,Yes,Month-to-Month,No,Bank Withdrawal,78.30000305,2564.300049,0,0,457.2999878,3021.600098,Churned,Other,Don't know,1
1697-NVVGY,Male,71,Yes,Fresno,1,19,Yes,No,Yes,DSL,Yes,No,Yes,No,Yes,No,No,Yes,Month-to-Month,No,Bank Withdrawal,66.40000153,1286.050049,0,0,578.3599854,1864.410034,Stayed,Others,Others,1
1704-NRWYE,Female,79,No,Point Reyes Station,0,9,Yes,No,Yes,Fiber Optic,No,No,No,No,Yes,No,No,Yes,Month-to-Month,Yes,Bank Withdrawal,80.84999847,751.6500244,0,0,390.0599976,1141.709961,Churned,Attitude,Attitude of support person,1
1723-HKXJQ,Male,64,No,San Diego,0,42,Yes,Yes,Yes,Fiber Optic,No,Yes,No,No,Yes,Yes,Yes,Yes,Month-to-Month,Yes,Bank Withdrawal,101.75,4273.450195,0,0,789.1799927,5062.629883,Churned,Other,Don't know,1
1724-BQUHA,Male,67,No,Los Gatos,0,5,Yes,No,Yes,Fiber Optic,No,No,No,No,Yes,Yes,No,Yes,Month-to-Month,Yes,Bank Withdrawal,89.5,477.7000122,0,0,228.6000061,706.2999878,Churned,Attitude,Attitude of support person,1
1725-IQNIY,Male,34,Yes,San Bernardino,1,54,Yes,No,Yes,Fiber Optic,Yes,Yes,Yes,Yes,Yes,Yes,Yes,Yes,Two Year,No,Bank Withdrawal,109.75,6110.200195,0,0,2272.860107,8383.05957,Churned,Competitor,Competitor had better devices,1
1725-MIMXW,Male,42,No,Honeydew,0,1,Yes,No,No,,No,No,No,No,No,No,No,No,Month-to-Month,Yes,Credit Card,19.45000076,19.45000076,0,0,48.95999908,68.41000366,Churned,Dissatisfaction,Poor expertise of phone support,1
1731-TVIUK,Female,47,No,Temecula,0,4,Yes,Yes,Yes,Fiber Optic,No,Yes,No,Yes,No,Yes,Yes,Yes,Month-to-Month,Yes,Bank Withdrawal,93.5,362.2000122,0,0,29.55999947,391.7600098,Churned,Competitor,Competitor made better offer,1
1732-VHUBQ,Female,73,Yes,Escondido,1,47,Yes,No,Yes,Fiber Optic,No,No,No,No,No,No,No,Yes,Month-to-Month,No,Bank Withdrawal,70.55000305,3309.25,26.98999977,0,1266.650024,4548.910156,Churned,Competitor,Competitor made better offer,1
1740-CSDJP,Male,53,No,Oakhurst,0,1,No,No,Yes,DSL,No,No,No,No,No,Yes,Yes,Yes,Month-to-Month,Yes,Bank Withdrawal,35.25,35.25,0,0,0,35.25,Churned,Price,Lack of affordable download/upload speed,1
1750-CSKKM,Male,40,No,Imperial Beach,0,9,Yes,No,Yes,DSL,No,No,No,No,Yes,No,No,Yes,Month-to-Month,No,Bank Withdrawal,55.34999847,449.75,0,0,369.1799927,818.9299927,Churned,Competitor,Competitor had better devices,1
1761-AEZZR,Male,59,No,Guinda,0,1,Yes,No,Yes,Fiber Optic,No,No,No,No,Yes,No,No,Yes,Month-to-Month,Yes,Bank Withdrawal,79.55000305,79.55000305,0,0,4.039999962,83.58999634,Churned,Other,Don't know,1
1768-ZAIFU,Female,74,No,Rio Dell,0,1,No,No,Yes,Cable,No,No,No,No,No,No,No,Yes,Month-to-Month,Yes,Bank Withdrawal,25.20000076,25.20000076,0,0,0,25.20000076,Churned,Competitor,Competitor made better offer,1
1771-OADNZ,Male,70,Yes,Pauma Valley,1,29,Yes,Yes,Yes,Fiber Optic,No,Yes,Yes,No,No,Yes,Yes,No,Month-to-Month,Yes,Bank Withdrawal,95.90000153,2745.199951,0,50,1026.02002,3821.219971,Churned,Price,Extra data charges,1
1792-UXAFY,Female,80,No,San Jose,0,17,Yes,No,Yes,Fiber Optic,No,Yes,Yes,No,Yes,No,No,Yes,Month-to-Month,Yes,Bank Withdrawal,89.15000153,1496.900024,0,0,516.289978,2013.189941,Churned,Dissatisfaction,Service dissatisfaction,1
1794-HBQTJ,Female,22,No,Corcoran,0,1,Yes,No,Yes,Cable,Yes,No,No,No,No,No,No,Yes,Month-to-Month,Yes,Credit Card,48.59999847,48.59999847,0,0,6.539999962,55.13999939,Churned,Dissatisfaction,Poor expertise of phone support,1
1809-DMJHQ,Female,56,No,Newport Beach,0,5,Yes,No,Yes,DSL,No,No,No,No,No,No,No,Yes,Month-to-Month,No,Mailed Check,46,221.6999969,0,0,119.4499969,341.1499939,Churned,Competitor,Competitor had better devices,1
1820-TQVEV,Male,27,No,Madera,0,1,Yes,No,Yes,Fiber Optic,No,No,No,No,No,No,Yes,Yes,Month-to-Month,Yes,Bank Withdrawal,69.55000305,69.55000305,0,0,49.43000031,118.9800034,Churned,Attitude,Attitude of support person,1
1833-TCXKK,Male,50,Yes,San Bernardino,0,45,Yes,Yes,Yes,Fiber Optic,No,Yes,Yes,No,Yes,Yes,Yes,Yes,Month-to-Month,Yes,Bank Withdrawal,107.75,4882.799805,0,0,1341.449951,6224.25,Stayed,Others,Others,1
1833-VGRUM,Female,70,No,Perris,0,1,Yes,Yes,Yes,Fiber Optic,No,No,No,No,No,No,No,Yes,Month-to-Month,Yes,Bank Withdrawal,74.19999695,74.19999695,0,0,48.95000076,123.1500015,Churned,Price,Price too high,1
1842-EZJMK,Male,28,Yes,Orangevale,1,50,Yes,Yes,Yes,Fiber Optic,No,Yes,No,Yes,Yes,Yes,Yes,Yes,Month-to-Month,No,Bank Withdrawal,103.6999969,5071.049805,36.61000061,0,1707,6741.439941,Churned,Competitor,Competitor had better devices,1
1846-XWOQN,Female,80,No,Bradley,0,1,Yes,No,Yes,Fiber Optic,No,No,No,No,No,No,No,Yes,Month-to-Month,Yes,Bank Withdrawal,70.15000153,70.15000153,0,0,47.97000122,118.1200027,Churned,Competitor,Competitor made better offer,1
1853-UDXBW,Male,38,Yes,Samoa,1,1,Yes,No,Yes,Fiber Optic,No,No,No,No,No,No,No,Yes,Month-to-Month,Yes,Bank Withdrawal,70,70,0,0,38.79999924,108.8000031,Churned,Price,Price too high,1
1862-SKORY,Female,66,Yes,Los Angeles,1,40,No,No,Yes,Cable,No,Yes,No,No,Yes,No,No,Yes,Month-to-Month,Yes,Bank Withdrawal,39.29999924,1637.400024,0,0,0,1637.400024,Churned,Competitor,Competitor offered higher download speeds,1
1866-RZZQS,Male,77,No,Redlands,0,41,Yes,Yes,Yes,Fiber Optic,No,No,Yes,No,Yes,Yes,No,Yes,Month-to-Month,Yes,Bank Withdrawal,98.40000153,4187.75,0,0,1724.459961,5912.209961,Churned,Competitor,Competitor had better devices,1
1867-BDVFH,Male,35,Yes,Los Angeles,1,11,Yes,Yes,Yes,Fiber Optic,No,No,No,No,No,No,No,Yes,Month-to-Month,Yes,Bank Withdrawal,74.34999847,834.2000122,0,0,100.5400009,934.7399902,Churned,Competitor,Competitor made better offer,1
1875-QIVME,Female,26,Yes,Tujunga,1,2,Yes,Yes,Yes,Fiber Optic,No,No,Yes,Yes,Yes,Yes,Yes,Yes,Month-to-Month,Yes,Bank Withdrawal,104.4000015,242.8000031,45.43999863,0,23.02000046,220.3800049,Churned,Attitude,Attitude of support person,1
1891-FZYSA,Male,65,Yes,Piercy,1,69,Yes,Yes,Yes,Fiber Optic,No,Yes,No,No,Yes,No,No,No,Month-to-Month,Yes,Bank Withdrawal,89.94999695,6143.149902,6.789999962,110,1127.459961,7373.819824,Churned,Competitor,Competitor had better devices,1
1891-UAWWU,Female,79,Yes,Johannesburg,1,20,Yes,Yes,Yes,Fiber Optic,No,No,Yes,No,Yes,No,No,Yes,Month-to-Month,No,Bank Withdrawal,90.80000305,1951,0,0,95.40000153,2046.400024,Churned,Competitor,Competitor had better devices,1
1894-IGFSG,Female,38,No,Lancaster,0,22,Yes,No,Yes,Fiber Optic,No,No,No,No,Yes,Yes,Yes,Yes,Month-to-Month,No,Bank Withdrawal,89.25,1907.849976,0,0,396.2200012,2304.070068,Churned,Competitor,Competitor had better devices,1
1899-VXWXM,Male,55,No,San Diego,0,48,Yes,Yes,Yes,Fiber Optic,No,Yes,Yes,No,Yes,Yes,Yes,Yes,One Year,Yes,Credit Card,106.0999985,5082.799805,0,0,1187.040039,6269.839844,Churned,Other,Don't know,1
1902-XBTFB,Male,39,No,North Hollywood,0,22,Yes,No,Yes,Fiber Optic,No,Yes,Yes,No,Yes,No,No,Yes,Month-to-Month,Yes,Bank Withdrawal,89.40000153,2001.5,0,0,870.7600098,2872.26001,Churned,Dissatisfaction,Lack of self-service on Website,1
1907-UBQFC,Male,69,No,San Francisco,0,10,Yes,No,Yes,Fiber Optic,No,Yes,No,No,No,No,No,No,Month-to-Month,Yes,Bank Withdrawal,72.84999847,688.6500244,0,30,54.59999847,773.25,Churned,Competitor,Competitor had better devices,1
1915-IOFGU,Female,53,No,Keene,0,1,Yes,No,Yes,Fiber Optic,No,No,No,No,No,No,No,Yes,Month-to-Month,No,Bank Withdrawal,70.5,70.5,0,0,41.38999939,111.8899994,Churned,Competitor,Competitor offered higher download speeds,1
1918-ZBFQJ,Female,48,No,Glendale,0,13,Yes,No,Yes,Fiber Optic,No,Yes,Yes,No,No,No,No,Yes,Month-to-Month,Yes,Bank Withdrawal,79.25,1111.650024,48.25,0,436.019989,1499.420044,Churned,Competitor,Competitor had better devices,1
1925-TIBLE,Female,62,Yes,Los Angeles,1,7,Yes,Yes,Yes,Fiber Optic,No,No,No,No,Yes,No,No,No,Month-to-Month,Yes,Bank Withdrawal,86.5,582.5,0,20,158.2700043,760.7700195,Churned,Competitor,Competitor offered higher download speeds,1
1934-SJVJK,Male,35,No,Smith River,0,1,Yes,No,No,,No,No,No,No,No,No,No,No,Month-to-Month,No,Credit Card,20.14999962,20.14999962,0,0,40.50999832,60.65999985,Churned,Price,Long distance charges,1
1963-SVUCV,Male,59,No,Flournoy,0,1,Yes,No,Yes,DSL,No,No,No,No,No,No,No,No,Month-to-Month,No,Bank Withdrawal,45.29999924,45.29999924,0,30,28.37000084,103.6699982,Churned,Competitor,Competitor offered higher download speeds,1
1963-VAUKV,Female,31,No,Kyburz,0,1,Yes,No,No,,No,No,No,No,No,No,No,No,Month-to-Month,No,Mailed Check,20.39999962,20.39999962,0,0,22.12000084,42.52000046,Churned,Price,Long distance charges,1
1965-AKTSX,Female,65,No,Byron,0,14,Yes,Yes,Yes,Fiber Optic,No,Yes,No,No,No,No,No,Yes,Month-to-Month,Yes,Bank Withdrawal,78.94999695,1101.849976,0,0,229.0399933,1330.890015,Churned,Competitor,Competitor made better offer,1
1976-CFOCS,Female,69,Yes,Dana Point,1,1,Yes,No,Yes,DSL,No,No,No,No,No,No,No,Yes,Month-to-Month,No,Bank Withdrawal,46,46,0,0,7.739999771,53.74000168,Churned,Competitor,Competitor had better devices,1
1977-STDKI,Female,72,No,The Sea Ranch,0,1,Yes,No,Yes,Fiber Optic,No,Yes,No,No,No,No,No,Yes,Month-to-Month,Yes,Bank Withdrawal,73,73,0,0,20.54999924,93.55000305,Churned,Competitor,Competitor offered more data,1
1980-KXVPM,Female,68,No,El Centro,0,3,Yes,Yes,Yes,Fiber Optic,No,No,No,No,No,No,No,Yes,Month-to-Month,Yes,Credit Card,75.05000305,256.25,0,0,71.45999908,327.7099915,Churned,Competitor,Competitor had better devices,1
1981-INRFU,Female,44,No,San Diego,0,2,Yes,No,Yes,Fiber Optic,No,No,No,No,Yes,No,No,Yes,Month-to-Month,Yes,Bank Withdrawal,79.75,164.5,0,0,16.63999939,181.1399994,Churned,Competitor,Competitor made better offer,1
1984-FCOWB,Female,21,Yes,Templeton,1,70,Yes,Yes,Yes,Fiber Optic,No,Yes,Yes,Yes,Yes,Yes,Yes,No,One Year,Yes,Bank Withdrawal,109.5,7674.549805,0,150,2931.600098,10756.15039,Churned,Attitude,Attitude of service provider,1
1989-PRJHP,Male,75,Yes,Pleasanton,1,27,Yes,Yes,Yes,Fiber Optic,No,No,No,No,No,No,No,Yes,Month-to-Month,Yes,Bank Withdrawal,75.5,1893.949951,0,0,286.2000122,2180.149902,Churned,Competitor,Competitor had better devices,1
2002-MZHWP,Female,24,No,Delhi,0,1,Yes,No,No,,No,No,No,No,No,No,No,No,Month-to-Month,No,Credit Card,20.5,20.5,0,0,26.12000084,46.61999893,Churned,Price,Long distance charges,1
2004-OCQXK,Female,44,No,Merced,0,1,Yes,No,Yes,Fiber Optic,No,No,No,No,No,Yes,Yes,Yes,Month-to-Month,Yes,Bank Withdrawal,81.94999695,81.94999695,0,0,44.93999863,126.8899994,Churned,Competitor,Competitor had better devices,1
2012-NWRPA,Female,78,Yes,Modesto,1,11,Yes,Yes,Yes,Fiber Optic,No,No,Yes,No,Yes,Yes,No,Yes,Month-to-Month,Yes,Bank Withdrawal,99.55000305,1131.199951,0,0,14.07999992,1145.280029,Churned,Competitor,Competitor made better offer,1
2013-SGDXK,Female,27,No,Mariposa,0,1,Yes,No,Yes,Fiber Optic,No,Yes,No,No,Yes,No,No,No,Month-to-Month,No,Bank Withdrawal,84.30000305,84.30000305,0,10,1.629999995,95.93000031,Churned,Competitor,Competitor offered more data,1
2024-BASKD,Female,23,No,Exeter,0,1,Yes,No,Yes,Fiber Optic,No,No,Yes,No,No,No,No,No,Month-to-Month,Yes,Mailed Check,74.59999847,74.59999847,0,10,22.15999985,106.7600021,Churned,Competitor,Competitor offered more data,1
2025-JKFWI,Male,31,No,Burbank,0,13,Yes,Yes,Yes,Fiber Optic,No,No,No,Yes,Yes,Yes,Yes,Yes,Month-to-Month,Yes,Credit Card,99,1301.699951,0,0,313.8200073,1615.52002,Churned,Price,Lack of affordable download/upload speed,1
2026-TGDHM,Female,54,No,Cloverdale,0,7,Yes,No,Yes,Fiber Optic,No,No,No,No,No,Yes,Yes,No,Month-to-Month,Yes,Bank Withdrawal,79.30000305,523.1500244,0,10,134.4700012,667.6199951,Churned,Competitor,Competitor had better devices,1
2027-FECZV,Male,44,No,Bodfish,0,12,Yes,Yes,Yes,Fiber Optic,No,Yes,Yes,No,Yes,Yes,Yes,Yes,Month-to-Month,Yes,Bank Withdrawal,106.6999969,1253.900024,0,0,302.2799988,1556.180054,Churned,Attitude,Attitude of support person,1
2027-OAQQC,Female,64,No,Aptos,0,43,No,No,Yes,DSL,No,No,Yes,No,Yes,Yes,Yes,Yes,Month-to-Month,Yes,Bank Withdrawal,49.04999924,2076.199951,20.29000092,0,0,2055.909912,Churned,Competitor,Competitor offered more data,1
2034-CGRHZ,Male,73,No,San Francisco,0,24,Yes,Yes,Yes,Fiber Optic,No,Yes,Yes,No,Yes,Yes,No,Yes,Month-to-Month,Yes,Credit Card,102.9499969,2496.699951,0,0,77.51999664,2574.219971,Churned,Attitude,Attitude of support person,1
2034-GDRCN,Female,47,No,San Diego,0,2,Yes,No,Yes,Fiber Optic,No,No,No,No,Yes,Yes,Yes,Yes,Month-to-Month,Yes,Bank Withdrawal,90.40000153,168.1999969,0,0,21.05999947,189.2599945,Churned,Other,Don't know,1
2037-SGXHH,Male,25,Yes,Campo Seco,1,38,Yes,Yes,Yes,Fiber Optic,No,Yes,Yes,No,Yes,No,No,Yes,Month-to-Month,Yes,Bank Withdrawal,94.65000153,3624.300049,0,0,1888.599976,5512.899902,Churned,Other,Don't know,1
2037-XJFUP,Male,24,Yes,Temecula,1,33,Yes,No,Yes,Fiber Optic,No,No,Yes,No,Yes,Yes,Yes,No,One Year,Yes,Bank Withdrawal,95.80000305,3036.75,0,60,1379.400024,4476.149902,Churned,Competitor,Competitor made better offer,1
2055-PDADH,Female,71,No,Big Bend,0,3,Yes,No,Yes,Fiber Optic,No,No,No,No,No,No,No,Yes,Month-to-Month,Yes,Bank Withdrawal,70.40000153,204.6999969,0,0,6.78000021,211.4799957,Churned,Other,Don't know,1
2057-ZBLPD,Female,50,Yes,Los Gatos,3,21,Yes,Yes,Yes,Fiber Optic,No,No,No,No,No,Yes,Yes,Yes,Month-to-Month,Yes,Bank Withdrawal,86.5,1808.699951,0,0,886.6199951,2695.320068,Churned,Competitor,Competitor offered more data,1
2058-DCJBE,Male,32,No,Los Angeles,0,5,Yes,No,Yes,Fiber Optic,No,No,No,No,No,No,No,Yes,Month-to-Month,Yes,Bank Withdrawal,69.75,324.6000061,0,0,155.6999969,480.2999878,Churned,Competitor,Competitor had better devices,1
2070-FNEXE,Female,77,No,Pasadena,0,7,Yes,No,Yes,Fiber Optic,Yes,No,No,No,No,No,No,No,Month-to-Month,No,Bank Withdrawal,76.44999695,503.6000061,11.05000019,0,188.6499939,681.2000122,Churned,Price,Lack of affordable download/upload speed,1
2074-GKOWZ,Male,49,Yes,Novato,1,2,Yes,No,Yes,Fiber Optic,No,No,No,No,Yes,Yes,Yes,Yes,Month-to-Month,Yes,Bank Withdrawal,89.55000305,185.5500031,0,0,17.71999931,203.2700043,Churned,Competitor,Competitor had better devices,1
2079-FBMZK,Female,50,No,Antelope,0,6,Yes,No,Yes,Fiber Optic,No,No,No,No,No,No,No,Yes,Month-to-Month,Yes,Mailed Check,69.25,418.3999939,0,0,236.1600037,654.5599976,Churned,Competitor,Competitor made better offer,1
2082-CEFLT,Male,31,No,San Diego,0,1,Yes,No,Yes,DSL,No,No,No,No,No,No,No,Yes,Month-to-Month,Yes,Bank Withdrawal,45.59999847,45.59999847,0,0,11.72999954,57.33000183,Churned,Competitor,Competitor made better offer,1
2082-OJVTK,Male,25,Yes,San Diego,1,29,Yes,Yes,Yes,Fiber Optic,No,No,Yes,No,No,Yes,Yes,Yes,Month-to-Month,Yes,Bank Withdrawal,89.19999695,2698.350098,0,0,116,2814.350098,Churned,Competitor,Competitor made better offer,1
2091-RFFBA,Female,70,No,Port Costa,0,31,Yes,Yes,Yes,Fiber Optic,No,No,No,No,No,No,No,Yes,Month-to-Month,Yes,Bank Withdrawal,73.90000153,2217.149902,0,0,478.3299866,2695.47998,Churned,Attitude,Attitude of support person,1
2108-XWMPY,Male,29,No,Cabazon,0,3,No,No,Yes,DSL,Yes,Yes,No,No,No,No,No,Yes,Month-to-Month,Yes,Credit Card,35.45000076,106.8499985,0,0,0,106.8499985,Churned,Other,Moved,1
2114-MGINA,Female,57,No,Rio Vista,0,14,Yes,No,Yes,Fiber Optic,No,No,No,No,Yes,Yes,Yes,Yes,Month-to-Month,Yes,Credit Card,89.80000305,1129.099976,0,0,144.1999969,1273.300049,Churned,Attitude,Attitude of support person,1
2115-BFTIW,Male,52,No,Clearlake Oaks,0,25,Yes,No,Yes,Fiber Optic,No,No,No,No,No,No,No,No,Month-to-Month,No,Credit Card,70.94999695,1767.349976,0,20,622.75,2410.100098,Churned,Dissatisfaction,Product dissatisfaction,1
2135-DQWAQ,Female,37,No,Santa Barbara,0,5,Yes,No,Yes,Fiber Optic,No,Yes,No,No,Yes,No,No,No,Month-to-Month,Yes,Credit Card,85.30000305,420.4500122,0,10,228.6999969,659.1500244,Stayed,Others,Others,1
2135-RXIHG,Male,63,No,Carson,0,1,Yes,No,Yes,Cable,No,No,No,No,No,No,No,Yes,Month-to-Month,Yes,Bank Withdrawal,45.65000153,45.65000153,0,0,14.11999989,59.77000046,Churned,Competitor,Competitor had better devices,1
2150-UWTFY,Female,21,Yes,San Mateo,1,22,Yes,No,Yes,DSL,Yes,Yes,Yes,No,No,No,No,No,Month-to-Month,No,Credit Card,61.15000153,1422.050049,0,80,945.5599976,2447.610107,Churned,Dissatisfaction,Service dissatisfaction,1
2157-MXBJS,Male,20,Yes,Calistoga,1,13,Yes,Yes,Yes,Cable,No,No,Yes,No,Yes,Yes,Yes,Yes,One Year,Yes,Credit Card,75.30000305,989.4500122,0,0,535.8599854,1525.310059,Churned,Dissatisfaction,Network reliability,1
2165-VOEGB,Female,23,No,Burbank,0,46,Yes,No,Yes,Fiber Optic,Yes,Yes,No,Yes,Yes,Yes,Yes,Yes,One Year,Yes,Bank Withdrawal,105.1999969,4822.850098,0,0,1979.839966,6802.689941,Churned,Other,Don't know,1
2180-DXNEG,Female,46,No,Harbor City,0,12,Yes,No,Yes,Fiber Optic,No,No,Yes,No,Yes,Yes,Yes,Yes,Month-to-Month,Yes,Bank Withdrawal,96,1062.099976,0,0,306.480011,1368.579956,Churned,Dissatisfaction,Product dissatisfaction,1
2187-LZGPL,Female,36,No,Walnut Creek,0,7,No,No,Yes,DSL,No,Yes,No,No,No,Yes,Yes,Yes,Month-to-Month,Yes,Credit Card,40.09999847,293.2999878,0,0,0,293.2999878,Churned,Attitude,Attitude of service provider,1
2189-UXTKY,Female,27,Yes,La Quinta,1,22,Yes,Yes,Yes,DSL,Yes,No,No,Yes,Yes,Yes,Yes,Yes,Month-to-Month,Yes,Bank Withdrawal,79.19999695,1742.75,0,0,288.4200134,2031.170044,Churned,Dissatisfaction,Product dissatisfaction,1
2195-ZRVAX,Female,40,Yes,Rodeo,1,47,Yes,No,Yes,Cable,No,No,Yes,No,No,Yes,Yes,Yes,Month-to-Month,Yes,Bank Withdrawal,85.30000305,4045.649902,0,0,2080.219971,6125.870117,Churned,Other,Don't know,1
2202-CUYXZ,Male,25,No,Dublin,0,1,Yes,No,Yes,Fiber Optic,No,No,Yes,No,Yes,No,Yes,Yes,Month-to-Month,Yes,Bank Withdrawal,84.84999847,84.84999847,0,0,36.06999969,120.9199982,Churned,Competitor,Competitor had better devices,1
2205-YMZZJ,Male,75,No,Clovis,0,7,Yes,Yes,Yes,Fiber Optic,No,No,No,No,Yes,No,No,No,Month-to-Month,Yes,Bank Withdrawal,84.80000305,546.9500122,0,0,276.5700073,823.5200195,Churned,Competitor,Competitor made better offer,1
2207-NHRJK,Male,58,No,Carmel,0,1,Yes,No,Yes,DSL,No,Yes,No,No,No,No,No,Yes,Month-to-Month,No,Bank Withdrawal,50.79999924,50.79999924,0,0,1.279999971,52.08000183,Churned,Competitor,Competitor had better devices,1
2215-ZAFGX,Male,35,No,La Mesa,0,9,Yes,Yes,Yes,Fiber Optic,No,No,No,No,Yes,No,No,Yes,Month-to-Month,Yes,Bank Withdrawal,85.5,791.7000122,0,0,103.5,895.2000122,Stayed,Others,Others,1
2223-KAGMX,Female,47,No,Santa Rosa,0,15,Yes,No,No,,No,No,No,No,No,No,No,No,Month-to-Month,No,Bank Withdrawal,19.39999962,289.2999878,0,0,497.1000061,786.4000244,Churned,Price,Long distance charges,1
2225-ZRGSG,Female,38,Yes,Piru,1,70,Yes,Yes,Yes,Fiber Optic,Yes,Yes,Yes,Yes,No,No,No,Yes,Two Year,No,Bank Withdrawal,93.90000153,6579.049805,0,0,383.6000061,6962.649902,Churned,Price,Long distance charges,1
2232-DMLXU,Female,22,Yes,Van Nuys,0,1,Yes,No,Yes,DSL,No,No,No,No,Yes,No,Yes,Yes,Month-to-Month,No,Credit Card,55.20000076,55.20000076,0,0,35.59999847,90.80000305,Churned,Dissatisfaction,Poor expertise of online support,1
2235-ZGKPT,Female,36,Yes,Los Angeles,1,4,Yes,Yes,Yes,Cable,No,No,No,No,No,No,No,Yes,Month-to-Month,No,Credit Card,50.84999847,239.5500031,0,0,51.52000046,291.0700073,Churned,Dissatisfaction,Product dissatisfaction,1
2237-ZFSMY,Female,29,No,Riverdale,0,39,Yes,No,Yes,Fiber Optic,Yes,No,Yes,Yes,Yes,No,Yes,Yes,One Year,Yes,Bank Withdrawal,95.55000305,3692.850098,0,0,174.7200012,3867.570068,Churned,Attitude,Attitude of service provider,1
2239-JALAW,Male,20,No,Escondido,0,58,Yes,Yes,Yes,Fiber Optic,No,Yes,Yes,No,Yes,Yes,Yes,Yes,One Year,Yes,Bank Withdrawal,103.25,6017.649902,0,0,2581,8598.650391,Churned,Competitor,Competitor made better offer,1
2249-YPRNG,Female,57,Yes,The Sea Ranch,3,20,Yes,Yes,Yes,Fiber Optic,No,Yes,Yes,No,Yes,Yes,Yes,Yes,Month-to-Month,Yes,Bank Withdrawal,105.8499985,2239.649902,0,0,575.7999878,2815.449951,Churned,Dissatisfaction,Service dissatisfaction,1
2260-USTRB,Female,75,No,Campo,0,2,Yes,No,Yes,Fiber Optic,No,No,No,No,No,No,No,Yes,Month-to-Month,Yes,Bank Withdrawal,70.19999695,115.9499969,0,0,19.10000038,135.0500031,Churned,Competitor,Competitor offered more data,1
2265-CYWIV,Female,68,Yes,Hickman,1,4,Yes,Yes,Yes,Fiber Optic,Yes,No,No,No,Yes,Yes,No,Yes,Month-to-Month,Yes,Bank Withdrawal,99.59999847,347.6499939,25.79000092,0,75.63999939,397.5,Churned,Dissatisfaction,Network reliability,1
2272-QAGFO,Female,75,No,Inglewood,0,14,Yes,Yes,Yes,Fiber Optic,No,No,No,No,No,No,No,Yes,Month-to-Month,Yes,Bank Withdrawal,74.30000305,1096.25,0,0,490.980011,1587.22998,Churned,Dissatisfaction,Service dissatisfaction,1
2276-YDAVZ,Female,63,No,San Diego,0,3,Yes,Yes,Yes,Fiber Optic,No,No,No,No,No,No,No,Yes,Month-to-Month,Yes,Credit Card,75.09999847,270.7000122,0,0,79.55999756,350.2600098,Churned,Competitor,Competitor made better offer,1
2309-OSFEU,Male,42,No,Smith River,0,10,No,No,Yes,DSL,No,No,No,No,No,Yes,Yes,Yes,Month-to-Month,Yes,Credit Card,33.90000153,298.4500122,0,0,0,298.4500122,Churned,Attitude,Attitude of support person,1
2311-QYMUQ,Female,41,Yes,San Joaquin,1,16,Yes,No,Yes,Fiber Optic,No,Yes,Yes,No,Yes,No,No,Yes,Month-to-Month,Yes,Credit Card,89.44999695,1430.25,0,0,507.6799927,1937.930054,Churned,Attitude,Attitude of support person,1
2320-JRSDE,Female,33,Yes,Richgrove,1,1,Yes,No,No,,No,No,No,No,No,No,No,No,Month-to-Month,Yes,Bank Withdrawal,19.89999962,19.89999962,0,0,7.489999771,27.38999939,Churned,Attitude,Attitude of service provider,1
2321-OMBXY,Female,55,Yes,San Diego,1,38,Yes,No,Yes,DSL,Yes,Yes,No,Yes,Yes,Yes,Yes,Yes,One Year,No,Credit Card,80.30000305,3058.649902,0,0,1601.319946,4659.970215,Churned,Other,Don't know,1
2332-EFBJY,Male,35,No,Sherman Oaks,0,16,Yes,No,No,,No,No,No,No,No,No,No,No,Month-to-Month,Yes,Credit Card,19.70000076,342.3999939,0,0,91.83999634,434.2399902,Churned,Price,Long distance charges,1
2344-JMOGN,Male,54,Yes,Buttonwillow,1,9,Yes,No,Yes,Fiber Optic,No,Yes,Yes,Yes,Yes,No,No,Yes,Month-to-Month,Yes,Credit Card,94.84999847,890.5999756,0,0,157.2299957,1047.829956,Churned,Other,Don't know,1
2357-COQEK,Female,79,No,Atherton,0,28,Yes,Yes,Yes,Fiber Optic,No,No,Yes,Yes,Yes,Yes,No,Yes,Month-to-Month,Yes,Bank Withdrawal,103.3000031,2890.649902,0,0,787.9199829,3678.570068,Churned,Competitor,Competitor made better offer,1
2359-KMGLI,Male,52,No,Running Springs,0,24,Yes,Yes,Yes,Fiber Optic,No,Yes,No,No,No,No,No,Yes,Month-to-Month,Yes,Bank Withdrawal,80.25,1861.5,0,0,1183.199951,3044.699951,Churned,Competitor,Competitor had better devices,1
2359-QWQUL,Female,35,Yes,Los Angeles,1,39,Yes,No,Yes,Fiber Optic,Yes,No,Yes,Yes,Yes,Yes,Yes,Yes,One Year,Yes,Credit Card,104.6999969,4134.850098,0,0,370.8900146,4505.740234,Churned,Competitor,Competitor made better offer,1
2362-IBOOY,Male,22,No,San Diego,0,36,Yes,Yes,Yes,Fiber Optic,No,No,No,No,No,Yes,Yes,Yes,Month-to-Month,Yes,Bank Withdrawal,84.75,3050.149902,0,0,1582.920044,4633.069824,Churned,Competitor,Competitor made better offer,1
2369-UAPKZ,Male,43,No,Meadow Vista,0,5,Yes,Yes,Yes,Fiber Optic,No,Yes,Yes,No,Yes,Yes,Yes,Yes,Month-to-Month,No,Mailed Check,104.0999985,541.9000244,0,0,194.4499969,736.3499756,Churned,Other,Moved,1
2372-HWUHI,Male,45,No,Lakewood,0,2,Yes,No,Yes,DSL,No,No,No,No,No,No,No,Yes,Month-to-Month,No,Bank Withdrawal,44.34999847,81.25,0,0,93.68000031,174.9299927,Churned,Other,Don't know,1
2379-ENZGV,Male,61,No,San Diego,0,6,Yes,No,Yes,Fiber Optic,No,Yes,No,No,Yes,No,No,Yes,Month-to-Month,Yes,Bank Withdrawal,84.84999847,523.5,0,0,235.9199982,759.4199829,Churned,Competitor,Competitor made better offer,1
2382-BCKQJ,Female,41,No,Escondido,0,62,Yes,Yes,Yes,Fiber Optic,No,No,Yes,No,Yes,Yes,Yes,Yes,One Year,Yes,Bank Withdrawal,100.1500015,6413.649902,0,0,2019.959961,8433.610352,Churned,Competitor,Competitor made better offer,1
2386-LAHRK,Male,22,No,Weimar,0,1,Yes,No,Yes,DSL,No,No,No,No,Yes,No,No,Yes,Month-to-Month,Yes,Mailed Check,53.5,53.5,0,0,14.57999992,68.08000183,Churned,Dissatisfaction,Product dissatisfaction,1
2391-SOORI,Male,40,No,Big Bear City,0,4,Yes,No,Yes,DSL,Yes,No,No,No,No,No,No,Yes,Month-to-Month,No,Bank Withdrawal,49.34999847,219.6499939,0,0,104.1600037,323.8099976,Churned,Dissatisfaction,Lack of self-service on Website,1
2397-BRLOM,Male,67,Yes,San Rafael,2,8,Yes,No,Yes,Fiber Optic,No,No,No,No,Yes,No,No,Yes,Month-to-Month,Yes,Credit Card,80.44999695,583.4500122,0,0,215.9199982,799.3699951,Churned,Other,Don't know,1
2398-YPMUR,Female,77,Yes,Dinuba,2,13,Yes,No,Yes,Fiber Optic,No,No,No,No,No,No,No,No,Month-to-Month,Yes,Bank Withdrawal,70.15000153,916.75,0,90,492.1799927,1498.930054,Churned,Dissatisfaction,Poor expertise of online support,1
2403-BCASL,Male,66,Yes,Santa Ana,1,41,Yes,Yes,Yes,Cable,No,Yes,Yes,Yes,Yes,Yes,No,Yes,One Year,Yes,Bank Withdrawal,111.9499969,4534.899902,0,0,1846.640015,6381.540039,Churned,Other,Don't know,1
2408-TZMJL,Male,43,Yes,Gualala,1,59,Yes,Yes,Yes,Fiber Optic,Yes,Yes,Yes,No,Yes,Yes,Yes,Yes,One Year,Yes,Bank Withdrawal,110.1500015,6448.049805,0,0,1339.890015,7787.939941,Churned,Dissatisfaction,Network reliability,1
2430-USGXP,Male,44,Yes,Santa Fe Springs,1,24,Yes,Yes,Yes,Fiber Optic,No,No,Yes,No,Yes,Yes,Yes,Yes,Month-to-Month,Yes,Bank Withdrawal,-1,2391.800049,0,0,830.8800049,3222.679932,Churned,Price,Lack of affordable download/upload speed,1
2446-BEGGB,Female,79,No,Lakewood,0,6,Yes,Yes,Yes,Fiber Optic,No,Yes,No,No,Yes,Yes,Yes,Yes,Month-to-Month,Yes,Bank Withdrawal,98.25,560.5999756,0,0,284.1000061,844.7000122,Churned,Attitude,Attitude of support person,1
2446-PLQVO,Male,32,No,Santa Clarita,0,1,Yes,No,Yes,Fiber Optic,No,No,No,No,No,No,No,Yes,Month-to-Month,Yes,Bank Withdrawal,70.30000305,70.30000305,0,0,5.670000076,75.97000122,Churned,Other,Don't know,1
2454-RPBRZ,Female,67,Yes,Catheys Valley,1,12,Yes,Yes,Yes,Fiber Optic,No,Yes,Yes,No,Yes,No,No,Yes,Month-to-Month,Yes,Bank Withdrawal,98.09999847,1060.199951,49.06000137,0,367.5599976,1378.699951,Churned,Dissatisfaction,Service dissatisfaction,1
2460-FPSYH,Female,72,No,Exeter,0,40,No,No,Yes,Cable,Yes,Yes,No,No,Yes,Yes,Yes,No,Month-to-Month,Yes,Bank Withdrawal,55.79999924,2109.350098,0,80,0,2189.350098,Churned,Attitude,Attitude of support person,1
2462-XIIJB,Male,33,No,Miranda,0,5,Yes,Yes,Yes,Fiber Optic,No,No,Yes,No,Yes,No,No,Yes,Month-to-Month,Yes,Bank Withdrawal,92.5,452.7000122,0,0,16.25,468.9500122,Churned,Competitor,Competitor offered more data,1
2472-OVKUP,Male,39,Yes,Canoga Park,5,6,Yes,No,Yes,Fiber Optic,No,Yes,Yes,No,No,Yes,Yes,Yes,Month-to-Month,Yes,Bank Withdrawal,91,531,0,0,252.4799957,783.4799805,Churned,Dissatisfaction,Service dissatisfaction,1
2474-BRUCM,Male,76,Yes,Redding,1,40,Yes,Yes,Yes,Fiber Optic,Yes,No,No,No,Yes,Yes,No,Yes,Month-to-Month,No,Bank Withdrawal,101.8499985,4086.300049,0,0,114,4200.299805,Churned,Other,Don't know,1
2479-BRAMR,Male,74,Yes,Murphys,1,41,Yes,Yes,Yes,Fiber Optic,Yes,No,Yes,No,No,No,No,Yes,Month-to-Month,Yes,Bank Withdrawal,83.75,3273.550049,0,0,1879.439941,5152.990234,Churned,Competitor,Competitor offered more data,1
2484-DGXPZ,Female,45,Yes,San Dimas,1,31,Yes,No,No,,No,No,No,No,No,No,No,No,Month-to-Month,Yes,Credit Card,19.54999924,658.9500122,0,0,932.1699829,1591.119995,Churned,Attitude,Attitude of support person,1
2485-ITVKB,Female,36,Yes,Northridge,1,2,No,No,Yes,DSL,No,No,No,No,No,Yes,Yes,No,Month-to-Month,Yes,Bank Withdrawal,35.09999847,68.75,0,10,0,78.75,Churned,Attitude,Attitude of support person,1
2495-INZWQ,Male,44,No,San Juan Bautista,0,4,No,No,Yes,Cable,No,No,No,No,Yes,Yes,Yes,No,Month-to-Month,Yes,Bank Withdrawal,44.54999924,174.3000031,0,10,0,184.3000031,Churned,Attitude,Attitude of service provider,1
2506-CLAKW,Female,20,No,Ventura,0,6,Yes,No,Yes,Fiber Optic,Yes,Yes,Yes,Yes,No,Yes,Yes,Yes,Month-to-Month,Yes,Bank Withdrawal,98.15000153,567.4500122,0,0,121.5599976,689.0100098,Churned,Attitude,Attitude of support person,1
2506-TNFCO,Female,76,Yes,Riverside,1,1,Yes,No,Yes,Fiber Optic,No,No,No,No,No,No,No,Yes,Month-to-Month,Yes,Bank Withdrawal,69.55000305,69.55000305,0,0,12.46000004,82.01000214,Churned,Dissatisfaction,Network reliability,1
2514-GINMM,Male,60,No,Dana Point,0,1,Yes,No,Yes,Fiber Optic,No,No,No,No,Yes,No,No,No,Month-to-Month,Yes,Bank Withdrawal,79.5,79.5,0,0,48.97000122,128.4700012,Churned,Attitude,Attitude of service provider,1
2516-VQRRV,Female,77,No,Culver City,0,2,Yes,Yes,Yes,Fiber Optic,No,No,No,No,No,No,No,Yes,Month-to-Month,Yes,Credit Card,75.44999695,158.3999939,0,0,46.91999817,205.3200073,Churned,Price,Long distance charges,1
2519-FAKOD,Male,30,No,Tehachapi,0,38,Yes,Yes,Yes,Fiber Optic,No,No,Yes,No,Yes,Yes,Yes,Yes,Month-to-Month,Yes,Bank Withdrawal,99.25,3777.149902,0,0,1188.26001,4965.410156,Churned,Competitor,Competitor had better devices,1
2528-HFYZX,Male,66,Yes,Santa Ana,2,17,Yes,No,Yes,Fiber Optic,No,Yes,No,No,No,No,No,Yes,Month-to-Month,Yes,Bank Withdrawal,76.44999695,1233.400024,0,0,17.85000038,1251.25,Churned,Competitor,Competitor had better devices,1
2530-ENDWQ,Female,55,Yes,Rio Dell,2,71,Yes,Yes,Yes,Fiber Optic,No,No,No,No,Yes,Yes,Yes,Yes,Two Year,Yes,Bank Withdrawal,93.69999695,6585.350098,0,0,2876.919922,9462.269531,Churned,Competitor,Competitor offered more data,1
2533-QVMSK,Male,46,Yes,March Air Reserve Base,9,61,Yes,Yes,Yes,Fiber Optic,No,Yes,No,Yes,Yes,No,No,Yes,Two Year,Yes,Bank Withdrawal,94.09999847,5638.299805,0,0,1643.339966,7281.640137,Churned,Competitor,Competitor offered more data,1
2565-JSLRY,Male,21,No,Bakersfield,0,1,Yes,Yes,No,,No,No,No,No,No,No,No,No,Month-to-Month,Yes,Mailed Check,24.04999924,24.04999924,0,0,20.26000023,44.31000137,Churned,Price,Price too high,1
2568-BRGYX,Male,43,No,Dixon,0,4,Yes,No,Yes,Fiber Optic,No,No,No,No,No,No,No,Yes,Month-to-Month,Yes,Bank Withdrawal,70.19999695,237.9499969,0,0,52.08000183,290.0299988,Churned,Competitor,Competitor had better devices,1
2568-OIADY,Female,26,Yes,Escondido,1,37,Yes,Yes,Yes,Fiber Optic,No,No,Yes,No,Yes,Yes,Yes,Yes,Month-to-Month,Yes,Bank Withdrawal,99.5,3762,0,0,1342.72998,5104.72998,Churned,Competitor,Competitor made better offer,1
2575-GFSOE,Female,25,Yes,Graton,1,7,Yes,No,Yes,Fiber Optic,No,No,No,No,No,No,Yes,Yes,Month-to-Month,Yes,Bank Withdrawal,69,506.8999939,0,0,62.65000153,569.5499878,Churned,Attitude,Attitude of service provider,1
2592-SEIFQ,Male,36,No,San Anselmo,0,3,No,No,Yes,DSL,No,No,No,No,No,No,No,Yes,Month-to-Month,No,Bank Withdrawal,24.75,66.94999695,0,0,0,66.94999695,Churned,Competitor,Competitor offered higher download speeds,1
2606-RMDHZ,Male,47,No,Lakewood,0,6,No,No,Yes,DSL,No,Yes,No,No,No,No,No,Yes,Month-to-Month,Yes,Credit Card,30.5,208.6999969,0,0,0,208.6999969,Churned,Competitor,Competitor had better devices,1
2608-BHKFN,Female,46,No,Berkeley,0,4,Yes,No,Yes,Fiber Optic,No,No,No,No,No,No,No,Yes,Month-to-Month,Yes,Credit Card,70.05000305,266.8999939,0,0,50.31999969,317.2200012,Churned,Competitor,Competitor had better devices,1
2609-IAICY,Female,32,No,North Fork,0,1,Yes,Yes,Yes,Fiber Optic,No,No,No,No,No,No,No,No,Month-to-Month,Yes,Bank Withdrawal,77.15000153,77.15000153,0,10,27.70000076,114.8499985,Churned,Dissatisfaction,Limited range of services,1
2612-RANWT,Female,24,No,Mount Laguna,0,12,Yes,Yes,Yes,Fiber Optic,No,No,Yes,No,Yes,Yes,Yes,Yes,Month-to-Month,Yes,Bank Withdrawal,100.1500015,1164.300049,0,0,366.480011,1530.780029,Churned,Price,Price too high,1
2612-RRIDN,Male,25,No,Westwood,0,4,Yes,No,Yes,Fiber Optic,No,No,No,No,Yes,No,Yes,No,Month-to-Month,Yes,Bank Withdrawal,81,340.8500061,0,50,86.48000336,477.3299866,Churned,Dissatisfaction,Limited range of services,1
2619-WFQWU,Female,34,No,Mission Viejo,0,1,Yes,No,Yes,Fiber Optic,No,No,No,No,No,No,No,Yes,Month-to-Month,Yes,Mailed Check,70.15000153,70.15000153,0,0,2.24000001,72.38999939,Churned,Competitor,Competitor offered higher download speeds,1
2626-URJFX,Male,55,Yes,Termo,1,4,Yes,Yes,Yes,DSL,No,No,No,No,No,No,No,Yes,Month-to-Month,Yes,Bank Withdrawal,50.90000153,225.6000061,0,0,34.31999969,259.9200134,Churned,Dissatisfaction,Network reliability,1
2632-UCGVD,Male,71,Yes,Fairfield,6,66,Yes,Yes,Yes,Fiber Optic,No,No,No,Yes,Yes,Yes,No,Yes,Month-to-Month,Yes,Credit Card,100.0500031,6871.899902,0,0,3290.100098,10162,Churned,Price,Extra data charges,1
2634-HCZGT,Male,71,Yes,San Jose,1,53,Yes,Yes,Yes,Cable,Yes,No,No,Yes,No,No,No,No,One Year,Yes,Bank Withdrawal,60.04999924,3229.649902,0,100,1148.51001,4478.160156,Churned,Other,Moved,1
2636-ALXXZ,Female,68,No,Tahoe Vista,0,1,Yes,No,Yes,Fiber Optic,No,No,No,No,No,No,No,Yes,Month-to-Month,Yes,Bank Withdrawal,69.59999847,69.59999847,0,0,45.79999924,115.4000015,Churned,Dissatisfaction,Poor expertise of online support,1
2636-OHFMN,Male,26,Yes,Orosi,4,4,No,No,Yes,DSL,No,Yes,No,No,Yes,Yes,Yes,Yes,Month-to-Month,Yes,Bank Withdrawal,48.54999924,201,0,0,0,201,Churned,Price,Long distance charges,1
2640-PMGFL,Male,35,No,West Sacramento,0,27,Yes,Yes,Yes,Fiber Optic,No,No,No,Yes,No,No,No,Yes,Month-to-Month,Yes,Bank Withdrawal,79.5,2180.550049,0,0,667.4400024,2847.98999,Churned,Price,Lack of affordable download/upload speed,1
2642-DTVCO,Male,68,No,Chualar,0,9,Yes,Yes,Yes,Fiber Optic,No,No,No,No,No,Yes,No,No,Month-to-Month,Yes,Bank Withdrawal,85.05000305,746.5,0,30,109.6200027,886.1199951,Churned,Attitude,Attitude of service provider,1
2645-QTLMB,Male,22,No,Bloomington,0,7,Yes,No,Yes,Fiber Optic,No,Yes,No,No,Yes,Yes,Yes,Yes,Month-to-Month,Yes,Bank Withdrawal,94.25,669,0,0,84.34999847,753.3499756,Churned,Dissatisfaction,Network reliability,1
2656-FMOKZ,Female,70,No,Pasadena,0,15,Yes,Yes,Yes,Fiber Optic,No,No,No,No,No,No,No,Yes,Month-to-Month,Yes,Mailed Check,74.44999695,1145.699951,0,0,661.0499878,1806.75,Churned,Dissatisfaction,Limited range of services,1
2656-TABEH,Male,57,Yes,Temecula,1,4,Yes,Yes,Yes,Fiber Optic,No,Yes,No,No,Yes,Yes,Yes,Yes,Month-to-Month,Yes,Bank Withdrawal,100.1999969,420.2000122,0,0,112.8799973,533.0800171,Churned,Dissatisfaction,Service dissatisfaction,1
2657-ALMWY,Female,65,Yes,Simi Valley,1,26,Yes,No,Yes,Fiber Optic,No,Yes,No,No,No,Yes,Yes,Yes,Month-to-Month,No,Bank Withdrawal,84.94999695,2169.75,0,0,474.7600098,2644.51001,Churned,Price,Price too high,1
2659-VXMWZ,Male,58,Yes,Newport Coast,0,67,Yes,Yes,Yes,Fiber Optic,Yes,Yes,Yes,No,Yes,Yes,Yes,Yes,One Year,Yes,Bank Withdrawal,111.3000031,7482.100098,0,0,1959.079956,9441.179688,Churned,Attitude,Attitude of support person,1
2660-EMUBI,Male,71,No,Escondido,0,10,Yes,Yes,Yes,Fiber Optic,No,No,No,No,Yes,Yes,No,Yes,Month-to-Month,Yes,Bank Withdrawal,95.34999847,898.3499756,0,0,413.7000122,1312.050049,Churned,Competitor,Competitor made better offer,1
2667-WYLWJ,Female,44,Yes,Dunnigan,1,8,Yes,No,No,,No,No,No,No,No,No,No,No,One Year,Yes,Credit Card,19.75,145,0,0,369.0400085,514.039978,Churned,Price,Long distance charges,1
2672-DZUOY,Male,46,No,Buttonwillow,0,1,No,No,Yes,DSL,No,No,No,No,No,No,No,Yes,Month-to-Month,Yes,Bank Withdrawal,25.14999962,25.14999962,0,0,0,25.14999962,Churned,Competitor,Competitor had better devices,1
2672-HUYVI,Female,53,No,Newman,0,6,Yes,No,Yes,Fiber Optic,No,No,No,No,Yes,Yes,Yes,Yes,Month-to-Month,Yes,Bank Withdrawal,91.09999847,455.2999878,0,0,70.86000061,526.1599731,Churned,Price,Long distance charges,1
2683-BPJSO,Male,37,Yes,Byron,0,29,Yes,Yes,Yes,Fiber Optic,Yes,Yes,No,No,No,No,No,Yes,Month-to-Month,Yes,Bank Withdrawal,84.44999695,2467.100098,0,0,822.7299805,3289.830078,Churned,Dissatisfaction,Lack of self-service on Website,1
2684-EIWEO,Female,69,No,San Diego,0,30,Yes,Yes,Yes,Fiber Optic,Yes,Yes,Yes,No,No,No,No,Yes,Month-to-Month,No,Credit Card,91.69999695,2758.149902,0,0,1376.400024,4134.549805,Churned,Competitor,Competitor made better offer,1
2685-SREOM,Female,36,Yes,Rancho Cucamonga,1,25,Yes,Yes,Yes,Fiber Optic,No,No,Yes,No,No,Yes,Yes,Yes,Month-to-Month,Yes,Bank Withdrawal,89.09999847,2368.399902,0,0,581,2949.399902,Churned,Competitor,Competitor had better devices,1
2691-NZETQ,Male,28,No,San Jose,0,9,Yes,Yes,Yes,Fiber Optic,No,No,No,No,Yes,No,No,Yes,Month-to-Month,Yes,Bank Withdrawal,85.34999847,758.5999756,0,0,442.2600098,1200.859985,Churned,Competitor,Competitor offered higher download speeds,1
2696-NARTR,Male,40,No,Corona Del Mar,0,11,Yes,No,Yes,Fiber Optic,No,No,No,Yes,No,No,No,Yes,Month-to-Month,Yes,Bank Withdrawal,73.84999847,926.25,0,0,494.3399963,1420.589966,Churned,Other,Moved,1
2718-GAXQD,Female,68,Yes,Fallbrook,1,4,Yes,No,Yes,Cable,No,No,No,No,No,No,No,Yes,Month-to-Month,No,Bank Withdrawal,46,181.6000061,0,0,168.5200043,350.1199951,Churned,Competitor,Competitor made better offer,1
2719-BDAQO,Male,36,No,Sunnyvale,0,17,Yes,No,Yes,Fiber Optic,Yes,No,No,No,Yes,Yes,Yes,Yes,Month-to-Month,No,Bank Withdrawal,93.84999847,1625.650024,0,0,76.66999817,1702.319946,Churned,Price,Price too high,1
2720-WGKHP,Male,65,No,Sloughhouse,0,2,Yes,Yes,Yes,Fiber Optic,No,No,No,No,Yes,Yes,Yes,Yes,Month-to-Month,Yes,Bank Withdrawal,94,181.6999969,0,0,41.97999954,223.6799927,Churned,Other,Don't know,1
2722-JMONI,Female,73,Yes,Escondido,1,1,Yes,No,Yes,Cable,Yes,No,No,No,No,No,No,Yes,Month-to-Month,Yes,Bank Withdrawal,49.54999924,49.54999924,0,0,24.23999977,73.79000092,Churned,Dissatisfaction,Limited range of services,1
2722-VOJQL,Male,30,No,San Diego,0,64,Yes,Yes,Yes,Fiber Optic,No,Yes,No,Yes,Yes,Yes,Yes,Yes,One Year,Yes,Credit Card,105.6500015,6903.100098,0,0,1550.719971,8453.820313,Churned,Other,Don't know,1
2725-KXXWT,Male,26,Yes,Vallejo,0,1,Yes,No,Yes,Fiber Optic,No,No,No,No,Yes,Yes,Yes,Yes,Month-to-Month,Yes,Bank Withdrawal,90.75,90.75,0,0,23.05999947,113.8099976,Churned,Attitude,Attitude of support person,1
2737-WFVYW,Female,28,No,Marina Del Rey,0,2,No,No,Yes,DSL,No,No,No,No,Yes,Yes,Yes,No,Month-to-Month,Yes,Bank Withdrawal,45.25,85.5,0,10,0,95.5,Churned,Dissatisfaction,Product dissatisfaction,1
2737-YNGYW,Female,29,No,Hemet,0,2,Yes,No,Yes,Fiber Optic,No,No,No,No,No,Yes,Yes,Yes,Month-to-Month,No,Bank Withdrawal,80.55000305,184.1000061,0,0,67.77999878,251.8800049,Churned,Attitude,Attitude of support person,1
2748-MYRVK,Female,22,No,Fresno,0,63,Yes,Yes,Yes,Fiber Optic,No,Yes,No,No,Yes,Yes,Yes,Yes,One Year,No,Bank Withdrawal,99.90000153,6137,0,0,527.9400024,6664.939941,Churned,Price,Long distance charges,1
2754-VDLTR,Male,54,No,Greenview,0,10,Yes,Yes,Yes,Fiber Optic,No,No,No,No,Yes,Yes,Yes,Yes,Month-to-Month,No,Bank Withdrawal,95.19999695,930.4000244,0,0,356.2999878,1286.699951,Churned,Competitor,Competitor offered more data,1
2754-XBHTB,Female,40,No,Amador City,0,9,Yes,No,Yes,Fiber Optic,No,No,No,No,Yes,No,No,Yes,Month-to-Month,Yes,Bank Withdrawal,77.65000153,714.1500244,0,0,205.9199982,920.0700073,Churned,Competitor,Competitor made better offer,1
2761-OCIAX,Male,74,No,Palo Cedro,0,2,Yes,No,Yes,Fiber Optic,No,Yes,No,No,No,No,No,Yes,Month-to-Month,Yes,Bank Withdrawal,74.69999695,165.3999939,0,0,13.02000046,178.4199982,Churned,Competitor,Competitor made better offer,1
2774-LVQUS,Female,65,Yes,Temecula,2,15,Yes,Yes,Yes,Fiber Optic,No,No,Yes,Yes,No,No,No,No,Month-to-Month,Yes,Bank Withdrawal,83.05000305,1258.300049,0,110,661.9500122,2030.25,Churned,Competitor,Competitor made better offer,1
2777-PHDEI,Female,20,No,Ahwahnee,0,1,Yes,No,Yes,Fiber Optic,No,No,No,No,Yes,No,Yes,No,Month-to-Month,No,Bank Withdrawal,78.05000305,78.05000305,0,10,29.40999985,117.4599991,Churned,Competitor,Competitor offered more data,1
2778-OCLGR,Male,75,Yes,Soda Springs,1,24,No,No,Yes,DSL,Yes,No,No,No,No,Yes,No,Yes,Month-to-Month,No,Bank Withdrawal,39.09999847,971.2999878,0,0,0,971.2999878,Churned,Competitor,Competitor had better devices,1
2794-XIMMO,Male,61,Yes,Rancho Cucamonga,1,53,No,No,Yes,DSL,No,Yes,Yes,Yes,Yes,Yes,Yes,Yes,One Year,Yes,Bank Withdrawal,60.45000076,3184.25,0,0,0,3184.25,Churned,Price,Lack of affordable download/upload speed,1
2815-CPTUL,Male,68,No,Gasquet,0,5,Yes,No,Yes,Fiber Optic,No,No,No,No,No,No,No,Yes,Month-to-Month,Yes,Credit Card,70.25,331.8999939,12.47999954,0,11.35000038,330.769989,Churned,Price,Price too high,1
2817-NTQDO,Male,52,No,Huntington Beach,0,13,No,No,Yes,DSL,Yes,No,No,Yes,Yes,No,No,Yes,Month-to-Month,Yes,Credit Card,45.54999924,597,0,0,0,597,Churned,Dissatisfaction,Poor expertise of online support,1
2833-SLKDQ,Male,23,No,Caspar,0,1,Yes,No,Yes,Cable,No,No,No,No,No,No,Yes,Yes,Month-to-Month,No,Credit Card,45.04999924,45.04999924,0,0,48.02999878,93.08000183,Churned,Competitor,Competitor had better devices,1
2834-JRTUA,Male,30,No,Martinez,0,71,Yes,Yes,Yes,Fiber Optic,Yes,No,Yes,Yes,Yes,Yes,Yes,Yes,Two Year,Yes,Bank Withdrawal,108.0500031,7532.149902,0,0,3508.820068,11040.96973,Churned,Competitor,Competitor had better devices,1
2834-SPCJV,Male,40,Yes,Rough And Ready,1,52,Yes,No,Yes,Fiber Optic,Yes,No,No,No,Yes,No,No,Yes,Month-to-Month,No,Bank Withdrawal,84.09999847,4348.649902,0,0,1995.23999,6343.890137,Churned,Competitor,Competitor had better devices,1
2839-RFSQE,Female,60,No,Rancho Mirage,0,2,Yes,No,No,,No,No,No,No,No,No,No,No,Month-to-Month,No,Mailed Check,20.64999962,38.70000076,0,0,49.41999817,88.12000275,Churned,Attitude,Attitude of support person,1
2840-XANRC,Male,77,Yes,San Diego,1,24,Yes,No,Yes,Cable,No,No,Yes,No,Yes,Yes,Yes,Yes,Month-to-Month,Yes,Bank Withdrawal,93.15000153,2231.050049,0,0,386.3999939,2617.449951,Churned,Competitor,Competitor made better offer,1
2842-JTCCU,Male,27,No,Hopland,0,2,Yes,No,Yes,Cable,No,No,No,No,No,No,Yes,No,Month-to-Month,No,Bank Withdrawal,46.04999924,80.34999847,0,10,59.38000107,149.7299957,Churned,Attitude,Attitude of service provider,1
2845-AFFTX,Male,78,Yes,Westport,0,41,Yes,Yes,Yes,Fiber Optic,No,No,Yes,No,Yes,Yes,No,Yes,Month-to-Month,Yes,Bank Withdrawal,99.80000305,4259.299805,8.880000114,0,924.960022,5175.379883,Churned,Dissatisfaction,Product dissatisfaction,1
2845-HSJCY,Female,49,Yes,Fallbrook,1,14,Yes,Yes,Yes,Fiber Optic,No,No,Yes,No,No,Yes,Yes,Yes,Month-to-Month,Yes,Bank Withdrawal,87.25,1258.599976,0,0,408.519989,1667.119995,Churned,Competitor,Competitor made better offer,1
2856-HYAPG,Female,62,No,Platina,0,1,Yes,No,Yes,Fiber Optic,No,No,No,No,No,No,No,Yes,Month-to-Month,No,Bank Withdrawal,68.65000153,68.65000153,0,0,12.39999962,81.05000305,Churned,Price,Price too high,1
2856-NNASM,Male,74,No,Santa Rosa,0,43,Yes,No,Yes,Fiber Optic,No,No,No,No,Yes,Yes,Yes,Yes,Month-to-Month,Yes,Mailed Check,89.55000305,3856.75,0,0,1682.160034,5538.910156,Churned,Dissatisfaction,Network reliability,1
2858-MOFSQ,Female,50,No,Rio Oso,0,17,Yes,Yes,Yes,DSL,No,No,Yes,No,No,No,No,Yes,One Year,Yes,Mailed Check,55.84999847,937.5,0,0,413.269989,1350.77002,Churned,Price,Price too high,1
2860-RANUS,Female,67,No,Mc Kittrick,0,20,Yes,Yes,Yes,Fiber Optic,No,No,No,No,No,Yes,Yes,Yes,Month-to-Month,Yes,Credit Card,85.80000305,1727.5,0,0,585.7999878,2313.300049,Churned,Price,Price too high,1
2865-TCHJW,Female,74,No,Anaheim,0,4,Yes,Yes,Yes,Cable,No,No,Yes,No,Yes,No,No,Yes,Month-to-Month,Yes,Bank Withdrawal,89.19999695,346.2000122,0,0,193.3999939,539.5999756,Churned,Competitor,Competitor had better devices,1
2867-UIMSS,Male,24,No,Vernalis,0,1,Yes,No,Yes,Fiber Optic,No,No,No,No,No,Yes,Yes,Yes,Month-to-Month,No,Bank Withdrawal,80.5,80.5,0,0,35.77000046,116.2699966,Churned,Dissatisfaction,Product dissatisfaction,1
2868-MZAGQ,Male,49,No,Modesto,0,1,Yes,No,Yes,Fiber Optic,No,No,No,No,No,Yes,Yes,Yes,Month-to-Month,Yes,Bank Withdrawal,79.25,79.25,0,0,19.97999954,99.23000336,Churned,Dissatisfaction,Service dissatisfaction,1
2868-SNELZ,Female,54,No,San Diego,0,2,Yes,Yes,Yes,Fiber Optic,No,No,Yes,No,No,No,No,Yes,Month-to-Month,No,Credit Card,80.59999847,155.8000031,0,0,10.64000034,166.4400024,Churned,Competitor,Competitor made better offer,1
2869-ADAWR,Female,41,No,Sutter Creek,0,45,Yes,Yes,Yes,Fiber Optic,No,Yes,No,No,Yes,No,No,Yes,Month-to-Month,Yes,Credit Card,89.30000305,4016.850098,44.63000107,0,635.4000244,4607.620117,Churned,Dissatisfaction,Poor expertise of online support,1
2873-ZLIWT,Female,64,Yes,Temecula,1,40,Yes,Yes,Yes,Fiber Optic,No,No,Yes,Yes,No,No,No,Yes,Month-to-Month,Yes,Bank Withdrawal,84.84999847,3303.050049,0,0,81.19999695,3384.25,Churned,Competitor,Competitor made better offer,1
2876-VBBBL,Female,64,No,Shaver Lake,0,1,Yes,No,No,,No,No,No,No,No,No,No,No,Month-to-Month,Yes,Credit Card,20.25,20.25,0,0,10.71000004,30.95999908,Churned,Attitude,Attitude of support person,1
2884-GBPFB,Female,61,Yes,Morro Bay,4,35,Yes,No,Yes,Fiber Optic,No,No,No,No,No,No,No,No,Month-to-Month,Yes,Bank Withdrawal,70.30000305,2416.550049,0,80,365.0499878,2861.600098,Churned,Other,Moved,1
2886-KEFUM,Female,50,Yes,Big Bend,1,63,Yes,Yes,Yes,Fiber Optic,No,Yes,Yes,No,Yes,Yes,Yes,No,One Year,Yes,Bank Withdrawal,107.5,6873.75,0,60,121.5899963,7055.339844,Churned,Attitude,Attitude of support person,1
2894-QOJRX,Female,19,Yes,San Diego,1,25,No,No,Yes,Cable,No,No,No,No,Yes,No,No,Yes,Month-to-Month,Yes,Bank Withdrawal,34,853,0,0,0,853,Churned,Competitor,Competitor had better devices,1
2911-UREFD,Female,50,Yes,Santa Monica,3,39,No,No,Yes,DSL,Yes,No,Yes,No,Yes,Yes,Yes,Yes,Month-to-Month,No,Bank Withdrawal,55.90000153,2184.350098,0,0,0,2184.350098,Churned,Dissatisfaction,Lack of self-service on Website,1
2919-HBCJO,Female,36,No,Downieville,0,4,Yes,No,Yes,Fiber Optic,No,Yes,No,No,No,No,No,Yes,Month-to-Month,Yes,Bank Withdrawal,76.65000153,333.6000061,0,0,96.36000061,429.9599915,Churned,Other,Moved,1
2929-ERCFZ,Female,22,Yes,Independence,1,8,Yes,No,Yes,Fiber Optic,No,No,Yes,No,Yes,Yes,Yes,Yes,Month-to-Month,Yes,Bank Withdrawal,94.19999695,777.2999878,0,0,310.6400146,1087.939941,Churned,Competitor,Competitor had better devices,1
2930-UOTMB,Female,29,No,Riverside,0,31,Yes,Yes,Yes,Cable,Yes,No,Yes,Yes,No,No,No,No,Month-to-Month,No,Credit Card,65.25,1994.300049,0,120,965.3400269,3079.639893,Churned,Competitor,Competitor offered higher download speeds,1
2933-FILNV,Female,53,Yes,Carlsbad,0,2,No,No,Yes,DSL,No,No,No,No,No,No,No,Yes,Month-to-Month,Yes,Credit Card,24.39999962,36.54999924,0,0,0,36.54999924,Churned,Dissatisfaction,Lack of self-service on Website,1
2947-DOMLJ,Male,47,No,Buena Park,0,1,Yes,No,Yes,Cable,Yes,No,No,No,No,No,No,Yes,Month-to-Month,No,Credit Card,50.59999847,50.59999847,0,0,11.85999966,62.45999908,Churned,Dissatisfaction,Service dissatisfaction,1
2951-QOQTK,Male,28,No,Sacramento,0,4,Yes,Yes,Yes,Fiber Optic,No,No,No,Yes,No,No,Yes,Yes,Month-to-Month,No,Credit Card,80.80000305,332.4500122,0,0,169.3200073,501.769989,Churned,Competitor,Competitor offered higher download speeds,1
2952-QAYZF,Male,30,No,Sacramento,0,5,Yes,Yes,Yes,Fiber Optic,No,Yes,Yes,No,No,No,No,Yes,Month-to-Month,Yes,Bank Withdrawal,85.30000305,424.1499939,0,0,182.6000061,606.75,Churned,Competitor,Competitor had better devices,1
2955-BJZHG,Male,41,Yes,Apple Valley,1,17,Yes,No,Yes,Fiber Optic,No,No,No,No,Yes,No,No,Yes,Month-to-Month,No,Bank Withdrawal,80.84999847,1400.849976,0,0,282.3699951,1683.219971,Churned,Competitor,Competitor had better devices,1
2955-PSXOE,Female,48,No,Topanga,0,1,Yes,No,No,,No,No,No,No,No,No,No,No,Month-to-Month,Yes,Bank Withdrawal,20.20000076,20.20000076,0,0,43.52000046,63.72000122,Churned,Price,Price too high,1
2956-GGUCQ,Male,71,Yes,Pioneer,1,24,Yes,Yes,Yes,Fiber Optic,Yes,No,No,No,No,No,No,Yes,Month-to-Month,Yes,Bank Withdrawal,78.84999847,1772.25,0,0,49.20000076,1821.449951,Churned,Attitude,Attitude of service provider,1
2957-LOLHO,Male,49,No,Fallbrook,0,12,Yes,No,Yes,DSL,No,No,No,No,No,No,No,Yes,Month-to-Month,Yes,Bank Withdrawal,45.40000153,518.9000244,0,0,133.4400024,652.3400269,Churned,Competitor,Competitor made better offer,1
2959-MJHIC,Male,60,Yes,Hinkley,3,4,Yes,No,Yes,Fiber Optic,No,No,No,No,Yes,No,No,Yes,Month-to-Month,Yes,Bank Withdrawal,80.34999847,307.3999939,0,0,129.7200012,437.1199951,Churned,Dissatisfaction,Product dissatisfaction,1
2962-XPMCQ,Male,56,No,Sacramento,0,2,Yes,No,Yes,DSL,No,No,No,No,No,No,No,Yes,Month-to-Month,Yes,Bank Withdrawal,45.15000153,98.5,0,0,12.93999958,111.4400024,Churned,Competitor,Competitor offered higher download speeds,1
2968-SSGAA,Female,41,No,San Francisco,0,10,Yes,Yes,Yes,Fiber Optic,No,No,Yes,No,Yes,Yes,Yes,Yes,Month-to-Month,Yes,Bank Withdrawal,100.5999985,1060.199951,0,0,452.1000061,1512.300049,Churned,Competitor,Competitor offered more data,1
2979-SXESE,Female,57,Yes,Berkeley,1,17,Yes,Yes,Yes,Cable,Yes,No,Yes,No,Yes,No,No,Yes,Month-to-Month,No,Bank Withdrawal,94.40000153,1607.199951,0,0,438.4299927,2045.630005,Churned,Other,Moved,1
2982-IHMFT,Female,75,No,San Diego,0,1,Yes,Yes,Yes,Fiber Optic,No,No,No,No,No,No,No,Yes,Month-to-Month,Yes,Credit Card,74.44999695,74.44999695,0,0,39.61000061,114.0599976,Churned,Competitor,Competitor made better offer,1
2982-VPSGI,Female,64,Yes,South Pasadena,1,11,Yes,Yes,Yes,Fiber Optic,No,No,No,No,Yes,Yes,Yes,Yes,Month-to-Month,Yes,Bank Withdrawal,94,1078.900024,0,0,282.3699951,1361.27002,Churned,Competitor,Competitor made better offer,1
2983-ZANRP,Female,27,Yes,La Puente,1,2,Yes,No,Yes,Fiber Optic,No,Yes,No,No,No,No,Yes,Yes,Month-to-Month,Yes,Bank Withdrawal,73.55000305,145.3999939,0,0,17,162.3999939,Churned,Competitor,Competitor had better devices,1
2984-MIIZL,Male,51,No,Guadalupe,0,4,Yes,No,Yes,Fiber Optic,No,No,Yes,No,No,No,No,Yes,Month-to-Month,Yes,Bank Withdrawal,74.80000305,321.8999939,0,0,29.04000092,350.9400024,Churned,Dissatisfaction,Network reliability,1
2990-HWIML,Female,58,No,Ontario,0,6,Yes,No,Yes,Fiber Optic,No,No,No,No,Yes,Yes,Yes,Yes,Month-to-Month,Yes,Bank Withdrawal,89.5,573.2999878,0,0,287.519989,860.8200073,Churned,Competitor,Competitor had better devices,1
2995-UPRYS,Female,74,Yes,Long Beach,1,40,Yes,No,Yes,Fiber Optic,No,Yes,No,Yes,Yes,Yes,Yes,Yes,One Year,Yes,Credit Card,99.19999695,4062.199951,0,0,790.4000244,4852.600098,Churned,Other,Moved,1
3001-CBHLQ,Male,76,Yes,Angels Camp,1,32,Yes,Yes,Yes,Fiber Optic,No,No,Yes,Yes,Yes,Yes,No,Yes,Month-to-Month,Yes,Bank Withdrawal,104.9000015,3351.550049,33.72999954,0,1392.319946,4710.140137,Churned,Attitude,Attitude of support person,1
3005-NFMTA,Male,73,No,Valencia,0,55,Yes,Yes,Yes,Fiber Optic,Yes,No,No,No,Yes,Yes,Yes,Yes,Month-to-Month,Yes,Bank Withdrawal,98.80000305,5617.75,0,0,491.1499939,6108.899902,Churned,Price,Price too high,1
3006-XIMLN,Female,34,No,Garden Valley,0,2,Yes,Yes,Yes,Fiber Optic,No,No,No,No,Yes,Yes,Yes,Yes,Month-to-Month,Yes,Bank Withdrawal,94.19999695,193.8000031,0,0,85.77999878,279.5799866,Churned,Dissatisfaction,Lack of self-service on Website,1
3018-TFTSU,Male,44,No,Hathaway Pines,0,12,Yes,No,Yes,Fiber Optic,Yes,No,Yes,No,No,No,No,Yes,Month-to-Month,No,Bank Withdrawal,81.69999695,858.5999756,0,0,220.5599976,1079.160034,Churned,Dissatisfaction,Poor expertise of phone support,1
3023-GFLBR,Female,63,Yes,San Bernardino,1,33,Yes,Yes,Yes,Fiber Optic,No,No,No,No,No,Yes,Yes,Yes,Month-to-Month,No,Credit Card,86.15000153,2745.699951,0,0,473.2200012,3218.919922,Churned,Attitude,Attitude of service provider,1
3027-ZTDHO,Male,21,No,Fresno,0,1,Yes,No,Yes,Fiber Optic,No,No,No,No,Yes,Yes,Yes,Yes,Month-to-Month,Yes,Bank Withdrawal,89.90000153,89.90000153,0,0,32.84999847,122.75,Churned,Other,Don't know,1
3030-YDNRM,Male,64,No,Pasadena,0,8,Yes,Yes,Yes,Fiber Optic,No,No,No,No,No,No,No,Yes,Month-to-Month,Yes,Bank Withdrawal,74.84999847,572.4500122,0,0,92.63999939,665.0900269,Stayed,Others,Others,1
3030-YZADT,Male,57,No,Grass Valley,0,9,Yes,No,Yes,DSL,No,No,No,No,No,No,No,No,Month-to-Month,No,Mailed Check,44.95000076,431,0,10,25.92000008,466.9200134,Churned,Competitor,Competitor had better devices,1
3034-ZBEQN,Female,31,Yes,La Puente,1,48,No,No,Yes,DSL,No,Yes,Yes,No,No,No,No,Yes,One Year,No,Mailed Check,34.70000076,1604.5,0,0,0,1604.5,Churned,Dissatisfaction,Product dissatisfaction,1
3045-XETSH,Female,34,No,Lake Hughes,0,10,Yes,Yes,Yes,Fiber Optic,No,Yes,Yes,No,No,Yes,Yes,Yes,Month-to-Month,Yes,Bank Withdrawal,94.84999847,953.4500122,0,0,432.6000061,1386.050049,Churned,Competitor,Competitor offered more data,1
3049-NDXFL,Female,30,No,San Diego,0,1,Yes,Yes,Yes,Fiber Optic,No,No,No,No,No,Yes,Yes,Yes,Month-to-Month,No,Credit Card,85.80000305,85.80000305,0,0,34.47000122,120.2699966,Churned,Competitor,Competitor made better offer,1
3049-SOLAY,Female,21,Yes,San Diego,5,3,Yes,Yes,Yes,Fiber Optic,No,No,No,No,Yes,Yes,Yes,No,Month-to-Month,Yes,Bank Withdrawal,95.19999695,292.8500061,0,20,69.77999878,382.6300049,Churned,Competitor,Competitor made better offer,1
3058-HJCUY,Male,36,Yes,Rancho Cordova,1,41,Yes,Yes,Yes,Fiber Optic,No,No,Yes,Yes,Yes,Yes,Yes,Yes,One Year,Yes,Bank Withdrawal,102.5999985,4213.350098,2.930000067,0,1846.22998,6056.649902,Churned,Competitor,Competitor had better devices,1
3063-QFSZL,Female,37,No,San Jose,0,1,Yes,No,Yes,Cable,No,No,No,No,No,Yes,Yes,Yes,Month-to-Month,Yes,Bank Withdrawal,55.40000153,55.40000153,0,0,13.01000023,68.41000366,Churned,Competitor,Competitor had better devices,1
3066-RRJIO,Female,29,No,San Francisco,0,1,Yes,No,Yes,Fiber Optic,No,No,No,No,No,No,No,Yes,Month-to-Month,Yes,Credit Card,69.94999695,69.94999695,0,0,13.03999996,82.98999786,Churned,Competitor,Competitor made better offer,1
3068-OMWZA,Male,77,No,Round Mountain,0,1,Yes,Yes,Yes,Fiber Optic,No,No,Yes,No,Yes,No,No,No,Month-to-Month,Yes,Bank Withdrawal,88.80000305,88.80000305,0,10,49.59999847,148.3999939,Churned,Competitor,Competitor made better offer,1
3070-DVEYC,Male,78,No,Williams,0,7,Yes,Yes,Yes,Fiber Optic,No,No,No,No,No,No,No,Yes,Month-to-Month,No,Credit Card,73.75,545.1500244,0,0,226.8000031,771.9500122,Churned,Attitude,Attitude of support person,1
3074-GQWYX,Male,30,No,San Diego,0,5,Yes,Yes,Yes,Fiber Optic,No,No,No,No,No,No,No,Yes,Month-to-Month,Yes,Bank Withdrawal,75.90000153,357.75,0,0,234.3999939,592.1500244,Churned,Competitor,Competitor made better offer,1
3085-QUOZK,Female,55,No,Alpine,0,1,Yes,No,Yes,Cable,No,No,No,No,No,No,No,Yes,Month-to-Month,No,Credit Card,43.95000076,43.95000076,0,0,34.47999954,78.43000031,Churned,Attitude,Attitude of service provider,1
3090-HAWSU,Male,44,No,Pasadena,0,61,Yes,Yes,Yes,Fiber Optic,Yes,No,Yes,Yes,Yes,Yes,Yes,Yes,Two Year,Yes,Credit Card,111.5999985,6876.049805,0,0,477.019989,7353.069824,Churned,Competitor,Competitor offered more data,1
3091-FYHKI,Male,64,No,Harbor City,0,1,No,No,Yes,DSL,No,No,No,No,No,Yes,Yes,Yes,Month-to-Month,Yes,Bank Withdrawal,35.45000076,35.45000076,0,0,0,35.45000076,Churned,Dissatisfaction,Network reliability,1
3092-IGHWF,Male,34,Yes,San Diego,1,67,Yes,Yes,Yes,Cable,No,Yes,Yes,No,No,No,No,Yes,One Year,No,Bank Withdrawal,87.40000153,5918.799805,0,0,1902.800049,7821.600098,Churned,Competitor,Competitor made better offer,1
3096-IZETN,Female,32,No,Lomita,0,12,Yes,No,Yes,Fiber Optic,No,No,No,No,No,Yes,Yes,Yes,Month-to-Month,No,Bank Withdrawal,78.09999847,947.2999878,0,0,510.6000061,1457.900024,Churned,Attitude,Attitude of support person,1
3096-JRDSO,Female,73,Yes,Fallbrook,5,27,Yes,Yes,Yes,Fiber Optic,Yes,No,No,Yes,Yes,Yes,No,Yes,Month-to-Month,Yes,Bank Withdrawal,104.3000031,2867.75,0,0,275.1300049,3142.879883,Churned,Competitor,Competitor made better offer,1
3097-NNSPB,Female,42,No,Valley Ford,0,2,Yes,No,Yes,DSL,No,Yes,No,No,No,No,No,No,Month-to-Month,Yes,Credit Card,49.04999924,91.09999847,0,40,29.39999962,160.5,Churned,Competitor,Competitor had better devices,1
3097-NQYSN,Male,73,Yes,San Jose,3,2,Yes,Yes,Yes,Fiber Optic,No,No,No,No,Yes,No,No,No,Month-to-Month,Yes,Credit Card,86.84999847,156.3500061,0,40,8.380000114,204.7299957,Churned,Competitor,Competitor had better devices,1
3106-ULWFW,Female,32,Yes,Fontana,0,8,Yes,Yes,Yes,Fiber Optic,No,No,No,No,No,Yes,Yes,Yes,Month-to-Month,Yes,Credit Card,85.19999695,627.4000244,0,0,211.2799988,838.6799927,Churned,Competitor,Competitor had better devices,1
3132-TVFDZ,Male,70,Yes,Glendale,1,57,No,No,Yes,Cable,No,No,No,No,Yes,Yes,Yes,Yes,Month-to-Month,Yes,Bank Withdrawal,44.84999847,2572.949951,12.06999969,0,0,2560.879883,Churned,Attitude,Attitude of support person,1
3138-BKYAV,Male,61,No,Kerman,0,6,Yes,No,Yes,Fiber Optic,No,Yes,No,No,Yes,No,No,Yes,Month-to-Month,Yes,Bank Withdrawal,85.34999847,489.4500122,0,0,71.81999969,561.2700195,Churned,Attitude,Attitude of service provider,1
3143-ILDAL,Male,21,No,El Monte,0,56,Yes,Yes,Yes,Fiber Optic,No,Yes,No,Yes,No,Yes,Yes,Yes,Month-to-Month,Yes,Bank Withdrawal,94.44999695,5124.600098,0,0,1422.959961,6547.560059,Churned,Attitude,Attitude of support person,1
3143-JQEGI,Female,52,Yes,San Diego,1,13,Yes,No,Yes,Fiber Optic,No,No,No,No,Yes,Yes,Yes,Yes,Month-to-Month,No,Bank Withdrawal,88.34999847,1222.800049,0,0,231.7899933,1454.589966,Churned,Competitor,Competitor made better offer,1
3144-AUDBS,Female,59,Yes,Calexico,1,6,Yes,No,Yes,DSL,No,No,No,Yes,No,No,No,Yes,Month-to-Month,Yes,Bank Withdrawal,49.15000153,270.7999878,0,0,41.63999939,312.4400024,Churned,Competitor,Competitor had better devices,1
3148-BLQJT,Male,33,No,Fallbrook,0,1,Yes,No,No,,No,No,No,No,No,No,No,No,Month-to-Month,No,Credit Card,20.10000038,20.10000038,0,0,16.80999947,36.90999985,Churned,Competitor,Competitor made better offer,1
3158-MOERK,Female,57,No,Hayward,0,2,Yes,Yes,Yes,Fiber Optic,No,No,No,No,Yes,Yes,Yes,Yes,Month-to-Month,Yes,Bank Withdrawal,96,174.8000031,0,0,96.68000031,271.480011,Churned,Competitor,Competitor offered more data,1
3164-AALRN,Male,39,No,Greenwood,0,5,Yes,No,Yes,DSL,No,No,Yes,No,Yes,Yes,Yes,No,One Year,Yes,Credit Card,70,347.3999939,0,10,226.25,583.6500244,Churned,Competitor,Competitor had better devices,1
3165-HDOEW,Male,47,Yes,Salida,1,1,Yes,No,Yes,DSL,No,No,No,No,No,No,No,Yes,Month-to-Month,Yes,Credit Card,45.84999847,45.84999847,0,0,14.89999962,60.75,Churned,Other,Don't know,1
3177-LASXD,Female,43,No,Westmorland,0,1,Yes,No,Yes,Cable,No,No,No,No,No,No,No,No,Month-to-Month,No,Bank Withdrawal,71.34999847,71.34999847,0,0,40.40000153,111.75,Churned,Dissatisfaction,Poor expertise of phone support,1
3178-FESZO,Female,45,No,Clements,0,1,Yes,Yes,Yes,Fiber Optic,No,Yes,No,No,Yes,Yes,Yes,Yes,Month-to-Month,Yes,Credit Card,100.25,100.25,0,0,20.22999954,120.4800034,Churned,Other,Don't know,1
3186-BAXNB,Female,20,No,Cottonwood,0,1,Yes,No,Yes,Fiber Optic,No,Yes,No,Yes,Yes,No,Yes,Yes,Month-to-Month,No,Bank Withdrawal,91.69999695,91.69999695,0,0,17.22999954,108.9300003,Churned,Attitude,Attitude of service provider,1
3190-XFANI,Male,42,No,Happy Camp,0,49,Yes,Yes,Yes,Fiber Optic,No,No,No,Yes,Yes,Yes,Yes,Yes,One Year,Yes,Bank Withdrawal,100.5999985,5069.649902,0,0,929.5300293,5999.180176,Churned,Competitor,Competitor offered more data,1
3192-NQECA,Male,26,Yes,Santa Monica,4,68,Yes,Yes,Yes,Fiber Optic,No,Yes,Yes,Yes,Yes,Yes,Yes,Yes,Two Year,Yes,Bank Withdrawal,110,7611.850098,0,0,1005.719971,8617.570313,Churned,Competitor,Competitor had better devices,1
3194-ORPIK,Female,59,Yes,San Diego,1,50,Yes,Yes,Yes,Fiber Optic,No,No,No,No,Yes,No,No,Yes,Month-to-Month,Yes,Bank Withdrawal,84.40000153,4116.149902,0,0,1766.5,5882.649902,Churned,Competitor,Competitor had better devices,1
3198-VELRD,Female,47,Yes,Marina Del Rey,1,3,Yes,Yes,Yes,Fiber Optic,No,No,No,No,No,Yes,Yes,Yes,Month-to-Month,Yes,Bank Withdrawal,84.75,264.8500061,0,0,114.2699966,379.1199951,Churned,Competitor,Competitor had better devices,1
3207-OYBWH,Male,74,Yes,Newport Beach,1,57,Yes,Yes,Yes,Fiber Optic,No,Yes,Yes,No,No,Yes,No,Yes,Month-to-Month,Yes,Bank Withdrawal,95.25,5427.049805,12.59000015,0,2844.870117,8259.330078,Churned,Attitude,Attitude of support person,1
3211-ILJTT,Male,35,Yes,Taft,1,17,Yes,No,Yes,Fiber Optic,No,No,No,No,No,No,No,Yes,Month-to-Month,Yes,Bank Withdrawal,70.40000153,1214.050049,0,0,232.5599976,1446.609985,Churned,Competitor,Competitor had better devices,1
3217-FZDMN,Female,66,No,Los Angeles,0,8,Yes,No,Yes,Fiber Optic,No,No,Yes,No,Yes,Yes,No,Yes,Month-to-Month,Yes,Credit Card,94.44999695,742.9500122,0,0,41.68000031,784.6300049,Churned,Competitor,Competitor had better devices,1
3223-WZWJM,Male,36,No,Petrolia,0,26,Yes,Yes,Yes,Fiber Optic,No,No,No,No,No,Yes,Yes,Yes,Month-to-Month,Yes,Bank Withdrawal,83.94999695,2254.199951,0,0,371.7999878,2626,Churned,Competitor,Competitor offered higher download speeds,1
3230-WYKIR,Male,36,No,San Francisco,0,18,Yes,Yes,Yes,DSL,No,No,Yes,Yes,Yes,Yes,Yes,Yes,One Year,Yes,Credit Card,82,1425.449951,0,0,225,1650.449951,Churned,Dissatisfaction,Product dissatisfaction,1
3235-ETOOB,Male,51,Yes,San Diego,1,8,Yes,No,Yes,Fiber Optic,Yes,No,No,No,No,No,No,Yes,Month-to-Month,Yes,Bank Withdrawal,74.5,609.9000244,0,0,383.2799988,993.1799927,Churned,Competitor,Competitor made better offer,1
3237-AJGEH,Female,43,Yes,Bridgeville,1,3,No,No,Yes,DSL,No,No,No,Yes,No,No,No,No,Month-to-Month,Yes,Credit Card,31,95.05000305,0,20,0,115.0500031,Churned,Dissatisfaction,Poor expertise of online support,1
3244-DCJWY,Female,27,No,Bakersfield,0,1,Yes,No,Yes,Fiber Optic,No,No,No,No,No,No,No,Yes,Month-to-Month,Yes,Bank Withdrawal,70.25,70.25,0,0,23,93.25,Churned,Competitor,Competitor had better devices,1
3247-ZVOUO,Male,77,Yes,Downey,0,10,Yes,Yes,Yes,Fiber Optic,No,No,No,No,No,Yes,No,Yes,Month-to-Month,No,Bank Withdrawal,85.55000305,851.75,0,0,60.09999847,911.8499756,Churned,Attitude,Attitude of support person,1
3249-ZPQRG,Male,28,No,Diamond Springs,0,4,Yes,Yes,Yes,Fiber Optic,No,Yes,No,No,No,No,Yes,Yes,Month-to-Month,No,Bank Withdrawal,78.44999695,330.0499878,0,0,168.2400055,498.2900085,Churned,Competitor,Competitor made better offer,1
3254-YRILK,Male,74,No,Dobbins,0,19,Yes,Yes,Yes,Fiber Optic,No,Yes,No,No,Yes,No,No,Yes,Month-to-Month,Yes,Bank Withdrawal,88.19999695,1775.800049,0,0,759.4299927,2535.22998,Churned,Competitor,Competitor had better devices,1
3259-FDWOY,Male,60,Yes,Elk Grove,3,71,Yes,Yes,Yes,Fiber Optic,No,Yes,Yes,No,Yes,Yes,Yes,Yes,Two Year,Yes,Bank Withdrawal,106,7723.700195,0,0,3361.139893,11084.83984,Churned,Competitor,Competitor offered higher download speeds,1
3269-ATYWD,Male,79,No,San Francisco,0,39,Yes,Yes,Yes,Fiber Optic,No,No,No,No,Yes,Yes,No,No,Month-to-Month,Yes,Bank Withdrawal,95.65000153,3759.050049,0,150,1635.27002,5544.319824,Churned,Other,Don't know,1
3276-HDUEG,Female,23,No,Temecula,0,1,Yes,Yes,Yes,Fiber Optic,No,No,No,No,No,No,No,Yes,Month-to-Month,Yes,Mailed Check,75.05000305,75.05000305,0,0,32.86000061,107.9100037,Churned,Competitor,Competitor made better offer,1
3285-UCQVC,Female,31,No,Seaside,0,37,No,No,Yes,DSL,No,No,No,Yes,No,No,No,Yes,Month-to-Month,No,Credit Card,28.60000038,973.5499878,0,0,0,973.5499878,Churned,Other,Don't know,1
3296-SILRA,Female,76,Yes,Lakeport,6,1,Yes,No,Yes,Fiber Optic,No,Yes,No,No,No,No,No,Yes,Month-to-Month,Yes,Mailed Check,76.40000153,76.40000153,0,0,41.15999985,117.5599976,Churned,Attitude,Attitude of support person,1
3312-ZWLGF,Male,69,Yes,Acton,0,29,Yes,Yes,Yes,Fiber Optic,No,No,No,Yes,No,No,No,Yes,Month-to-Month,Yes,Bank Withdrawal,79.30000305,2414.550049,0,0,305.9500122,2720.5,Stayed,Others,Others,1
3313-QKNKB,Male,24,Yes,Pebble Beach,0,59,Yes,Yes,Yes,Fiber Optic,No,No,No,No,No,Yes,Yes,Yes,One Year,No,Bank Withdrawal,85.55000305,5084.649902,0,0,407.6900024,5492.339844,Churned,Competitor,Competitor offered more data,1
3315-TOTBP,Male,29,No,Mill Creek,0,15,Yes,Yes,Yes,Fiber Optic,No,No,No,No,No,No,Yes,Yes,Month-to-Month,Yes,Mailed Check,76,1130.849976,0,0,672.9000244,1803.75,Churned,Dissatisfaction,Lack of self-service on Website,1
3317-HRTNN,Female,79,No,San Diego,0,5,No,No,Yes,DSL,No,No,No,No,Yes,Yes,No,Yes,Month-to-Month,No,Bank Withdrawal,45.70000076,198,0,0,0,198,Churned,Competitor,Competitor made better offer,1
3318-OSATS,Male,70,No,Sierra City,0,35,Yes,Yes,Yes,Fiber Optic,No,No,No,No,Yes,Yes,No,No,Month-to-Month,Yes,Bank Withdrawal,95.44999695,3474.050049,0,80,1228.5,4782.549805,Churned,Other,Don't know,1
3319-DWOEP,Male,69,Yes,San Diego,0,6,Yes,No,Yes,Fiber Optic,No,No,Yes,No,Yes,Yes,No,Yes,Month-to-Month,Yes,Bank Withdrawal,95.75,573.75,0,0,287.3999939,861.1500244,Churned,Competitor,Competitor made better offer,1
3325-FUYCG,Male,58,Yes,Five Points,1,28,Yes,Yes,Yes,Fiber Optic,Yes,Yes,No,No,Yes,Yes,Yes,Yes,One Year,No,Bank Withdrawal,106.0999985,2847.399902,0,0,269.3599854,3116.76001,Churned,Dissatisfaction,Service dissatisfaction,1
3329-WDIOK,Female,56,No,Edwards,0,3,No,No,Yes,Cable,No,Yes,No,No,Yes,Yes,Yes,Yes,Month-to-Month,Yes,Bank Withdrawal,50.59999847,155.3500061,0,0,0,155.3500061,Churned,Dissatisfaction,Poor expertise of online support,1
3331-HQDTW,Female,23,No,San Diego,0,34,Yes,Yes,Yes,Fiber Optic,Yes,Yes,Yes,No,Yes,Yes,Yes,Yes,Month-to-Month,Yes,Credit Card,109.8000031,3587.25,0,0,271.6600037,3858.909912,Churned,Competitor,Competitor made better offer,1
3334-CTHOL,Female,51,No,Jackson,0,1,Yes,Yes,Yes,Cable,No,No,No,No,No,No,No,Yes,Month-to-Month,Yes,Bank Withdrawal,49.95000076,49.95000076,0,0,43.49000168,93.44000244,Churned,Competitor,Competitor had better devices,1
3336-JORSO,Female,70,No,Hayward,0,33,Yes,Yes,Yes,Fiber Optic,No,Yes,Yes,Yes,Yes,Yes,Yes,No,Month-to-Month,Yes,Bank Withdrawal,110.4499969,3655.449951,0,70,568.9199829,4294.370117,Churned,Dissatisfaction,Product dissatisfaction,1
3346-BRMIS,Female,70,Yes,Bonsall,1,18,No,No,Yes,DSL,No,No,Yes,No,Yes,Yes,Yes,Yes,Month-to-Month,Yes,Bank Withdrawal,48.34999847,810.7000122,0,0,0,810.7000122,Churned,Dissatisfaction,Service dissatisfaction,1
3348-CFRNX,Female,47,Yes,Healdsburg,1,28,Yes,No,Yes,Fiber Optic,Yes,No,No,No,Yes,Yes,Yes,Yes,Month-to-Month,Yes,Credit Card,92.34999847,2602.899902,0,0,1054.47998,3657.379883,Churned,Price,Lack of affordable download/upload speed,1
3351-NQLDI,Female,41,Yes,Travis Afb,1,67,Yes,Yes,Yes,Fiber Optic,Yes,No,No,Yes,No,Yes,Yes,Yes,One Year,Yes,Credit Card,94.34999847,6341.450195,0,0,2072.97998,8414.429688,Churned,Price,Long distance charges,1
3372-KWFBM,Male,76,No,Bayside,0,16,Yes,Yes,Yes,Fiber Optic,No,No,No,No,Yes,No,No,Yes,Month-to-Month,Yes,Bank Withdrawal,86.59999847,1281,0,0,306.8800049,1587.880005,Churned,Dissatisfaction,Network reliability,1
3374-LXDEV,Female,42,No,Pearblossom,0,13,Yes,Yes,Yes,Fiber Optic,No,Yes,Yes,Yes,No,No,No,Yes,Month-to-Month,No,Bank Withdrawal,89.40000153,1132.349976,0,0,111.6699982,1244.02002,Churned,Competitor,Competitor had better devices,1
3376-BMGFE,Female,42,No,Monrovia,0,4,Yes,No,Yes,Fiber Optic,No,No,No,No,No,No,No,Yes,Month-to-Month,Yes,Bank Withdrawal,70.90000153,273,8.739999771,0,134,398.2600098,Churned,Dissatisfaction,Product dissatisfaction,1
3387-VATUS,Male,44,No,Aromas,0,5,Yes,Yes,Yes,Fiber Optic,No,No,No,No,Yes,Yes,Yes,Yes,Month-to-Month,Yes,Bank Withdrawal,94.84999847,462.7999878,0,0,200.75,663.5499878,Churned,Attitude,Attitude of service provider,1
3389-YGYAI,Female,79,No,Princeton,0,8,Yes,Yes,Yes,Fiber Optic,No,Yes,Yes,No,Yes,Yes,No,Yes,Month-to-Month,Yes,Bank Withdrawal,105.5,829.5499878,0,0,361.2799988,1190.829956,Churned,Price,Price too high,1
3393-FMZPV,Female,59,No,Elverta,0,25,Yes,Yes,Yes,Fiber Optic,No,Yes,No,No,Yes,Yes,Yes,Yes,Month-to-Month,Yes,Bank Withdrawal,100.25,2387.75,0,0,906,3293.75,Churned,Price,Extra data charges,1
3398-FSHON,Female,79,No,San Diego,0,12,Yes,Yes,Yes,Fiber Optic,No,Yes,No,No,Yes,No,No,Yes,Month-to-Month,Yes,Bank Withdrawal,91.30000305,1094.5,0,0,408.1199951,1502.619995,Churned,Competitor,Competitor made better offer,1
3398-ZOUAA,Male,76,Yes,Redwood City,1,21,Yes,No,Yes,Fiber Optic,No,No,No,No,No,No,No,Yes,Month-to-Month,Yes,Bank Withdrawal,69.09999847,1474.75,0,0,414.5400085,1889.290039,Churned,Attitude,Attitude of support person,1
3400-ESFUW,Male,28,Yes,Cupertino,1,55,Yes,No,Yes,DSL,Yes,Yes,No,Yes,No,No,No,No,Two Year,No,Bank Withdrawal,57.54999924,3046.399902,0,60,484,3590.399902,Churned,Competitor,Competitor offered more data,1
3415-TAILE,Female,21,Yes,Johannesburg,1,2,Yes,No,Yes,DSL,No,No,No,No,Yes,Yes,Yes,Yes,Month-to-Month,No,Credit Card,65.69999695,134.3500061,0,0,54.54000092,188.8899994,Churned,Competitor,Competitor had better devices,1
3419-SNJJD,Female,78,Yes,Yorba Linda,3,65,Yes,Yes,Yes,Fiber Optic,Yes,No,Yes,No,Yes,Yes,No,Yes,Month-to-Month,No,Bank Withdrawal,105.25,6786.399902,0,0,1195.349976,7981.75,Churned,Attitude,Attitude of support person,1
3422-LYEPQ,Male,57,Yes,Carmel By The Sea,1,1,Yes,No,Yes,Fiber Optic,No,No,No,No,No,No,No,Yes,Month-to-Month,Yes,Bank Withdrawal,71,71,0,0,18.84000015,89.83999634,Churned,Attitude,Attitude of support person,1
3424-NMNBO,Male,78,Yes,San Diego,1,58,Yes,Yes,Yes,Fiber Optic,Yes,Yes,Yes,No,Yes,Yes,No,Yes,One Year,Yes,Bank Withdrawal,108.8499985,6287.25,0,0,2864.040039,9151.290039,Churned,Competitor,Competitor made better offer,1
3427-GGZZI,Female,30,Yes,Midpines,1,19,Yes,Yes,Yes,Fiber Optic,No,Yes,No,No,No,Yes,Yes,Yes,Month-to-Month,Yes,Bank Withdrawal,89.09999847,1620.800049,0,0,862.0300293,2482.830078,Stayed,Others,Others,1
3428-XZMAZ,Male,64,No,Turlock,0,1,Yes,No,Yes,Fiber Optic,No,No,No,No,No,No,No,Yes,Month-to-Month,Yes,Bank Withdrawal,69.34999847,69.34999847,0,0,45.86000061,115.2099991,Churned,Price,Long distance charges,1
3440-JPSCL,Female,26,No,Sonoma,0,6,Yes,No,Yes,Fiber Optic,No,No,Yes,Yes,Yes,Yes,Yes,Yes,Month-to-Month,Yes,Mailed Check,99.94999695,547.6500244,0,0,30.95999908,578.6099854,Churned,Competitor,Competitor offered higher download speeds,1
3445-HXXGF,Male,66,Yes,Sierra Madre,6,58,No,No,Yes,DSL,No,Yes,Yes,No,No,Yes,No,Yes,Month-to-Month,Yes,Bank Withdrawal,45.29999924,2651.199951,40.95000076,0,0,2610.25,Churned,Dissatisfaction,Service dissatisfaction,1
3473-XIIIT,Female,61,Yes,Sacramento,1,16,Yes,Yes,Yes,Cable,No,Yes,No,No,Yes,Yes,Yes,Yes,Month-to-Month,Yes,Bank Withdrawal,100,1534.75,0,0,605.2800293,2140.030029,Churned,Competitor,Competitor had better devices,1
3488-PGMQJ,Male,66,No,Alpine,0,8,Yes,No,Yes,Fiber Optic,No,Yes,No,No,No,No,No,Yes,Month-to-Month,Yes,Bank Withdrawal,74.5,606.5499878,0,0,14.23999977,620.789978,Churned,Dissatisfaction,Poor expertise of online support,1
3494-JCHRQ,Male,38,No,Van Nuys,0,1,Yes,No,Yes,Fiber Optic,No,No,No,No,No,No,No,Yes,Month-to-Month,Yes,Bank Withdrawal,70.05000305,70.05000305,0,0,27.88999939,97.94000244,Churned,Attitude,Attitude of support person,1
3500-RMZLT,Female,76,No,Fresno,0,15,Yes,No,Yes,Fiber Optic,Yes,No,Yes,Yes,No,Yes,No,No,Month-to-Month,Yes,Credit Card,96.30000305,1426.75,0,150,286.6499939,1863.400024,Churned,Attitude,Attitude of support person,1
3506-LCJDC,Male,52,Yes,Modesto,1,1,Yes,No,No,,No,No,No,No,No,No,No,No,Month-to-Month,No,Bank Withdrawal,19.95000076,19.95000076,0,0,8.029999733,27.97999954,Churned,Price,Long distance charges,1
3512-IZIKN,Female,57,Yes,San Bernardino,1,70,Yes,Yes,Yes,DSL,Yes,No,Yes,Yes,No,No,No,Yes,Two Year,No,Credit Card,65.30000305,4759.75,0,0,2986.899902,7746.649902,Churned,Dissatisfaction,Product dissatisfaction,1
3519-ZKXGG,Female,61,Yes,San Francisco,1,3,Yes,Yes,Yes,Fiber Optic,No,No,No,No,No,No,No,Yes,Month-to-Month,Yes,Bank Withdrawal,75.84999847,256.6000061,0,0,133.0200043,389.6199951,Churned,Competitor,Competitor offered more data,1
3521-SYVOR,Female,26,No,San Diego,0,37,Yes,No,Yes,Cable,No,No,No,No,Yes,Yes,Yes,Yes,Month-to-Month,Yes,Bank Withdrawal,64.75,2345.199951,0,0,120.9899979,2466.189941,Churned,Attitude,Attitude of support person,1
3523-QRQLL,Female,22,Yes,Bieber,1,22,Yes,No,Yes,DSL,No,Yes,No,No,Yes,Yes,Yes,Yes,One Year,Yes,Bank Withdrawal,69.5,1498.199951,49.56999969,0,770.8800049,2219.51001,Churned,Competitor,Competitor offered more data,1
3536-IQCTX,Male,76,Yes,South Pasadena,1,32,Yes,Yes,Yes,Fiber Optic,No,No,No,No,No,Yes,Yes,Yes,Month-to-Month,No,Bank Withdrawal,85.30000305,2661.100098,0,0,1587.199951,4248.299805,Churned,Competitor,Competitor had better devices,1
3538-WZPHD,Male,46,No,San Francisco,0,3,No,No,Yes,Cable,No,Yes,No,No,No,No,No,Yes,Month-to-Month,Yes,Bank Withdrawal,29.60000038,79.44999695,0,0,0,79.44999695,Churned,Competitor,Competitor had better devices,1
3540-RZJYU,Female,21,No,Zenia,0,15,Yes,No,Yes,Fiber Optic,Yes,No,No,No,Yes,No,Yes,No,Month-to-Month,No,Bank Withdrawal,86.19999695,1270.199951,0,100,300.4500122,1670.650024,Churned,Dissatisfaction,Lack of self-service on Website,1
3550-SAHFP,Female,51,No,Saint Helena,0,33,Yes,Yes,Yes,Fiber Optic,No,No,No,No,No,Yes,Yes,No,Month-to-Month,Yes,Bank Withdrawal,83.34999847,2757.850098,0,40,669.5700073,3467.419922,Churned,Price,Price too high,1
3551-HUAZH,Male,68,No,Brownsville,0,1,Yes,Yes,Yes,Fiber Optic,No,No,No,No,No,No,No,Yes,Month-to-Month,Yes,Bank Withdrawal,74.40000153,74.40000153,0,0,11.07999992,85.48000336,Churned,Price,Price too high,1
3565-UNOCC,Female,65,Yes,Stockton,1,29,Yes,Yes,Yes,Fiber Optic,No,No,Yes,No,Yes,Yes,Yes,Yes,Month-to-Month,Yes,Bank Withdrawal,99.05000305,2952.850098,0,0,647.5700073,3600.419922,Churned,Competitor,Competitor offered higher download speeds,1
3571-RFHAR,Male,60,No,Santa Paula,0,65,Yes,Yes,Yes,Fiber Optic,No,Yes,Yes,Yes,Yes,Yes,Yes,No,Month-to-Month,Yes,Bank Withdrawal,109.1500015,6941.200195,0,140,608.4000244,7689.600098,Churned,Attitude,Attitude of support person,1
3583-EKAPL,Male,25,No,Redlands,0,1,Yes,No,Yes,Cable,No,No,No,No,No,Yes,Yes,Yes,Month-to-Month,Yes,Bank Withdrawal,55,55,0,0,47.22000122,102.2200012,Churned,Competitor,Competitor had better devices,1
3585-ISXZP,Female,53,No,Indio,0,8,Yes,Yes,Yes,Fiber Optic,No,No,No,No,Yes,Yes,Yes,Yes,Month-to-Month,No,Bank Withdrawal,95.65000153,778.0999756,0,0,237.2799988,1015.380005,Churned,Attitude,Attitude of support person,1
3597-MVHJT,Female,49,No,Brawley,0,27,Yes,Yes,Yes,Fiber Optic,No,No,No,No,Yes,Yes,Yes,Yes,Month-to-Month,Yes,Bank Withdrawal,95.59999847,2595.25,0,0,949.5900269,3544.840088,Stayed,Others,Others,1
3606-TWKGI,Male,68,No,Rowland Heights,0,13,Yes,Yes,Yes,Cable,No,Yes,Yes,No,Yes,Yes,No,No,Month-to-Month,Yes,Bank Withdrawal,106.9000015,1364.300049,0,10,424.8399963,1799.140015,Churned,Competitor,Competitor had better devices,1
3621-CEOVK,Female,71,Yes,Trinity Center,1,14,Yes,Yes,Yes,Fiber Optic,No,Yes,No,No,Yes,Yes,No,Yes,Month-to-Month,Yes,Bank Withdrawal,100.1999969,1369.800049,0,0,658.1400146,2027.939941,Churned,Dissatisfaction,Service dissatisfaction,1
3627-FCRDW,Female,49,No,Hughson,0,9,Yes,No,Yes,Fiber Optic,No,No,No,No,No,No,No,Yes,Month-to-Month,No,Bank Withdrawal,71,672.5499878,8.350000381,0,220.6799927,884.8800049,Churned,Competitor,Competitor offered more data,1
3627-FHKBK,Female,28,No,Anaheim,0,1,Yes,No,Yes,Fiber Optic,Yes,No,No,No,No,No,No,Yes,Month-to-Month,No,Mailed Check,75.30000305,75.30000305,0,0,4.130000114,79.43000031,Churned,Competitor,Competitor had better devices,1
3640-PHQXK,Female,54,No,Union City,0,31,Yes,Yes,Yes,Fiber Optic,No,No,Yes,No,No,Yes,Yes,Yes,Month-to-Month,Yes,Bank Withdrawal,89.90000153,2806.899902,41.18000031,0,196.2299957,2961.949951,Churned,Dissatisfaction,Service dissatisfaction,1
3643-AHCFP,Male,74,Yes,Selma,1,7,Yes,Yes,Yes,Cable,No,No,No,No,Yes,Yes,No,Yes,Month-to-Month,Yes,Bank Withdrawal,95.59999847,644.3499756,0,0,153.3699951,797.7199707,Churned,Competitor,Competitor made better offer,1
3656-TKRVZ,Female,19,No,Chula Vista,0,3,Yes,No,Yes,DSL,Yes,Yes,No,No,No,No,Yes,Yes,Month-to-Month,No,Bank Withdrawal,55.34999847,165.1999969,0,0,3.720000029,168.9199982,Churned,Competitor,Competitor offered more data,1
3658-KIBGF,Female,19,No,Los Angeles,0,1,Yes,No,Yes,DSL,Yes,Yes,No,No,No,No,Yes,Yes,Month-to-Month,Yes,Bank Withdrawal,54.90000153,54.90000153,0,0,44.36000061,99.26000214,Churned,Dissatisfaction,Network reliability,1
3663-MITLP,Female,43,No,Marina,0,15,Yes,No,Yes,Fiber Optic,No,Yes,Yes,No,Yes,Yes,Yes,Yes,Month-to-Month,Yes,Bank Withdrawal,101.25,1457.25,0,0,252.3000031,1709.550049,Churned,Dissatisfaction,Lack of self-service on Website,1
3668-QPYBK,Male,37,No,Los Angeles,0,2,Yes,No,Yes,DSL,Yes,Yes,No,No,No,No,No,Yes,Month-to-Month,Yes,Credit Card,53.84999847,108.1500015,0,0,20.94000053,129.0899963,Churned,Competitor,Competitor made better offer,1
3669-LVWZB,Male,20,No,Tahoma,0,5,No,No,Yes,DSL,No,Yes,No,No,Yes,Yes,Yes,Yes,Month-to-Month,Yes,Mailed Check,51,305.9500122,0,0,0,305.9500122,Churned,Price,Long distance charges,1
3669-OYSJI,Male,47,No,Porter Ranch,0,1,Yes,No,Yes,DSL,No,No,No,No,No,No,No,Yes,Month-to-Month,No,Credit Card,46.20000076,46.20000076,0,0,48.58000183,94.77999878,Churned,Attitude,Attitude of support person,1
3671-SHRSP,Male,46,Yes,Marina,1,4,Yes,No,Yes,Fiber Optic,No,No,Yes,Yes,No,No,No,Yes,Month-to-Month,Yes,Mailed Check,80.59999847,319.1499939,0,0,57.20000076,376.3500061,Churned,Competitor,Competitor offered more data,1
3672-YITQD,Male,71,Yes,Castaic,1,36,Yes,Yes,Yes,Fiber Optic,No,No,No,No,No,Yes,No,Yes,Month-to-Month,Yes,Bank Withdrawal,84.09999847,3021.600098,0,0,1139.400024,4161,Churned,Competitor,Competitor made better offer,1
3677-IYRBF,Female,73,No,Newcastle,0,2,No,No,Yes,DSL,No,No,Yes,No,No,No,No,Yes,Month-to-Month,Yes,Bank Withdrawal,30.39999962,78.65000153,0,0,0,78.65000153,Churned,Attitude,Attitude of support person,1
3683-QKIUE,Female,51,No,San Francisco,0,6,Yes,No,Yes,DSL,No,No,No,Yes,No,No,No,Yes,Month-to-Month,Yes,Bank Withdrawal,50.79999924,288.0499878,0,0,131.4600067,419.5100098,Churned,Competitor,Competitor offered higher download speeds,1
3685-YLCMQ,Male,34,No,Dobbins,0,58,Yes,Yes,Yes,Fiber Optic,No,No,Yes,Yes,Yes,Yes,Yes,No,One Year,Yes,Bank Withdrawal,104.6500015,6219.600098,0,40,2386.120117,8645.719727,Churned,Dissatisfaction,Service dissatisfaction,1
3703-VAVCL,Male,51,Yes,Strawberry Valley,1,2,Yes,No,Yes,Fiber Optic,No,No,Yes,Yes,No,Yes,Yes,Yes,Month-to-Month,No,Credit Card,90,190.0500031,0,0,93.83999634,283.8900146,Churned,Competitor,Competitor made better offer,1
3707-GNWHM,Male,28,No,Carmel Valley,0,1,Yes,Yes,Yes,Fiber Optic,No,No,No,No,No,No,No,Yes,Month-to-Month,Yes,Mailed Check,74.25,74.25,0,0,21.79999924,96.05000305,Churned,Other,Don't know,1
3707-LRWZD,Female,44,No,Oakland,0,32,Yes,Yes,Yes,Fiber Optic,No,No,No,No,Yes,No,No,Yes,One Year,No,Bank Withdrawal,84.05000305,2781.850098,0,0,1288.319946,4070.169922,Churned,Other,Moved,1
3714-JTVOV,Female,76,Yes,Crows Landing,1,42,Yes,No,Yes,Fiber Optic,Yes,No,No,No,No,No,No,Yes,Month-to-Month,Yes,Credit Card,74.15000153,3229.399902,0,0,121.8000031,3351.199951,Churned,Attitude,Attitude of support person,1
3716-BDVDB,Male,62,No,San Diego,0,1,Yes,No,Yes,Fiber Optic,No,No,No,No,No,No,No,Yes,Month-to-Month,Yes,Bank Withdrawal,69.09999847,69.09999847,0,0,38.65999985,107.7600021,Churned,Competitor,Competitor made better offer,1
3721-CNEYS,Female,45,No,Douglas City,0,2,Yes,No,Yes,Fiber Optic,No,No,No,No,No,No,No,Yes,Month-to-Month,Yes,Bank Withdrawal,70.94999695,137.9499969,0,0,30.65999985,168.6100006,Churned,Dissatisfaction,Poor expertise of phone support,1
3722-WPXTK,Male,23,No,Benton,0,1,Yes,No,Yes,Fiber Optic,No,No,No,No,Yes,Yes,Yes,Yes,Month-to-Month,Yes,Bank Withdrawal,88.34999847,88.34999847,0,0,14.26000023,102.6100006,Churned,Competitor,Competitor offered higher download speeds,1
3727-RJMEO,Male,34,Yes,Rohnert Park,3,6,Yes,Yes,Yes,Fiber Optic,No,No,No,No,Yes,No,No,Yes,Month-to-Month,Yes,Bank Withdrawal,82.84999847,460.25,48.95000076,0,51.54000092,462.8399963,Churned,Competitor,Competitor had better devices,1
3737-GCSPV,Female,60,Yes,Millbrae,5,11,Yes,Yes,Yes,Fiber Optic,Yes,No,No,Yes,Yes,No,No,Yes,Month-to-Month,Yes,Credit Card,96.19999695,1222.050049,0,0,295.6799927,1517.72998,Churned,Competitor,Competitor had better devices,1
3744-ZRRDZ,Male,25,No,Torrance,0,21,Yes,Yes,Yes,Fiber Optic,No,Yes,No,No,No,No,Yes,Yes,Month-to-Month,Yes,Bank Withdrawal,82.34999847,1852.849976,0,0,267.9599915,2120.810059,Churned,Dissatisfaction,Network reliability,1
3746-EUBYR,Male,63,Yes,Fallbrook,1,1,Yes,Yes,Yes,Fiber Optic,No,No,No,No,No,No,No,Yes,Month-to-Month,Yes,Bank Withdrawal,74.59999847,74.59999847,0,0,44.72999954,119.3300018,Churned,Competitor,Competitor made better offer,1
3750-CKVKH,Male,58,No,Clearlake Oaks,0,2,Yes,No,Yes,Fiber Optic,No,No,No,No,No,No,No,Yes,Month-to-Month,Yes,Bank Withdrawal,67.75,116.6500015,0,0,23.5,140.1499939,Churned,Other,Don't know,1
3751-KTZEL,Female,62,No,Yorkville,0,1,No,No,Yes,DSL,No,No,No,No,No,Yes,Yes,Yes,Month-to-Month,No,Mailed Check,35.04999924,35.04999924,0,0,0,35.04999924,Churned,Competitor,Competitor offered higher download speeds,1
3753-TSEMP,Female,21,Yes,San Diego,1,15,Yes,No,Yes,Fiber Optic,No,No,No,No,Yes,Yes,Yes,Yes,Month-to-Month,No,Bank Withdrawal,88.15000153,1390.599976,0,0,184.0500031,1574.650024,Churned,Dissatisfaction,Product dissatisfaction,1
3754-DXMRT,Male,78,No,San Pablo,0,2,Yes,No,Yes,DSL,No,No,No,No,No,No,No,Yes,Month-to-Month,Yes,Bank Withdrawal,44.15000153,92.65000153,0,0,87.31999969,179.9700012,Churned,Attitude,Attitude of support person,1
3755-JBMNH,Male,78,Yes,Huntington Beach,1,16,Yes,No,Yes,Fiber Optic,No,No,No,No,No,No,No,Yes,Month-to-Month,Yes,Bank Withdrawal,71.80000305,1167.800049,0,0,734.4000244,1902.199951,Churned,Competitor,Competitor offered more data,1
3757-NJYBX,Male,77,Yes,Nipomo,3,32,Yes,Yes,Yes,Fiber Optic,No,Yes,Yes,No,Yes,Yes,No,Yes,Month-to-Month,No,Bank Withdrawal,106.3499985,3520.75,0,0,253.4400024,3774.189941,Churned,Other,Moved,1
3763-GCZHZ,Male,23,Yes,Hathaway Pines,1,66,Yes,Yes,Yes,Fiber Optic,No,Yes,No,Yes,Yes,Yes,Yes,Yes,One Year,Yes,Bank Withdrawal,104.0500031,6890,0,0,1324.619995,8214.620117,Churned,Competitor,Competitor offered more data,1
3765-JXVKY,Female,23,No,Paynes Creek,0,1,Yes,No,Yes,Fiber Optic,No,Yes,No,No,No,No,Yes,Yes,Month-to-Month,Yes,Bank Withdrawal,74.69999695,74.69999695,0,0,44.11000061,118.8099976,Churned,Competitor,Competitor offered more data,1
3768-NLUBH,Male,73,Yes,Torrance,1,57,Yes,Yes,Yes,Fiber Optic,No,No,Yes,No,Yes,Yes,No,Yes,Month-to-Month,No,Bank Withdrawal,100.5999985,5746.149902,0,0,2399.699951,8145.850098,Churned,Dissatisfaction,Network reliability,1
3776-EKTKM,Female,79,No,Burbank,0,1,No,No,Yes,Cable,No,No,No,No,Yes,No,No,Yes,Month-to-Month,Yes,Bank Withdrawal,36.45000076,36.45000076,0,0,0,36.45000076,Churned,Dissatisfaction,Service dissatisfaction,1
3791-LGQCY,Female,68,Yes,Loomis,1,56,Yes,Yes,Yes,Cable,No,No,Yes,No,Yes,Yes,No,No,Month-to-Month,Yes,Bank Withdrawal,100.6500015,5688.049805,0,130,1893.359985,7711.410156,Churned,Attitude,Attitude of support person,1
3793-MMFUH,Female,73,No,Davis,0,13,Yes,Yes,Yes,Fiber Optic,No,No,No,No,Yes,Yes,Yes,Yes,Month-to-Month,Yes,Bank Withdrawal,95.05000305,1290,0,0,247.3899994,1537.390015,Churned,Competitor,Competitor made better offer,1
3797-VTIDR,Male,55,Yes,San Jose,3,1,No,No,Yes,DSL,No,No,No,No,No,No,No,Yes,Month-to-Month,Yes,Bank Withdrawal,23.45000076,23.45000076,0,0,0,23.45000076,Churned,Price,Price too high,1
3799-ISUZQ,Male,49,Yes,California Hot Springs,9,7,Yes,No,Yes,Fiber Optic,No,No,No,No,No,No,No,Yes,Month-to-Month,Yes,Bank Withdrawal,69.94999695,529.5,0,0,247.9400024,777.4400024,Churned,Dissatisfaction,Poor expertise of online support,1
3801-HMYNL,Male,44,Yes,Brooks,1,1,Yes,No,Yes,Fiber Optic,No,No,No,No,Yes,Yes,Yes,Yes,Month-to-Month,No,Mailed Check,89.15000153,89.15000153,0,0,32.34999847,121.5,Churned,Competitor,Competitor had better devices,1
3803-KMQFW,Female,25,Yes,Brea,1,1,Yes,No,No,,No,No,No,No,No,No,No,No,Month-to-Month,No,Credit Card,20.54999924,20.54999924,0,0,37.91999817,58.47000122,Churned,Attitude,Attitude of support person,1
3804-RVTGV,Male,55,Yes,Mountain View,6,50,Yes,Yes,Yes,Fiber Optic,No,Yes,Yes,No,Yes,Yes,Yes,Yes,Month-to-Month,Yes,Bank Withdrawal,103.8499985,5017.899902,0,0,2110.5,7128.399902,Churned,Price,Price too high,1
3806-DXQOM,Female,47,No,Baker,0,4,No,No,Yes,DSL,Yes,Yes,No,No,No,No,No,Yes,Month-to-Month,Yes,Bank Withdrawal,33.65000153,137.8500061,0,0,0,137.8500061,Churned,Attitude,Attitude of service provider,1
3811-VBYBZ,Male,61,No,Lytle Creek,0,7,Yes,Yes,Yes,Fiber Optic,No,Yes,No,No,Yes,Yes,Yes,No,Month-to-Month,Yes,Bank Withdrawal,99.80000305,673.25,0,10,329.2099915,1012.460022,Churned,Competitor,Competitor had better devices,1
3814-MLAXC,Female,58,No,Hayward,0,31,Yes,Yes,Yes,Fiber Optic,No,No,No,Yes,No,No,No,Yes,Month-to-Month,Yes,Credit Card,79.84999847,2404.149902,0,0,515.5300293,2919.679932,Churned,Dissatisfaction,Lack of self-service on Website,1
3815-SLMEF,Female,26,No,Avenal,0,3,No,No,Yes,Cable,Yes,No,No,Yes,No,No,No,Yes,Month-to-Month,No,Mailed Check,34.25,139.3500061,0,0,0,139.3500061,Churned,Competitor,Competitor offered higher download speeds,1
3834-XUIFC,Male,23,No,Long Beach,0,7,Yes,Yes,Yes,Fiber Optic,No,No,No,No,No,Yes,Yes,Yes,Month-to-Month,Yes,Credit Card,85.19999695,602.5499878,0,0,131.8099976,734.3599854,Churned,Attitude,Attitude of support person,1
3838-OZURD,Male,28,Yes,Somes Bar,0,66,Yes,Yes,Yes,Fiber Optic,No,Yes,Yes,No,Yes,Yes,Yes,Yes,Month-to-Month,Yes,Credit Card,105,7133.25,0,0,480.480011,7613.72998,Churned,Competitor,Competitor had better devices,1
3842-IYKUE,Female,28,No,San Leandro,0,35,Yes,Yes,Yes,Fiber Optic,No,Yes,No,Yes,No,No,Yes,No,Month-to-Month,No,Credit Card,85.30000305,2917.5,23.88999939,130,1579.900024,4603.509766,Churned,Competitor,Competitor offered more data,1
3858-VOBET,Male,48,No,San Diego,0,23,Yes,Yes,Yes,Cable,No,No,No,No,No,No,No,Yes,Month-to-Month,Yes,Bank Withdrawal,74.94999695,1710.449951,0,0,662.4000244,2372.850098,Churned,Competitor,Competitor made better offer,1
3859-CVCET,Female,47,No,Lindsay,0,4,Yes,No,Yes,DSL,No,No,No,No,No,No,No,Yes,Month-to-Month,No,Mailed Check,45.65000153,191.0500031,0,0,181.6000061,372.6499939,Churned,Competitor,Competitor had better devices,1
3866-MDTUB,Female,64,No,Los Angeles,0,2,Yes,No,Yes,DSL,Yes,No,No,No,Yes,Yes,Yes,Yes,Month-to-Month,Yes,Bank Withdrawal,70.75,146.8999939,0,0,53.86000061,200.7599945,Churned,Attitude,Attitude of support person,1
3871-IKPYH,Male,70,No,Camarillo,0,1,Yes,No,Yes,Fiber Optic,No,No,No,No,No,No,No,Yes,Month-to-Month,No,Bank Withdrawal,69.09999847,69.09999847,0,0,16.19000053,85.29000092,Churned,Other,Moved,1
3874-EQOEP,Male,32,No,Long Beach,0,7,Yes,Yes,Yes,Cable,No,No,No,No,Yes,Yes,Yes,No,Month-to-Month,No,Credit Card,95,655.5,36.59999847,10,143.6399994,772.539978,Churned,Competitor,Competitor had better devices,1
3877-JRJIP,Male,50,No,Hawthorne,0,1,Yes,Yes,Yes,Cable,No,No,No,No,Yes,No,No,Yes,Month-to-Month,Yes,Bank Withdrawal,59.84999847,59.84999847,0,0,22.04999924,81.90000153,Churned,Attitude,Attitude of support person,1
3884-HCSWG,Female,51,No,Camptonville,0,17,Yes,No,Yes,Fiber Optic,No,No,No,No,No,No,No,No,Month-to-Month,Yes,Bank Withdrawal,70,1144.5,0,80,130.2200012,1354.719971,Churned,Attitude,Attitude of support person,1
3886-CERTZ,Female,57,Yes,Fullerton,1,72,Yes,Yes,Yes,Fiber Optic,No,Yes,Yes,Yes,Yes,Yes,Yes,Yes,One Year,Yes,Bank Withdrawal,109.25,8109.799805,0,0,2241.360107,10351.16016,Churned,Competitor,Competitor had better devices,1
3891-PUQOD,Female,40,No,Los Angeles,0,1,Yes,No,Yes,DSL,No,No,Yes,No,No,Yes,Yes,Yes,Month-to-Month,No,Bank Withdrawal,59.20000076,59.20000076,0,0,13.57999992,72.77999878,Churned,Dissatisfaction,Service dissatisfaction,1
3900-AQPHZ,Female,45,No,Pearblossom,0,1,Yes,No,No,,No,No,No,No,No,No,No,No,Month-to-Month,No,Mailed Check,19.89999962,19.89999962,0,0,49.50999832,69.41000366,Churned,Attitude,Attitude of support person,1
3902-FOIGH,Male,66,Yes,Doyle,1,12,Yes,Yes,Yes,Fiber Optic,No,Yes,No,No,Yes,Yes,No,Yes,Month-to-Month,Yes,Bank Withdrawal,101.3499985,1218.550049,0,0,582,1800.550049,Churned,Dissatisfaction,Product dissatisfaction,1
3908-BLSYF,Female,40,No,Los Altos,0,6,Yes,No,Yes,Fiber Optic,No,No,Yes,No,No,Yes,Yes,Yes,Month-to-Month,No,Bank Withdrawal,83.90000153,497.5499878,0,0,155.5800018,653.1300049,Churned,Competitor,Competitor had better devices,1
3923-CSIHK,Female,69,Yes,Herald,1,50,Yes,No,Yes,Cable,No,No,No,No,No,No,No,Yes,Month-to-Month,Yes,Bank Withdrawal,71.05000305,3444.850098,0,0,230,3674.850098,Churned,Dissatisfaction,Poor expertise of online support,1
3926-CUQZX,Male,27,No,Campo,0,1,Yes,No,Yes,DSL,No,No,No,No,No,No,Yes,Yes,Month-to-Month,Yes,Bank Withdrawal,45.09999847,45.09999847,0,0,11.06000042,56.15999985,Churned,Other,Don't know,1
3927-NLNRY,Male,48,Yes,Long Barn,1,53,Yes,No,Yes,Fiber Optic,No,Yes,No,No,Yes,Yes,Yes,Yes,One Year,Yes,Bank Withdrawal,94.25,4867.950195,0,0,835.8099976,5703.759766,Churned,Other,Moved,1
3932-CMDTD,Female,29,No,Foothill Ranch,0,4,Yes,No,Yes,Fiber Optic,No,Yes,Yes,Yes,Yes,Yes,Yes,Yes,One Year,Yes,Bank Withdrawal,105.6500015,443.8999939,0,0,173.8000031,617.7000122,Churned,Dissatisfaction,Limited range of services,1
3934-HXCFZ,Male,33,Yes,Pinecrest,1,23,Yes,Yes,Yes,Fiber Optic,Yes,Yes,Yes,No,Yes,No,No,Yes,Month-to-Month,Yes,Bank Withdrawal,99.25,2186.399902,0,0,441.6000061,2628,Churned,Dissatisfaction,Service dissatisfaction,1
3945-GFWQL,Female,33,No,San Jose,0,12,Yes,No,Yes,DSL,No,No,No,No,No,No,No,No,Month-to-Month,Yes,Bank Withdrawal,44.54999924,480.6000061,18.20999908,0,61.91999817,524.3099976,Churned,Price,Extra data charges,1
3946-MHCZW,Male,50,No,Ontario,0,1,Yes,No,Yes,DSL,No,No,Yes,No,No,No,No,Yes,Month-to-Month,No,Credit Card,50.90000153,50.90000153,0,0,6.949999809,57.84999847,Churned,Attitude,Attitude of support person,1
3948-XHGNA,Male,35,No,San Diego,0,24,Yes,No,Yes,DSL,Yes,No,No,No,No,No,No,Yes,Month-to-Month,Yes,Bank Withdrawal,49.54999924,1210.400024,0,0,345.3599854,1555.76001,Churned,Other,Don't know,1
3957-LXOLK,Female,75,No,Shingletown,0,28,Yes,Yes,Yes,Fiber Optic,No,Yes,Yes,No,Yes,Yes,No,Yes,Month-to-Month,Yes,Bank Withdrawal,106.1500015,3152.5,0,0,270.7600098,3423.26001,Churned,Competitor,Competitor offered more data,1
3976-BWUCK,Female,63,Yes,San Diego,1,30,Yes,Yes,Yes,Fiber Optic,No,Yes,No,Yes,Yes,No,No,Yes,Month-to-Month,Yes,Credit Card,94.09999847,2804.449951,0,0,210.3000031,3014.75,Churned,Competitor,Competitor made better offer,1
3982-XWFZQ,Female,30,Yes,Denair,2,42,Yes,Yes,Yes,Cable,No,No,No,No,No,No,No,Yes,Month-to-Month,Yes,Bank Withdrawal,50.25,2203.649902,28.48999977,0,453.1799927,2628.340088,Churned,Competitor,Competitor offered more data,1
3988-RQIXO,Female,68,No,Corona Del Mar,0,1,Yes,No,Yes,Fiber Optic,No,No,No,No,Yes,Yes,Yes,Yes,Month-to-Month,Yes,Bank Withdrawal,91.30000305,91.30000305,0,0,43.61000061,134.9100037,Churned,Attitude,Attitude of service provider,1
3990-QYKBE,Male,74,Yes,La Canada Flintridge,3,37,Yes,Yes,Yes,Fiber Optic,No,No,No,No,Yes,Yes,Yes,Yes,Month-to-Month,Yes,Bank Withdrawal,92.5,3473.399902,0,0,1826.689941,5300.089844,Churned,Competitor,Competitor had better devices,1
3992-YWPKO,Female,55,No,Atwater,0,6,Yes,Yes,Yes,Fiber Optic,No,Yes,Yes,Yes,Yes,Yes,Yes,Yes,Month-to-Month,Yes,Credit Card,109.9000015,669.4500122,0,0,122.1600037,791.6099854,Churned,Competitor,Competitor had better devices,1
3999-QGRJH,Male,80,No,Ballico,0,8,Yes,No,Yes,Fiber Optic,No,No,No,No,No,No,No,Yes,Month-to-Month,Yes,Bank Withdrawal,69.69999695,560.8499756,0,0,119.1200027,679.9699707,Churned,Dissatisfaction,Product dissatisfaction,1
4009-ALQFH,Female,35,No,Groveland,0,25,Yes,No,Yes,Fiber Optic,No,Yes,Yes,No,Yes,Yes,Yes,Yes,Month-to-Month,Yes,Bank Withdrawal,99.5,2369.050049,19.5,0,1210.5,3560.050049,Churned,Competitor,Competitor offered more data,1
4021-RQSNY,Male,75,Yes,Moreno Valley,1,29,Yes,Yes,Yes,Fiber Optic,No,No,Yes,No,Yes,Yes,Yes,No,Month-to-Month,Yes,Bank Withdrawal,98.5,3004.149902,37.54999924,40,747.6199951,3754.219971,Churned,Attitude,Attitude of service provider,1
4030-VPZBD,Female,53,No,Comptche,0,2,No,No,Yes,DSL,No,No,No,Yes,No,No,No,Yes,Month-to-Month,Yes,Bank Withdrawal,30.89999962,59.04999924,0,0,0,59.04999924,Churned,Dissatisfaction,Network reliability,1
4039-HEUNW,Male,77,Yes,Irvine,1,36,Yes,Yes,Yes,Fiber Optic,No,Yes,No,No,Yes,Yes,No,Yes,Month-to-Month,Yes,Bank Withdrawal,96.5,3436.100098,0,0,597.960022,4034.060059,Churned,Price,Lack of affordable download/upload speed,1
4060-LDNLU,Male,22,No,Diamond Bar,0,7,Yes,Yes,Yes,Fiber Optic,No,No,No,No,Yes,Yes,Yes,Yes,Month-to-Month,No,Bank Withdrawal,96.19999695,639.7000122,0,0,321.5100098,961.210022,Stayed,Others,Others,1
4062-HBMOS,Male,33,No,Redding,0,52,Yes,Yes,Yes,Fiber Optic,No,Yes,Yes,No,Yes,Yes,Yes,Yes,Month-to-Month,Yes,Bank Withdrawal,103.0500031,5364.799805,46.66999817,0,281.8399963,5599.970215,Stayed,Others,Others,1
4074-SJFFA,Female,44,No,San Francisco,0,1,Yes,No,Yes,DSL,No,No,No,No,No,Yes,Yes,Yes,Month-to-Month,Yes,Mailed Check,54.75,54.75,0,0,13.01000023,67.76000214,Churned,Dissatisfaction,Network reliability,1
4077-CROMM,Female,51,Yes,Modesto,4,31,Yes,Yes,Yes,Fiber Optic,No,No,Yes,Yes,Yes,Yes,Yes,Yes,Month-to-Month,Yes,Bank Withdrawal,104.1999969,3243.449951,17.01000023,0,115.6299973,3342.070068,Churned,Dissatisfaction,Product dissatisfaction,1
4078-SAYYN,Female,45,No,Burbank,0,11,Yes,Yes,Yes,Fiber Optic,No,No,Yes,No,Yes,Yes,Yes,Yes,Month-to-Month,Yes,Bank Withdrawal,100.75,1129.75,0,0,535.039978,1664.790039,Churned,Price,Long distance charges,1
4080-OGPJL,Female,53,No,San Pedro,0,8,Yes,Yes,Yes,DSL,Yes,No,No,Yes,No,Yes,Yes,Yes,Month-to-Month,No,Bank Withdrawal,71.15000153,563.6500244,0,0,385.1199951,948.7700195,Churned,Other,Don't know,1
4081-DYXAV,Female,27,No,San Jose,0,19,No,No,Yes,DSL,No,No,No,No,Yes,Yes,Yes,Yes,One Year,Yes,Credit Card,44.84999847,893.5499878,0,0,0,893.5499878,Churned,Competitor,Competitor offered higher download speeds,1
4083-EUGRJ,Male,37,No,Oceanside,0,9,Yes,No,No,,No,No,No,No,No,No,No,No,Month-to-Month,No,Credit Card,20.25,178.5,0,0,80.19000244,258.6900024,Churned,Attitude,Attitude of support person,1
4086-YQSNZ,Female,74,Yes,Glencoe,1,3,Yes,No,Yes,Fiber Optic,No,No,No,No,Yes,No,No,Yes,Month-to-Month,Yes,Bank Withdrawal,80.40000153,224.0500031,0,0,9.869999886,233.9199982,Churned,Attitude,Attitude of service provider,1
4088-YLDSU,Male,21,Yes,Redwood City,1,55,Yes,Yes,Yes,Fiber Optic,No,No,Yes,Yes,Yes,Yes,Yes,Yes,One Year,Yes,Bank Withdrawal,104.1500015,5743.049805,0,0,583.5499878,6326.600098,Churned,Competitor,Competitor had better devices,1
4094-NSEDU,Female,79,No,Temecula,0,21,Yes,Yes,Yes,Fiber Optic,No,No,No,No,Yes,Yes,No,Yes,Month-to-Month,Yes,Bank Withdrawal,94.25,1973.75,0,0,444.1499939,2417.899902,Churned,Competitor,Competitor made better offer,1
4102-OQUPX,Male,67,Yes,Sheep Ranch,1,1,Yes,Yes,Yes,Fiber Optic,No,No,No,No,No,No,No,No,Month-to-Month,Yes,Bank Withdrawal,74.40000153,74.40000153,0,30,17.36000061,121.7600021,Churned,Competitor,Competitor made better offer,1
4106-HADHQ,Male,42,Yes,Emigrant Gap,1,39,Yes,No,Yes,DSL,Yes,No,Yes,Yes,Yes,Yes,Yes,Yes,One Year,No,Credit Card,80,3182.949951,0,0,1392.300049,4575.25,Churned,Other,Moved,1
4110-PFEUZ,Female,54,No,Daggett,0,1,Yes,No,Yes,Fiber Optic,No,No,No,No,No,No,No,Yes,Month-to-Month,No,Credit Card,69.55000305,69.55000305,0,0,29.78000069,99.33000183,Churned,Competitor,Competitor had better devices,1
4112-LUEIZ,Male,55,No,La Palma,0,10,Yes,No,Yes,Fiber Optic,No,No,No,No,Yes,Yes,Yes,Yes,Month-to-Month,Yes,Bank Withdrawal,89.5,863.0999756,0,0,127.8000031,990.9000244,Churned,Attitude,Attitude of support person,1
4139-SUGLD,Male,41,Yes,Santa Clara,1,31,No,No,Yes,DSL,Yes,No,No,Yes,No,No,No,Yes,Month-to-Month,No,Bank Withdrawal,35.40000153,1077.5,0,0,0,1077.5,Churned,Attitude,Attitude of service provider,1
4140-MUHUG,Female,73,No,Oak View,0,3,Yes,No,Yes,Fiber Optic,No,No,Yes,No,Yes,No,No,Yes,Month-to-Month,Yes,Bank Withdrawal,86.84999847,220.9499969,0,0,55.13999939,276.0899963,Churned,Attitude,Attitude of service provider,1
4140-WJAWW,Female,57,No,Los Angeles,0,5,Yes,No,No,,No,No,No,No,No,No,No,No,Month-to-Month,No,Credit Card,19.85000038,108.0500031,0,0,30.85000038,138.8999939,Churned,Price,Long distance charges,1
4143-OOBWZ,Male,33,Yes,Fresno,0,5,Yes,Yes,Yes,Fiber Optic,No,Yes,No,No,No,No,No,Yes,Month-to-Month,Yes,Bank Withdrawal,81.30000305,416.2999878,0,0,125.5500031,541.8499756,Churned,Attitude,Attitude of service provider,1
4145-UQXUQ,Female,71,No,Berkeley,0,8,Yes,No,Yes,Fiber Optic,No,No,Yes,No,Yes,Yes,No,Yes,Month-to-Month,Yes,Bank Withdrawal,92.09999847,729.9500122,0,0,343.4400024,1073.390015,Churned,Competitor,Competitor had better devices,1
4154-AQUGT,Male,76,Yes,San Diego,1,13,Yes,No,Yes,Fiber Optic,No,Yes,No,Yes,No,Yes,No,Yes,Month-to-Month,Yes,Bank Withdrawal,89.05000305,1169.349976,0,0,19.11000061,1188.459961,Churned,Competitor,Competitor made better offer,1
4160-AMJTL,Female,74,No,Fellows,0,8,Yes,No,No,,No,No,No,No,No,No,No,No,Month-to-Month,No,Bank Withdrawal,-5,164.3000031,0,0,223.6000061,387.8999939,Churned,Attitude,Attitude of support person,1
4174-LPGTI,Female,49,Yes,Beaumont,1,41,Yes,No,Yes,DSL,No,Yes,No,Yes,No,Yes,Yes,Yes,One Year,Yes,Bank Withdrawal,66.5,2728.600098,0,0,1312.819946,4041.419922,Churned,Other,Moved,1
4183-WCSEP,Male,46,No,Weaverville,0,31,Yes,No,Yes,Fiber Optic,No,Yes,No,Yes,No,No,No,No,Month-to-Month,Yes,Bank Withdrawal,78.44999695,2435.149902,0,40,1065.780029,3540.929932,Churned,Price,Long distance charges,1
4184-TJFAN,Female,68,Yes,Berkeley,1,3,Yes,No,Yes,Fiber Optic,Yes,No,No,Yes,Yes,No,No,Yes,Month-to-Month,Yes,Mailed Check,88.30000305,273.75,0,0,77.30999756,351.0599976,Churned,Attitude,Attitude of support person,1
4187-CINZD,Female,73,No,Lakewood,0,46,Yes,No,Yes,Fiber Optic,No,Yes,No,No,Yes,Yes,No,Yes,One Year,No,Credit Card,95.25,4424.200195,0,0,281.980011,4706.180176,Churned,Competitor,Competitor had better devices,1
4192-GORJT,Male,43,Yes,Fremont,1,5,Yes,No,Yes,Fiber Optic,No,No,Yes,No,Yes,Yes,Yes,Yes,Month-to-Month,Yes,Bank Withdrawal,94.44999695,498.1000061,0,0,196.8000031,694.9000244,Churned,Competitor,Competitor had better devices,1
4193-ORFCL,Female,80,No,North Hollywood,0,1,Yes,No,Yes,DSL,No,No,No,No,No,No,No,Yes,Month-to-Month,No,Credit Card,45.09999847,45.09999847,0,0,15.23999977,60.34000015,Churned,Competitor,Competitor had better devices,1
4195-SMMNX,Male,62,No,Hydesville,0,2,Yes,No,No,,No,No,No,No,No,No,No,No,Month-to-Month,No,Mailed Check,20.35000038,33.20000076,0,0,64.05999756,97.26000214,Churned,Attitude,Attitude of support person,1
4201-JMNGR,Female,66,No,Lucerne Valley,0,1,Yes,No,Yes,Cable,Yes,No,Yes,No,No,No,No,Yes,Month-to-Month,Yes,Bank Withdrawal,55.79999924,55.79999924,0,0,26.21999931,82.01999664,Churned,Dissatisfaction,Service dissatisfaction,1
4208-UFFGW,Male,80,No,Byron,0,2,Yes,No,Yes,DSL,No,No,No,No,No,No,No,Yes,Month-to-Month,No,Credit Card,44.95000076,85.15000153,0,0,53.24000168,138.3899994,Churned,Other,Don't know,1
4210-QFJMF,Female,41,No,Fallbrook,0,4,Yes,No,Yes,Fiber Optic,No,No,No,No,No,Yes,Yes,Yes,Month-to-Month,Yes,Bank Withdrawal,79.15000153,317.25,0,0,147.6399994,464.8900146,Churned,Competitor,Competitor made better offer,1
4211-MMAZN,Male,41,No,Vacaville,0,1,Yes,No,No,,No,No,No,No,No,No,No,No,Month-to-Month,No,Mailed Check,20.25,20.25,0,0,23.15999985,43.40999985,Churned,Attitude,Attitude of support person,1
4228-ZGYUW,Male,42,No,San Francisco,0,4,Yes,Yes,Yes,Fiber Optic,No,Yes,No,No,No,Yes,Yes,No,Month-to-Month,Yes,Bank Withdrawal,90.05000305,368.1000061,0,30,48.95999908,447.0599976,Churned,Competitor,Competitor offered more data,1
4229-CZMLL,Male,49,No,Salinas,0,6,Yes,Yes,Yes,Fiber Optic,No,No,No,No,No,No,No,Yes,Month-to-Month,Yes,Bank Withdrawal,74.90000153,469.7999878,0,0,37.91999817,507.7200012,Churned,Dissatisfaction,Service dissatisfaction,1
4236-XPXAV,Female,45,Yes,Dunnigan,1,5,Yes,No,Yes,Fiber Optic,No,Yes,No,Yes,Yes,Yes,Yes,Yes,Month-to-Month,Yes,Mailed Check,99.15000153,465.0499878,0,0,46.15000153,511.2000122,Churned,Other,Moved,1
4237-RLAQD,Male,58,No,Callahan,0,1,Yes,No,Yes,Cable,No,No,No,No,No,No,No,Yes,Month-to-Month,Yes,Credit Card,45.84999847,45.84999847,0,0,44.75,90.59999847,Churned,Attitude,Attitude of support person,1
4248-HCETZ,Male,77,Yes,Sacramento,1,30,Yes,No,Yes,Fiber Optic,No,Yes,Yes,No,No,No,No,Yes,Month-to-Month,Yes,Credit Card,79.65000153,2365.149902,0,0,186.8999939,2552.050049,Churned,Attitude,Attitude of support person,1
4248-QPAVC,Female,80,Yes,San Diego,1,17,Yes,Yes,Yes,Fiber Optic,Yes,No,Yes,No,No,No,No,Yes,Month-to-Month,Yes,Bank Withdrawal,85.34999847,1463.449951,0,0,625.9400024,2089.389893,Churned,Competitor,Competitor made better offer,1
4250-ZBWLV,Male,24,No,Olema,0,68,Yes,Yes,Yes,Fiber Optic,No,Yes,Yes,Yes,Yes,Yes,Yes,Yes,One Year,No,Bank Withdrawal,108.4499969,7176.549805,9.680000305,0,1478.319946,8645.19043,Churned,Competitor,Competitor offered higher download speeds,1
4255-DDUOU,Female,47,Yes,Casmalia,0,1,Yes,No,No,,No,No,No,No,No,No,No,No,Month-to-Month,Yes,Mailed Check,20.5,20.5,0,0,34.56999969,55.06999969,Churned,Price,Long distance charges,1
4274-OWWYO,Male,56,No,Walnut Grove,0,1,Yes,No,Yes,Fiber Optic,No,Yes,No,No,No,No,No,Yes,Month-to-Month,Yes,Bank Withdrawal,74.34999847,74.34999847,0,0,4.800000191,79.15000153,Churned,Other,Deceased,1
4277-PVRAN,Female,34,No,Daly City,0,8,Yes,No,Yes,Fiber Optic,No,No,No,No,Yes,No,No,Yes,Month-to-Month,Yes,Bank Withdrawal,80.09999847,679.2999878,0,0,291.1199951,970.4199829,Churned,Competitor,Competitor had better devices,1
4282-YMKNA,Female,55,No,Biola,0,9,Yes,Yes,Yes,Fiber Optic,No,No,No,No,No,No,No,Yes,Month-to-Month,Yes,Bank Withdrawal,74.75,706.5999756,0,0,148.3200073,854.9199829,Churned,Competitor,Competitor made better offer,1
4283-FUTGF,Male,67,No,El Sobrante,0,19,Yes,Yes,Yes,Fiber Optic,No,No,Yes,No,No,No,No,Yes,Month-to-Month,Yes,Bank Withdrawal,79.84999847,1471.75,0,0,318.8200073,1790.569946,Churned,Dissatisfaction,Network reliability,1
4285-GYRQC,Female,63,Yes,Newport Beach,1,7,Yes,No,Yes,Fiber Optic,No,No,Yes,No,Yes,No,No,Yes,Month-to-Month,Yes,Bank Withdrawal,86.25,587.0999756,0,0,312.6199951,899.7199707,Churned,Attitude,Attitude of support person,1
4289-DTDKW,Male,54,Yes,Madera,1,40,Yes,Yes,Yes,Cable,No,Yes,No,No,Yes,Yes,Yes,Yes,Month-to-Month,Yes,Bank Withdrawal,101.3000031,4113.100098,0,0,902.4000244,5015.5,Churned,Competitor,Competitor had better devices,1
4290-BSXUX,Male,33,Yes,Fields Landing,1,3,Yes,Yes,Yes,Fiber Optic,No,No,No,Yes,No,No,No,Yes,Month-to-Month,Yes,Bank Withdrawal,79.65000153,251.75,0,0,129.8099976,381.5599976,Churned,Competitor,Competitor offered more data,1
4307-KTUMW,Male,27,Yes,Santa Barbara,1,53,Yes,Yes,Yes,Fiber Optic,Yes,No,Yes,No,No,Yes,Yes,Yes,Month-to-Month,No,Bank Withdrawal,93.90000153,5029.200195,0,0,1655.719971,6684.919922,Churned,Attitude,Attitude of service provider,1
4315-MURBD,Female,64,No,San Bruno,0,12,Yes,No,Yes,Cable,Yes,No,No,Yes,Yes,Yes,Yes,Yes,Month-to-Month,Yes,Bank Withdrawal,98.90000153,1120.949951,0,0,419.0400085,1539.98999,Churned,Price,Price too high,1
4317-VTEOA,Male,61,No,Rowland Heights,0,1,Yes,No,Yes,DSL,No,Yes,No,No,No,No,No,Yes,Month-to-Month,Yes,Bank Withdrawal,50.75,50.75,0,0,43.02999878,93.77999878,Churned,Competitor,Competitor had better devices,1
4323-SADQS,Male,61,Yes,Concord,2,7,No,No,Yes,Cable,Yes,No,No,Yes,No,No,No,Yes,Month-to-Month,Yes,Bank Withdrawal,34.5,279.25,0,0,0,279.25,Churned,Dissatisfaction,Service dissatisfaction,1
4325-NFSKC,Male,68,No,Pacific Palisades,0,19,Yes,Yes,Yes,Fiber Optic,Yes,No,No,No,Yes,No,No,Yes,Month-to-Month,Yes,Bank Withdrawal,90.59999847,1660,0,0,534.2800293,2194.280029,Churned,Price,Extra data charges,1
4342-HENTK,Female,67,No,Garberville,0,2,Yes,No,Yes,Fiber Optic,No,No,No,No,No,No,No,Yes,Month-to-Month,Yes,Bank Withdrawal,70.65000153,142.3500061,0,0,25.04000092,167.3899994,Churned,Competitor,Competitor had better devices,1
4349-GFQHK,Male,30,No,Mentone,0,1,Yes,Yes,Yes,DSL,No,No,Yes,No,No,No,No,Yes,Month-to-Month,No,Bank Withdrawal,54.34999847,54.34999847,0,0,25.38999939,79.73999786,Churned,Attitude,Attitude of service provider,1
4351-QLCSU,Female,47,No,Quincy,0,1,Yes,No,Yes,DSL,No,No,No,No,Yes,No,No,Yes,Month-to-Month,Yes,Credit Card,55,55,0,0,32.74000168,87.73999786,Churned,Price,Long distance charges,1
4355-HBJHH,Male,49,Yes,Waterford,0,67,Yes,Yes,Yes,DSL,Yes,No,Yes,No,Yes,Yes,Yes,Yes,Two Year,Yes,Bank Withdrawal,79.69999695,5293.399902,0,0,2865.590088,8158.990234,Churned,Price,Price too high,1
4361-JEIVL,Male,29,No,Greenfield,0,1,Yes,No,Yes,DSL,No,No,No,No,No,No,Yes,Yes,Month-to-Month,Yes,Bank Withdrawal,44.40000153,44.40000153,0,0,7.139999866,51.54000092,Churned,Attitude,Attitude of service provider,1
4369-HTUIF,Male,73,No,Pismo Beach,0,6,Yes,No,Yes,Fiber Optic,Yes,No,No,No,Yes,No,No,Yes,Month-to-Month,Yes,Bank Withdrawal,85.15000153,503.6000061,0,0,176.4600067,680.0599976,Churned,Attitude,Attitude of service provider,1
4373-MAVJG,Female,64,Yes,San Diego,1,14,Yes,Yes,Yes,Fiber Optic,No,Yes,No,No,No,Yes,Yes,Yes,Month-to-Month,Yes,Bank Withdrawal,90.90000153,1259,0,0,190.9600067,1449.959961,Churned,Competitor,Competitor made better offer,1
4385-GZQXV,Female,68,No,Ontario,0,16,Yes,No,Yes,Fiber Optic,No,No,No,Yes,Yes,Yes,Yes,Yes,Month-to-Month,Yes,Bank Withdrawal,94.44999695,1511.199951,0,0,150.8800049,1662.079956,Churned,Competitor,Competitor had better devices,1
4390-KYULV,Male,41,Yes,Piru,1,3,Yes,No,No,,No,No,No,No,No,No,No,No,Month-to-Month,Yes,Credit Card,20.54999924,51.15000153,0,0,112.8300018,163.9799957,Churned,Attitude,Attitude of support person,1
4391-RESHN,Male,49,No,Lemon Cove,0,23,Yes,Yes,Yes,Fiber Optic,No,No,Yes,Yes,Yes,Yes,Yes,Yes,Month-to-Month,Yes,Credit Card,104.0500031,2470.100098,0,0,374.4400024,2844.540039,Churned,Competitor,Competitor had better devices,1
4398-HSCJH,Female,57,No,Los Angeles,0,3,Yes,Yes,Yes,DSL,No,No,No,Yes,Yes,No,No,Yes,Month-to-Month,Yes,Bank Withdrawal,63.59999847,155.6499939,0,0,10.92000008,166.5700073,Churned,Competitor,Competitor offered higher download speeds,1
4404-HIBDJ,Female,48,No,San Jose,0,25,Yes,No,Yes,DSL,Yes,Yes,Yes,Yes,Yes,No,No,Yes,One Year,No,Credit Card,74.30000305,1863.800049,0,0,34.25,1898.050049,Churned,Competitor,Competitor offered more data,1
4412-YLTKF,Female,72,No,Pico Rivera,0,27,Yes,Yes,Yes,Fiber Optic,No,No,Yes,No,No,No,No,No,Month-to-Month,Yes,Bank Withdrawal,78.05000305,2135.5,0,10,89.91000366,2235.409912,Churned,Competitor,Competitor had better devices,1
4415-IJZTP,Female,33,No,Los Angeles,0,1,Yes,Yes,Yes,Fiber Optic,No,No,No,No,No,No,No,Yes,Month-to-Month,Yes,Bank Withdrawal,74.5,74.5,0,0,13.60999966,88.11000061,Churned,Competitor,Competitor had better devices,1
4423-YLHDV,Female,22,Yes,Los Angeles,1,21,Yes,Yes,Yes,Fiber Optic,Yes,No,Yes,No,Yes,Yes,Yes,Yes,Month-to-Month,Yes,Bank Withdrawal,104.4000015,2200.25,0,0,808.9199829,3009.169922,Churned,Attitude,Attitude of support person,1
4424-TKOPW,Male,70,No,Crestline,0,2,Yes,Yes,Yes,Fiber Optic,No,No,No,No,Yes,Yes,No,Yes,Month-to-Month,Yes,Bank Withdrawal,93.84999847,196.75,0,0,50.38000107,247.1300049,Churned,Price,Lack of affordable download/upload speed,1
4430-UZIPO,Male,44,No,San Diego,0,3,No,No,Yes,DSL,No,Yes,No,Yes,No,No,No,Yes,Month-to-Month,Yes,Mailed Check,36.84999847,108.6999969,0,0,0,108.6999969,Churned,Competitor,Competitor made better offer,1
4432-ADRLB,Male,46,No,Fallbrook,0,2,Yes,No,Yes,DSL,No,No,No,No,No,No,No,No,Month-to-Month,No,Mailed Check,44.65000153,74.90000153,0,10,49.79999924,134.6999969,Churned,Competitor,Competitor made better offer,1
4433-JCGCG,Male,80,Yes,San Diego,1,46,Yes,Yes,Yes,Fiber Optic,No,No,Yes,No,Yes,Yes,No,Yes,Month-to-Month,Yes,Bank Withdrawal,101,4680.049805,0,0,246.5599976,4926.609863,Churned,Competitor,Competitor made better offer,1
4439-JMPMT,Female,38,Yes,Comptche,1,5,Yes,No,Yes,Fiber Optic,No,No,No,Yes,Yes,No,No,Yes,Month-to-Month,Yes,Bank Withdrawal,85.75,470.9500122,44.15999985,0,5.599999905,432.3900146,Churned,Attitude,Attitude of support person,1
4441-NIHPT,Female,73,No,Freedom,0,13,Yes,No,Yes,Fiber Optic,No,No,Yes,No,No,No,No,Yes,Month-to-Month,Yes,Bank Withdrawal,74.30000305,940.3499756,0,0,524.8099976,1465.160034,Churned,Competitor,Competitor had better devices,1
4446-BZKHU,Male,44,Yes,Pleasant Hill,1,61,Yes,Yes,Yes,Fiber Optic,No,Yes,Yes,No,Yes,Yes,Yes,Yes,Month-to-Month,Yes,Bank Withdrawal,105.5500031,6281.450195,0,0,2787.699951,9069.150391,Churned,Competitor,Competitor had better devices,1
4464-JCOLN,Male,40,Yes,Huron,2,2,Yes,No,No,,No,No,No,No,No,No,No,No,One Year,No,Mailed Check,19.85000038,35.90000153,0,0,30.28000069,66.18000031,Churned,Attitude,Attitude of support person,1
4468-YDOVK,Male,57,No,Richmond,0,5,Yes,No,Yes,DSL,No,No,No,Yes,No,No,No,Yes,Month-to-Month,Yes,Bank Withdrawal,48.65000153,235.1999969,0,0,67.69999695,302.8999939,Stayed,Others,Others,1
4471-KXAUH,Female,58,Yes,Woody,1,42,Yes,Yes,Yes,Fiber Optic,No,No,Yes,Yes,No,No,No,Yes,Month-to-Month,Yes,Bank Withdrawal,84.30000305,3588.399902,0,0,450.6600037,4039.060059,Churned,Attitude,Attitude of service provider,1
4484-CGXFK,Female,45,No,El Dorado,0,3,Yes,No,Yes,DSL,No,No,No,No,No,Yes,Yes,Yes,Month-to-Month,Yes,Bank Withdrawal,55.29999924,196.1499939,0,0,77.87999725,274.0299988,Churned,Dissatisfaction,Product dissatisfaction,1
4488-PSYCG,Male,24,No,Seiad Valley,0,16,Yes,No,No,,No,No,No,No,No,No,No,No,Month-to-Month,No,Bank Withdrawal,20.25,327.4500122,0,0,336.6400146,664.0900269,Churned,Price,Long distance charges,1
4501-EQDRN,Female,64,No,Montclair,0,1,Yes,No,Yes,Fiber Optic,No,No,No,No,No,No,No,Yes,Month-to-Month,No,Bank Withdrawal,69.69999695,69.69999695,0,0,21.52000046,91.22000122,Churned,Attitude,Attitude of service provider,1
4505-EXZHB,Female,75,No,Ducor,0,6,Yes,No,Yes,Fiber Optic,No,No,Yes,No,No,No,No,No,Month-to-Month,No,Bank Withdrawal,74.40000153,434.1000061,0,20,53.45999908,507.5599976,Churned,Competitor,Competitor offered more data,1
4510-HIMLV,Male,50,No,La Habra,0,1,Yes,No,Yes,Fiber Optic,No,No,No,No,No,No,No,No,Month-to-Month,Yes,Bank Withdrawal,69.80000305,69.80000305,0,10,22.86000061,102.6600037,Churned,Dissatisfaction,Network reliability,1
4510-PYUSH,Female,67,No,Sylmar,0,38,Yes,No,Yes,DSL,Yes,Yes,No,No,No,No,No,Yes,Month-to-Month,Yes,Credit Card,57.15000153,2250.649902,0,0,991.7999878,3242.449951,Churned,Attitude,Attitude of support person,1
4512-ZUIYL,Female,31,No,Sunnyvale,0,2,Yes,No,Yes,Fiber Optic,No,No,No,No,No,No,No,Yes,Month-to-Month,No,Bank Withdrawal,70,153.0500031,0,0,75.51999664,228.5700073,Churned,Other,Moved,1
4514-GFCFI,Female,76,No,San Diego,0,16,Yes,Yes,Yes,Fiber Optic,No,No,No,No,Yes,No,No,Yes,Month-to-Month,Yes,Bank Withdrawal,84.75,1350.150024,0,0,280.1600037,1630.310059,Churned,Attitude,Attitude of support person,1
4523-WXCEF,Female,21,Yes,San Jose,4,59,Yes,Yes,Yes,Fiber Optic,No,Yes,No,No,Yes,Yes,Yes,Yes,Month-to-Month,No,Bank Withdrawal,101.0999985,6039.899902,0,0,544.5700073,6584.470215,Churned,Dissatisfaction,Service dissatisfaction,1
4529-CKBCL,Female,51,No,Ventura,0,2,Yes,No,Yes,Fiber Optic,No,No,No,No,Yes,No,No,No,Month-to-Month,Yes,Bank Withdrawal,80.19999695,146.0500031,0,10,99.58000183,255.6300049,Churned,Attitude,Attitude of service provider,1
4541-RMRLG,Male,53,No,Hayward,0,7,Yes,No,No,,No,No,No,No,No,No,No,No,Month-to-Month,No,Bank Withdrawal,19.25,112.3000031,0,0,63.97999954,176.2799988,Churned,Attitude,Attitude of support person,1
4547-KQRTM,Female,60,No,Eldridge,0,10,Yes,Yes,Yes,Fiber Optic,No,Yes,No,No,No,No,No,Yes,Month-to-Month,Yes,Bank Withdrawal,80.05000305,830.7000122,0,0,497,1327.699951,Churned,Competitor,Competitor offered higher download speeds,1
4548-SDBKE,Female,26,No,San Dimas,0,5,Yes,Yes,Yes,Fiber Optic,No,No,No,No,Yes,No,Yes,Yes,Month-to-Month,Yes,Bank Withdrawal,85.19999695,474.7999878,0,0,172.4499969,647.25,Churned,Attitude,Attitude of service provider,1
4550-EVXNY,Female,52,No,San Francisco,0,1,Yes,No,Yes,Fiber Optic,No,No,No,No,No,No,No,Yes,Month-to-Month,Yes,Bank Withdrawal,69.65000153,69.65000153,0,0,49.24000168,118.8899994,Churned,Competitor,Competitor offered higher download speeds,1
4550-VBOFE,Male,69,Yes,Soulsbyville,1,70,Yes,Yes,Yes,Fiber Optic,No,Yes,Yes,No,Yes,Yes,No,Yes,Month-to-Month,Yes,Bank Withdrawal,102.9499969,7101.5,15.23999977,0,1221.5,8307.759766,Churned,Competitor,Competitor had better devices,1
4554-YGZIH,Male,75,Yes,Summerland,3,49,Yes,Yes,Yes,Fiber Optic,No,Yes,No,No,No,Yes,No,Yes,Month-to-Month,No,Credit Card,90.05000305,4547.25,0,0,1123.079956,5670.330078,Churned,Competitor,Competitor made better offer,1
4558-FANTW,Female,30,Yes,Fair Oaks,1,17,Yes,No,Yes,Fiber Optic,Yes,No,No,Yes,Yes,No,No,Yes,Month-to-Month,No,Bank Withdrawal,91.84999847,1574.449951,0,0,713.1500244,2287.600098,Churned,Price,Lack of affordable download/upload speed,1
4566-GOLUK,Male,43,Yes,Rosemead,1,47,Yes,Yes,Yes,Fiber Optic,No,No,Yes,Yes,Yes,Yes,Yes,Yes,Month-to-Month,Yes,Bank Withdrawal,107.3499985,5118.950195,0,0,1773.780029,6892.72998,Churned,Attitude,Attitude of support person,1
4572-DVCGN,Female,40,No,San Diego,0,10,Yes,No,Yes,Fiber Optic,No,No,No,No,No,Yes,Yes,Yes,Month-to-Month,Yes,Bank Withdrawal,80.25,846,0,0,271,1117,Churned,Competitor,Competitor made better offer,1
4580-TMHJU,Female,57,Yes,Avenal,3,43,Yes,No,Yes,DSL,No,No,No,No,Yes,No,No,Yes,Month-to-Month,No,Bank Withdrawal,56.15000153,2499.300049,0,0,1601.75,4101.049805,Churned,Other,Don't know,1
4581-SSPWD,Female,63,No,Mountain View,0,3,Yes,Yes,Yes,Fiber Optic,No,No,No,No,No,No,No,No,Month-to-Month,Yes,Bank Withdrawal,75.80000305,246.3000031,0,10,15.60000038,271.8999939,Churned,Competitor,Competitor had better devices,1
4585-HETAI,Female,25,Yes,Huntington Park,5,4,Yes,No,Yes,Fiber Optic,No,No,Yes,No,No,No,Yes,Yes,Month-to-Month,Yes,Bank Withdrawal,-1,325.4500122,0,0,193.9199982,519.3699951,Churned,Dissatisfaction,Service dissatisfaction,1
4587-NUKOX,Female,60,No,Walnut,0,3,Yes,No,Yes,Fiber Optic,Yes,Yes,No,No,No,No,No,Yes,Month-to-Month,Yes,Bank Withdrawal,79.09999847,246.5,0,0,97.29000092,343.7900085,Churned,Attitude,Attitude of support person,1
4587-VVTOX,Female,23,Yes,Frazier Park,1,6,Yes,Yes,Yes,Fiber Optic,No,Yes,Yes,No,Yes,Yes,Yes,Yes,Month-to-Month,Yes,Bank Withdrawal,105.3000031,545.2000122,0,0,164.6399994,709.8400269,Churned,Competitor,Competitor offered more data,1
4588-YBNIB,Female,24,No,Fremont,0,1,Yes,No,No,,No,No,No,No,No,No,No,No,Month-to-Month,Yes,Credit Card,19.60000038,19.60000038,0,0,5.360000134,24.95999908,Churned,Price,Price too high,1
4592-IWTJI,Female,46,Yes,Homewood,1,3,No,No,Yes,Cable,Yes,No,No,No,No,No,No,Yes,Month-to-Month,No,Credit Card,-4,91.69999695,0,0,0,91.69999695,Churned,Attitude,Attitude of support person,1
4597-ELFTS,Male,57,No,Glendale,0,56,Yes,Yes,No,,No,No,No,No,No,No,No,No,One Year,No,Bank Withdrawal,24.89999962,1334,0,0,144.4799957,1478.47998,Churned,Attitude,Attitude of support person,1
4597-NUCQV,Male,65,No,Oakland,0,24,Yes,Yes,Yes,Fiber Optic,No,Yes,No,No,Yes,Yes,Yes,Yes,Month-to-Month,Yes,Bank Withdrawal,101.25,2440.149902,0,0,695.5200195,3135.669922,Churned,Attitude,Attitude of support person,1
4598-XLKNJ,Female,78,Yes,Inglewood,1,25,Yes,No,Yes,Fiber Optic,No,Yes,Yes,No,Yes,Yes,No,Yes,Month-to-Month,Yes,Bank Withdrawal,98.5,2514.5,13.43000031,0,494,2995.070068,Churned,Dissatisfaction,Limited range of services,1
4603-JANFB,Male,51,No,Glencoe,0,1,Yes,No,Yes,Fiber Optic,No,No,No,No,No,No,No,Yes,Month-to-Month,Yes,Bank Withdrawal,69.84999847,69.84999847,0,0,12.13000011,81.98000336,Churned,Competitor,Competitor had better devices,1
4607-CHPCA,Male,63,Yes,San Martin,1,25,Yes,No,Yes,Fiber Optic,No,No,No,No,Yes,Yes,Yes,No,One Year,Yes,Bank Withdrawal,90.40000153,2178.600098,0,140,881.75,3200.350098,Churned,Competitor,Competitor made better offer,1
4612-THJBS,Female,68,No,Terra Bella,0,56,Yes,Yes,Yes,Fiber Optic,No,Yes,Yes,No,Yes,Yes,No,Yes,One Year,Yes,Bank Withdrawal,104.75,5510.649902,0,0,1936.47998,7447.129883,Churned,Attitude,Attitude of service provider,1
4614-NUVZD,Female,53,No,Anaheim,0,1,Yes,No,Yes,Fiber Optic,No,No,No,No,No,Yes,Yes,Yes,Month-to-Month,Yes,Bank Withdrawal,81.09999847,81.09999847,0,0,22.86000061,103.9599991,Churned,Competitor,Competitor offered more data,1
4625-EWPTF,Male,55,No,Pasadena,0,8,No,No,Yes,Cable,Yes,No,No,No,No,No,No,No,Month-to-Month,Yes,Bank Withdrawal,30.45000076,226.4499969,0,0,0,226.4499969,Churned,Competitor,Competitor had better devices,1
4626-GYCZP,Male,60,No,Eureka,0,7,Yes,Yes,Yes,Fiber Optic,No,No,No,No,Yes,Yes,Yes,Yes,Month-to-Month,Yes,Bank Withdrawal,93.84999847,635.5999756,0,0,108.5699997,744.1699829,Churned,Competitor,Competitor had better devices,1
4628-CTTLA,Male,23,No,Sanger,0,57,No,No,Yes,DSL,No,Yes,No,No,Yes,No,Yes,No,Month-to-Month,Yes,Bank Withdrawal,39.29999924,2111.449951,0,80,0,2191.449951,Churned,Dissatisfaction,Lack of self-service on Website,1
4628-WQCQQ,Male,37,No,Whittier,0,35,Yes,No,Yes,Fiber Optic,No,No,Yes,No,Yes,No,No,Yes,One Year,Yes,Bank Withdrawal,85.15000153,3030.600098,0,0,892.8499756,3923.449951,Churned,Competitor,Competitor had better devices,1
4629-NRXKX,Female,47,Yes,El Monte,1,2,Yes,No,Yes,Fiber Optic,No,No,No,No,No,No,No,Yes,Month-to-Month,No,Bank Withdrawal,70.40000153,147.1499939,0,0,92.45999908,239.6100006,Churned,Dissatisfaction,Network reliability,1
4631-OACRM,Male,78,No,Lake Forest,0,15,Yes,No,Yes,Fiber Optic,No,No,No,No,No,Yes,No,Yes,Month-to-Month,Yes,Bank Withdrawal,79.40000153,1156.099976,0,0,258.4500122,1414.550049,Churned,Competitor,Competitor offered higher download speeds,1
4636-QRJKY,Female,64,Yes,Idyllwild,1,6,Yes,Yes,Yes,Fiber Optic,No,No,No,Yes,No,No,No,Yes,Month-to-Month,Yes,Bank Withdrawal,80.5,502.8500061,0,0,216.7200012,719.5700073,Churned,Price,Price too high,1
4640-UHDOS,Female,60,Yes,Phelan,3,13,Yes,No,Yes,DSL,No,No,No,No,No,Yes,Yes,Yes,Month-to-Month,No,Bank Withdrawal,55.95000076,734.3499756,0,0,247.6499939,982,Churned,Competitor,Competitor had better devices,1
4652-NNHNY,Male,32,Yes,Fellows,1,16,Yes,Yes,Yes,Fiber Optic,No,No,No,No,No,No,No,Yes,Month-to-Month,Yes,Bank Withdrawal,73.84999847,1284.199951,0,0,287.3599854,1571.560059,Churned,Other,Don't know,1
4658-HCOHW,Female,52,Yes,Redwood Valley,1,21,Yes,No,Yes,Fiber Optic,No,Yes,Yes,Yes,Yes,Yes,Yes,Yes,Month-to-Month,Yes,Bank Withdrawal,102.8000031,2110.149902,0,0,350.0700073,2460.219971,Churned,Competitor,Competitor had better devices,1
4659-NZRUF,Female,64,No,Oakland,0,19,Yes,Yes,Yes,Fiber Optic,Yes,Yes,No,No,No,Yes,Yes,No,Month-to-Month,Yes,Bank Withdrawal,95.15000153,1789.25,0,120,624.5300293,2533.780029,Churned,Price,Long distance charges,1
4662-EKDPQ,Male,44,No,San Diego,0,2,Yes,Yes,Yes,Cable,No,No,No,No,No,Yes,Yes,Yes,Month-to-Month,No,Bank Withdrawal,62.04999924,118.3000031,0,0,74.58000183,192.8800049,Churned,Competitor,Competitor made better offer,1
4667-OHGKG,Male,61,No,Summerland,0,1,Yes,No,No,,No,No,No,No,No,No,No,No,Month-to-Month,Yes,Credit Card,19.29999924,19.29999924,0,0,49.20000076,68.5,Churned,Dissatisfaction,Service dissatisfaction,1
4671-LXRDQ,Male,44,No,Salyer,0,2,Yes,No,Yes,Cable,No,No,No,No,No,No,No,No,Month-to-Month,Yes,Credit Card,45,96.44999695,0,30,34.5,160.9499969,Churned,Competitor,Competitor had better devices,1
4678-DVQEO,Female,41,No,Bass Lake,0,1,Yes,No,Yes,DSL,No,No,No,Yes,No,No,No,Yes,Month-to-Month,Yes,Bank Withdrawal,52.20000076,52.20000076,0,0,34.04000092,86.23999786,Churned,Competitor,Competitor made better offer,1
4690-LLKUA,Male,68,No,San Diego,0,17,Yes,No,Yes,DSL,No,No,No,No,No,No,No,Yes,Month-to-Month,Yes,Bank Withdrawal,45.04999924,770.5999756,0,0,695.8099976,1466.410034,Churned,Competitor,Competitor made better offer,1
4690-PKDQG,Female,66,Yes,San Diego,3,42,Yes,Yes,Yes,Fiber Optic,No,Yes,Yes,No,Yes,No,No,Yes,Month-to-Month,Yes,Bank Withdrawal,95.55000305,3930.600098,0,0,961.3800049,4891.97998,Stayed,Others,Others,1
4695-VADHF,Male,53,Yes,Oakland,1,18,Yes,No,Yes,DSL,No,No,Yes,No,No,Yes,Yes,Yes,Month-to-Month,No,Bank Withdrawal,57.45000076,990.8499756,15.72999954,0,51.47999954,1026.599976,Churned,Competitor,Competitor had better devices,1
4695-WJZUE,Female,68,No,Irvine,0,2,Yes,Yes,Yes,Fiber Optic,No,No,Yes,No,No,Yes,Yes,Yes,Month-to-Month,Yes,Bank Withdrawal,88.55000305,179.25,0,0,43.13999939,222.3899994,Churned,Competitor,Competitor had better devices,1
4701-AHWMW,Male,30,Yes,Susanville,1,55,No,No,Yes,DSL,No,No,Yes,Yes,Yes,Yes,Yes,No,Month-to-Month,Yes,Bank Withdrawal,54.54999924,2978.300049,0,50,0,3028.300049,Churned,Attitude,Attitude of service provider,1
4701-MLJPN,Male,60,No,Fresno,0,31,Yes,No,Yes,DSL,No,No,Yes,Yes,No,No,No,No,Month-to-Month,Yes,Bank Withdrawal,55.25,1715.650024,0,10,47.43000031,1773.079956,Churned,Attitude,Attitude of support person,1
4702-IOQDC,Female,58,No,Gustine,0,1,Yes,No,Yes,Fiber Optic,No,No,No,No,No,No,No,Yes,Month-to-Month,Yes,Bank Withdrawal,70.09999847,70.09999847,0,0,46.16999817,116.2699966,Churned,Competitor,Competitor offered higher download speeds,1
4704-ERYFC,Female,19,Yes,Knights Landing,1,22,Yes,No,Yes,Fiber Optic,No,No,No,No,No,No,No,Yes,Month-to-Month,Yes,Bank Withdrawal,69.25,1554,0,0,706.4199829,2260.419922,Churned,Competitor,Competitor offered higher download speeds,1
4706-AXVKM,Female,78,No,Stevenson Ranch,0,11,Yes,Yes,Yes,Fiber Optic,No,No,No,No,No,Yes,No,Yes,Month-to-Month,Yes,Credit Card,84.80000305,906.8499756,0,0,45.09999847,951.9500122,Churned,Price,Extra data charges,1
4710-FDUIZ,Male,50,Yes,Santa Ana,2,56,Yes,Yes,Yes,Fiber Optic,No,Yes,No,No,Yes,Yes,Yes,No,One Year,No,Credit Card,100.3000031,5614.450195,0,100,1464.400024,7178.850098,Churned,Competitor,Competitor offered more data,1
4713-LZDRV,Female,80,No,Malibu,0,2,Yes,No,Yes,Cable,No,No,No,No,No,Yes,No,Yes,Month-to-Month,Yes,Bank Withdrawal,79.59999847,195.0500031,0,0,63.81999969,258.8699951,Churned,Price,Long distance charges,1
4720-VSTSI,Female,54,No,Monterey Park,0,44,Yes,Yes,Yes,Fiber Optic,No,Yes,Yes,No,No,No,No,Yes,Month-to-Month,Yes,Bank Withdrawal,84.80000305,3862.550049,0,0,1767.47998,5630.029785,Churned,Attitude,Attitude of support person,1
4729-XKASR,Male,56,No,San Jose,0,1,No,No,Yes,DSL,No,No,No,No,No,No,No,Yes,Month-to-Month,No,Bank Withdrawal,24.75,24.75,0,0,0,24.75,Churned,Competitor,Competitor had better devices,1
4735-ASGMA,Male,55,No,Carnelian Bay,0,26,Yes,Yes,Yes,Fiber Optic,No,No,Yes,No,Yes,Yes,Yes,Yes,Month-to-Month,Yes,Bank Withdrawal,98.34999847,2515.300049,0,0,1044.420044,3559.719971,Churned,Competitor,Competitor had better devices,1
4745-LSPLO,Male,22,No,San Diego,0,1,Yes,No,No,,No,No,No,No,No,No,No,No,Month-to-Month,No,Credit Card,20.5,20.5,0,0,19.85000038,40.34999847,Churned,Attitude,Attitude of support person,1
4749-OJKQU,Female,36,No,San Jose,0,4,Yes,Yes,Yes,Fiber Optic,No,No,No,No,No,No,No,Yes,Month-to-Month,Yes,Bank Withdrawal,75.65000153,302.3500061,0,0,94,396.3500061,Stayed,Others,Others,1
4749-VFKVB,Female,47,No,Inverness,0,1,Yes,Yes,Yes,DSL,No,No,No,No,No,No,No,Yes,Month-to-Month,Yes,Credit Card,50.09999847,50.09999847,0,0,46.49000168,96.58999634,Churned,Other,Don't know,1
4750-ZRXIU,Female,68,No,Palo Alto,0,4,Yes,Yes,Yes,Cable,No,No,No,No,No,Yes,No,Yes,Month-to-Month,Yes,Bank Withdrawal,84.59999847,360.1000061,0,0,26.71999931,386.8200073,Churned,Competitor,Competitor had better devices,1
4759-TRPLW,Male,40,No,Long Beach,0,1,Yes,No,Yes,Fiber Optic,No,No,No,No,No,No,No,Yes,Month-to-Month,No,Bank Withdrawal,70.40000153,70.40000153,0,0,29.62999916,100.0299988,Churned,Competitor,Competitor had better devices,1
4760-XOHVN,Female,54,Yes,Myers Flat,1,1,Yes,No,No,,No,No,No,No,No,No,No,No,Month-to-Month,No,Mailed Check,19.45000076,19.45000076,0,0,28.72999954,48.18000031,Churned,Competitor,Competitor made better offer,1
4763-PGDPO,Female,19,No,Sacramento,0,4,Yes,No,Yes,Fiber Optic,No,No,No,No,No,No,Yes,No,Month-to-Month,No,Bank Withdrawal,70.40000153,281,0,70,164.4799957,515.4799805,Churned,Competitor,Competitor had better devices,1
4785-QRJHC,Male,80,Yes,San Francisco,1,46,No,No,Yes,DSL,No,Yes,Yes,Yes,Yes,Yes,No,No,One Year,Yes,Bank Withdrawal,59.90000153,2816.649902,0,150,0,2966.649902,Churned,Competitor,Competitor offered higher download speeds,1
4786-UKSNZ,Male,45,No,Clayton,0,1,Yes,No,No,,No,No,No,No,No,No,No,No,Month-to-Month,No,Credit Card,20.20000076,20.20000076,0,0,11.25,31.45000076,Churned,Competitor,Competitor made better offer,1
4789-KWMXN,Male,42,Yes,Tuolumne,1,47,Yes,Yes,Yes,Fiber Optic,Yes,No,Yes,Yes,Yes,Yes,Yes,Yes,One Year,Yes,Credit Card,110.8499985,5275.799805,4.929999828,0,893.9400024,6164.810059,Churned,Price,Price too high,1
4795-KTRTH,Female,68,Yes,San Diego,1,5,Yes,Yes,Yes,Fiber Optic,No,Yes,No,No,No,No,No,No,Month-to-Month,Yes,Bank Withdrawal,81,371.6499939,40.63999939,10,236.3999939,577.4099731,Churned,Competitor,Competitor made better offer,1
4797-AXPXK,Female,64,No,Lompoc,0,1,Yes,No,Yes,DSL,Yes,Yes,No,Yes,No,No,No,No,Month-to-Month,Yes,Bank Withdrawal,60,60,0,10,43.47999954,113.4800034,Churned,Attitude,Attitude of service provider,1
4800-VHZKI,Female,59,No,San Diego,0,1,Yes,No,No,,No,No,No,No,No,No,No,No,Month-to-Month,Yes,Credit Card,19.89999962,19.89999962,0,0,36.63000107,56.52999878,Churned,Competitor,Competitor made better offer,1
4803-AXVYP,Female,75,No,Butte City,0,38,Yes,Yes,Yes,Fiber Optic,No,No,No,Yes,Yes,Yes,No,Yes,Month-to-Month,Yes,Bank Withdrawal,99.55000305,3734.25,0,0,1800.819946,5535.069824,Churned,Dissatisfaction,Service dissatisfaction,1
4806-HIPDW,Female,64,Yes,Calimesa,1,1,Yes,No,Yes,Fiber Optic,No,No,No,No,No,No,No,Yes,Month-to-Month,Yes,Bank Withdrawal,68.94999695,68.94999695,0,0,21.64999962,90.59999847,Churned,Dissatisfaction,Limited range of services,1
4806-KEXQR,Male,27,No,Lockeford,0,4,Yes,No,Yes,Fiber Optic,No,No,No,No,No,Yes,Yes,Yes,Month-to-Month,Yes,Bank Withdrawal,79.90000153,324.2999878,0,0,172.2400055,496.5400085,Churned,Competitor,Competitor had better devices,1
4816-JBHOV,Male,72,No,Los Angeles,0,2,Yes,No,Yes,Cable,No,No,No,No,No,No,No,Yes,Month-to-Month,Yes,Bank Withdrawal,44.70000076,93.69999695,0,0,82.86000061,176.5599976,Churned,Competitor,Competitor offered more data,1
4816-LXZYW,Female,51,No,Long Beach,0,23,Yes,Yes,Yes,Fiber Optic,No,Yes,No,No,No,No,No,Yes,Month-to-Month,Yes,Bank Withdrawal,-7,1676.949951,0,0,769.1199951,2446.070068,Churned,Competitor,Competitor had better devices,1
4817-VYYWS,Female,21,No,Silverado,0,30,Yes,Yes,Yes,Fiber Optic,No,Yes,No,No,Yes,Yes,Yes,Yes,Month-to-Month,Yes,Bank Withdrawal,100.1999969,2983.800049,0,0,351.8999939,3335.699951,Churned,Dissatisfaction,Service dissatisfaction,1
4818-DRBQT,Male,29,Yes,Farmersville,1,29,Yes,Yes,Yes,Fiber Optic,No,Yes,No,No,No,No,No,Yes,Month-to-Month,Yes,Bank Withdrawal,80.15000153,2265.25,0,0,754.8699951,3020.120117,Churned,Attitude,Attitude of support person,1
4818-QIUFN,Female,69,No,Desert Hot Springs,0,20,Yes,Yes,Yes,Fiber Optic,Yes,No,No,No,No,No,No,Yes,Month-to-Month,Yes,Bank Withdrawal,79.15000153,1520.900024,0,0,236.3999939,1757.300049,Churned,Attitude,Attitude of support person,1
4822-NGOCH,Female,60,No,Sacramento,0,13,Yes,Yes,Yes,Fiber Optic,No,Yes,Yes,No,No,No,No,Yes,Month-to-Month,Yes,Bank Withdrawal,84.44999695,1058.599976,0,0,284.4400024,1343.040039,Churned,Price,Long distance charges,1
4822-RVYBB,Male,75,No,Berkeley,0,8,Yes,Yes,Yes,Fiber Optic,No,No,Yes,No,Yes,Yes,No,Yes,Month-to-Month,Yes,Bank Withdrawal,100.5999985,819.4000244,0,0,323.6000061,1143,Churned,Attitude,Attitude of support person,1
4822-YCXMX,Male,64,No,Fresno,0,25,Yes,Yes,Yes,Fiber Optic,No,No,No,No,No,Yes,Yes,Yes,Month-to-Month,Yes,Bank Withdrawal,84.80000305,2043.449951,0,0,207.75,2251.199951,Churned,Price,Extra data charges,1
4826-XTSOH,Male,66,Yes,Moss Landing,0,1,Yes,Yes,Yes,Fiber Optic,No,No,No,No,Yes,No,No,Yes,Month-to-Month,Yes,Bank Withdrawal,86.05000305,86.05000305,0,0,38.77999878,124.8300018,Churned,Competitor,Competitor had better devices,1
4829-AUOAX,Female,57,No,Los Angeles,0,46,Yes,Yes,Yes,Cable,No,No,No,No,Yes,Yes,Yes,No,Month-to-Month,No,Bank Withdrawal,96.05000305,4399.5,0,80,284.2799988,4763.779785,Churned,Price,Extra data charges,1
4831-EOBFE,Male,43,Yes,Mountain Ranch,1,29,Yes,No,Yes,Fiber Optic,Yes,No,No,No,Yes,Yes,Yes,Yes,Month-to-Month,No,Credit Card,94.65000153,2649.149902,0,0,1174.209961,3823.360107,Churned,Other,Don't know,1
4844-JJWUY,Female,65,No,San Francisco,0,1,Yes,No,Yes,Fiber Optic,No,Yes,No,No,No,Yes,Yes,Yes,Month-to-Month,Yes,Bank Withdrawal,86,86,0,0,28.81999969,114.8199997,Churned,Competitor,Competitor made better offer,1
4846-WHAFZ,Female,80,Yes,Whittier,1,37,Yes,Yes,Yes,Fiber Optic,No,No,No,No,No,No,No,Yes,Month-to-Month,Yes,Bank Withdrawal,76.5,2868.149902,0,0,234.2100067,3102.360107,Churned,Price,Extra data charges,1
4847-QNOKA,Female,30,No,Modesto,0,1,Yes,No,Yes,DSL,No,No,No,No,No,No,No,Yes,Month-to-Month,Yes,Bank Withdrawal,44.90000153,44.90000153,0,0,41.77999878,86.68000031,Churned,Dissatisfaction,Lack of self-service on Website,1
4853-RULSV,Male,25,No,Miramonte,0,70,Yes,Yes,Yes,Fiber Optic,Yes,No,No,Yes,Yes,Yes,Yes,Yes,Two Year,Yes,Credit Card,104,7250.149902,0,0,853.2999878,8103.450195,Churned,Attitude,Attitude of service provider,1
4855-SNKMY,Female,31,No,Los Angeles,0,1,Yes,No,Yes,DSL,No,No,No,No,No,No,No,Yes,Month-to-Month,Yes,Bank Withdrawal,44.09999847,44.09999847,0,0,4.409999847,48.50999832,Churned,Competitor,Competitor made better offer,1
4871-JTKJF,Female,70,No,Selma,0,1,Yes,No,Yes,Fiber Optic,No,No,No,No,No,No,No,Yes,Month-to-Month,Yes,Bank Withdrawal,69.65000153,69.65000153,0,0,31.12999916,100.7799988,Churned,Attitude,Attitude of service provider,1
4873-ILOLJ,Male,64,No,Sunol,0,24,Yes,No,Yes,Fiber Optic,No,No,No,No,Yes,Yes,Yes,Yes,Month-to-Month,Yes,Bank Withdrawal,90.34999847,2238.5,0,0,779.7600098,3018.26001,Churned,Competitor,Competitor had better devices,1
4877-EVATK,Male,30,No,Elk,0,1,Yes,No,No,,No,No,No,No,No,No,No,No,Month-to-Month,No,Mailed Check,20,20,0,0,46.77000046,66.76999664,Churned,Attitude,Attitude of service provider,1
4883-QICIH,Male,37,Yes,Bodega Bay,1,32,Yes,No,Yes,Fiber Optic,No,No,No,No,No,No,No,Yes,Month-to-Month,Yes,Bank Withdrawal,69.75,2347.899902,19.67000008,0,191.6799927,2519.909912,Churned,Other,Don't know,1
4892-VLANZ,Male,40,No,Colusa,0,1,Yes,No,No,,No,No,No,No,No,No,No,No,Month-to-Month,No,Mailed Check,19.79999924,19.79999924,0,0,9.659999847,29.45999908,Churned,Price,Long distance charges,1
4895-TMWIR,Male,79,Yes,San Diego,1,11,Yes,No,No,,No,No,No,No,No,No,No,No,Month-to-Month,No,Mailed Check,19.95000076,214.75,0,0,324.9400024,539.6900024,Churned,Competitor,Competitor made better offer,1
4897-QSUYC,Female,42,No,Amboy,0,1,Yes,No,No,,No,No,No,No,No,No,No,No,Month-to-Month,Yes,Mailed Check,20.14999962,20.14999962,0,0,21.59000015,41.74000168,Churned,Attitude,Attitude of support person,1
4902-OHLSK,Female,76,No,Half Moon Bay,0,29,Yes,Yes,Yes,Fiber Optic,No,No,No,Yes,Yes,Yes,No,Yes,Month-to-Month,No,Bank Withdrawal,98.65000153,2862.75,0,0,608.4199829,3471.169922,Churned,Attitude,Attitude of support person,1
4903-UYAVB,Male,53,Yes,Lathrop,0,5,Yes,No,No,,No,No,No,No,No,No,No,No,Month-to-Month,No,Mailed Check,19.35000038,126.0500031,0,0,158.8000031,284.8500061,Churned,Competitor,Competitor made better offer,1
4905-JEFDW,Male,39,No,Palo Alto,0,11,No,No,Yes,DSL,No,No,Yes,No,Yes,No,No,Yes,One Year,Yes,Bank Withdrawal,41.59999847,470.6000061,0,0,0,470.6000061,Churned,Competitor,Competitor offered higher download speeds,1
4910-AQFFX,Male,30,Yes,Soulsbyville,1,9,Yes,Yes,Yes,Cable,No,No,Yes,No,No,No,No,No,Month-to-Month,Yes,Bank Withdrawal,79.34999847,661.25,0,10,285.0299988,956.2800293,Churned,Dissatisfaction,Network reliability,1
4910-GMJOT,Female,56,No,San Francisco,0,1,Yes,Yes,Yes,Fiber Optic,No,No,No,No,Yes,Yes,Yes,Yes,Month-to-Month,Yes,Bank Withdrawal,94.59999847,94.59999847,0,0,1.169999957,95.76999664,Churned,Other,Don't know,1
4911-BANWH,Female,44,No,Sunland,0,31,Yes,Yes,Yes,Fiber Optic,No,No,No,No,Yes,No,No,Yes,Month-to-Month,Yes,Credit Card,86.55000305,2697.399902,0,0,1034.780029,3732.179932,Churned,Attitude,Attitude of support person,1
4913-EHYUI,Male,80,Yes,Alpaugh,0,56,Yes,Yes,Yes,Fiber Optic,Yes,No,Yes,No,Yes,Yes,No,Yes,One Year,Yes,Bank Withdrawal,104.5500031,5794.649902,0,0,2732.800049,8527.450195,Churned,Competitor,Competitor offered higher download speeds,1
4918-QLLIW,Male,23,No,Santa Monica,0,3,Yes,No,Yes,DSL,No,No,No,No,Yes,No,Yes,Yes,Month-to-Month,No,Credit Card,53.40000153,188.6999969,0,0,143.0399933,331.7399902,Churned,Other,Don't know,1
4919-IKATY,Male,64,Yes,San Diego,3,5,Yes,Yes,Yes,Fiber Optic,Yes,No,Yes,No,No,No,No,Yes,Month-to-Month,Yes,Bank Withdrawal,84.5,453.75,0,0,184.3999939,638.1500244,Churned,Competitor,Competitor made better offer,1
4919-MOAVT,Male,53,No,Pasadena,0,3,Yes,No,Yes,Fiber Optic,No,No,No,No,No,No,No,Yes,Month-to-Month,No,Bank Withdrawal,69.65000153,220.1000061,0,0,118.1399994,338.2399902,Churned,Competitor,Competitor offered higher download speeds,1
4925-LMHOK,Male,29,No,Stockton,0,15,Yes,Yes,Yes,DSL,No,Yes,No,Yes,No,No,No,Yes,Month-to-Month,Yes,Credit Card,58.59999847,939.7000122,0,0,221.8500061,1161.550049,Churned,Dissatisfaction,Service dissatisfaction,1
4929-BSTRX,Female,61,No,Oxnard,0,1,Yes,No,Yes,Cable,No,No,No,No,Yes,No,No,Yes,Month-to-Month,Yes,Credit Card,53.54999924,53.54999924,0,0,1.590000033,55.13999939,Churned,Price,Lack of affordable download/upload speed,1
4951-UKAAQ,Female,30,No,Inglewood,0,4,Yes,Yes,Yes,Fiber Optic,No,Yes,No,No,No,Yes,Yes,No,Month-to-Month,Yes,Bank Withdrawal,88.94999695,355.2000122,0,40,193.2799988,588.4799805,Churned,Dissatisfaction,Network reliability,1
4952-YSOGZ,Female,48,Yes,San Diego,1,4,Yes,Yes,Yes,Fiber Optic,No,No,No,No,No,Yes,Yes,Yes,Month-to-Month,Yes,Bank Withdrawal,85.94999695,381.2999878,0,0,16.55999947,397.8599854,Churned,Competitor,Competitor made better offer,1
4958-GZWIY,Male,61,Yes,North Palm Springs,1,7,Yes,No,Yes,DSL,No,No,Yes,No,No,No,No,Yes,Month-to-Month,No,Bank Withdrawal,-4,340.25,0,0,35.90999985,376.1600037,Churned,Other,Don't know,1
4958-XCBDQ,Male,68,No,Victorville,0,35,Yes,Yes,Yes,Fiber Optic,No,No,Yes,No,Yes,Yes,No,Yes,Month-to-Month,Yes,Bank Withdrawal,101.4000015,3496.300049,0,0,1389.150024,4885.450195,Churned,Competitor,Competitor offered more data,1
4959-JOSRX,Female,41,Yes,La Puente,3,2,Yes,No,Yes,Cable,No,No,No,No,No,No,No,Yes,Month-to-Month,Yes,Credit Card,44.59999847,80.55000305,0,0,60.38000107,140.9299927,Churned,Price,Lack of affordable download/upload speed,1
4971-PUYQO,Female,48,No,San Diego,0,27,Yes,Yes,Yes,Fiber Optic,No,No,No,No,Yes,Yes,Yes,Yes,Month-to-Month,Yes,Mailed Check,94.55000305,2724.600098,0,0,299.4299927,3024.030029,Churned,Competitor,Competitor made better offer,1
4988-IQIGL,Male,80,No,Canoga Park,0,1,Yes,Yes,Yes,Fiber Optic,No,No,No,No,No,No,No,Yes,Month-to-Month,Yes,Bank Withdrawal,75.34999847,75.34999847,0,0,28.48999977,103.8399963,Churned,Attitude,Attitude of support person,1
5002-GCQFH,Male,30,Yes,Hercules,1,49,Yes,Yes,Yes,Fiber Optic,Yes,Yes,No,No,Yes,No,No,No,Month-to-Month,Yes,Bank Withdrawal,93.84999847,4733.100098,0,30,2311.330078,7074.430176,Stayed,Others,Others,1
5013-SBUIH,Female,63,No,Stockton,0,50,Yes,Yes,Yes,Fiber Optic,Yes,Yes,No,Yes,Yes,Yes,Yes,Yes,Two Year,Yes,Bank Withdrawal,109.6500015,5551.149902,0,0,1385,6936.149902,Churned,Competitor,Competitor had better devices,1
5020-ZSTTY,Female,70,No,San Diego,0,54,Yes,Yes,Yes,DSL,Yes,Yes,No,Yes,Yes,Yes,Yes,Yes,One Year,No,Bank Withdrawal,82.44999695,4350.100098,0,0,652.3200073,5002.419922,Churned,Competitor,Competitor made better offer,1
5027-QPKTE,Male,39,Yes,Modesto,1,7,Yes,No,Yes,Fiber Optic,No,No,No,No,No,No,No,No,Month-to-Month,Yes,Bank Withdrawal,69.34999847,451.1000061,0,10,103.25,564.3499756,Churned,Competitor,Competitor had better devices,1
5027-XWQHA,Male,35,No,Ukiah,0,6,Yes,No,Yes,Cable,No,No,No,No,No,No,No,No,Month-to-Month,No,Bank Withdrawal,44.75,270.9500122,0,10,246.9600067,527.9099731,Churned,Dissatisfaction,Network reliability,1
5028-GZLDO,Male,21,No,Moraga,0,2,Yes,No,Yes,Fiber Optic,No,No,No,No,No,No,No,Yes,Month-to-Month,No,Credit Card,-2,140.6999969,0,0,72.12000275,212.8200073,Churned,Dissatisfaction,Service dissatisfaction,1
5028-HTLJB,Male,69,No,New Cuyama,0,1,Yes,No,No,,No,No,No,No,No,No,No,No,Month-to-Month,No,Credit Card,20.04999924,20.04999924,0,0,19.87000084,39.91999817,Churned,Price,Long distance charges,1
5047-LHVLY,Male,68,No,San Diego,0,1,Yes,No,Yes,Cable,No,No,Yes,No,No,No,No,Yes,Month-to-Month,Yes,Mailed Check,-9,50.15000153,0,0,39.77999878,89.93000031,Churned,Competitor,Competitor made better offer,1
5049-GLYVG,Male,56,No,Badger,0,1,Yes,No,No,,No,No,No,No,No,No,No,No,Month-to-Month,No,Credit Card,20.60000038,20.60000038,0,0,47.25999832,67.86000061,Churned,Price,Long distance charges,1
5052-PNLOS,Male,50,No,Echo Lake,0,3,Yes,Yes,Yes,Fiber Optic,No,Yes,Yes,No,Yes,Yes,Yes,Yes,Month-to-Month,Yes,Bank Withdrawal,105.3499985,323.25,0,0,41.49000168,364.7399902,Churned,Dissatisfaction,Poor expertise of online support,1
5054-IEXZT,Male,41,No,San Diego,0,1,Yes,No,Yes,Fiber Optic,No,Yes,No,No,No,No,No,No,Month-to-Month,Yes,Bank Withdrawal,75.34999847,75.34999847,0,10,32.81999969,118.1699982,Churned,Competitor,Competitor made better offer,1
5057-LCOUI,Female,35,No,Nipomo,0,39,No,No,Yes,DSL,No,No,Yes,No,Yes,Yes,Yes,Yes,Month-to-Month,Yes,Bank Withdrawal,50.75,2011.400024,0,0,0,2011.400024,Churned,Attitude,Attitude of support person,1
5073-WXOYN,Female,58,No,Belmont,0,60,No,No,Yes,Cable,No,Yes,No,No,Yes,Yes,Yes,Yes,Month-to-Month,Yes,Bank Withdrawal,50.79999924,3027.399902,0,0,0,3027.399902,Churned,Competitor,Competitor offered more data,1
5077-DXTCG,Female,37,No,Challenge,0,1,Yes,No,Yes,Cable,No,No,No,No,No,No,No,Yes,Month-to-Month,Yes,Bank Withdrawal,45.29999924,45.29999924,0,0,26.40999985,71.70999908,Churned,Competitor,Competitor had better devices,1
5087-SUURX,Female,46,Yes,Yorba Linda,1,18,No,No,Yes,Cable,No,No,Yes,No,Yes,No,No,Yes,Month-to-Month,Yes,Bank Withdrawal,39.04999924,669.8499756,0,0,0,669.8499756,Churned,Dissatisfaction,Lack of self-service on Website,1
5089-IFSDP,Female,39,Yes,Huntington Beach,1,58,Yes,Yes,Yes,Fiber Optic,Yes,Yes,Yes,No,Yes,Yes,Yes,Yes,Two Year,Yes,Bank Withdrawal,109.4499969,6144.549805,0,0,1623.420044,7767.970215,Churned,Dissatisfaction,Product dissatisfaction,1
5095-AESKG,Female,33,Yes,Sausalito,1,3,Yes,Yes,Yes,Fiber Optic,No,Yes,No,No,No,Yes,Yes,No,Month-to-Month,Yes,Credit Card,91.5,242.9499969,0,10,94.83000183,347.7799988,Churned,Competitor,Competitor offered higher download speeds,1
5099-BAILX,Male,77,Yes,Santa Barbara,1,43,Yes,Yes,Yes,Fiber Optic,No,Yes,Yes,Yes,Yes,Yes,No,Yes,Month-to-Month,Yes,Bank Withdrawal,110.75,4687.899902,0,0,624.3599854,5312.259766,Churned,Competitor,Competitor made better offer,1
5103-MHMHY,Female,49,No,Los Osos,0,1,Yes,No,Yes,Cable,No,No,No,No,No,No,No,Yes,Month-to-Month,No,Mailed Check,45.95000076,45.95000076,0,0,46.16999817,92.12000275,Churned,Competitor,Competitor had better devices,1
5108-ADXWO,Male,30,No,San Francisco,0,11,Yes,No,Yes,Fiber Optic,Yes,No,No,No,No,No,No,Yes,Month-to-Month,Yes,Bank Withdrawal,73.5,791.75,0,0,427.6799927,1219.430054,Churned,Competitor,Competitor made better offer,1
5130-IEKQT,Male,73,No,San Francisco,0,25,Yes,Yes,Yes,Fiber Optic,No,Yes,Yes,No,Yes,Yes,No,Yes,Month-to-Month,No,Credit Card,105.9499969,2655.25,0,0,1158.5,3813.75,Churned,Price,Price too high,1
5134-IKDAY,Female,34,Yes,Twain,1,1,Yes,No,Yes,Fiber Optic,No,No,No,No,No,No,No,Yes,Month-to-Month,Yes,Bank Withdrawal,69.80000305,69.80000305,0,0,11.07999992,80.87999725,Churned,Dissatisfaction,Service dissatisfaction,1
5136-KCKGI,Female,22,Yes,Templeton,1,33,Yes,Yes,Yes,Fiber Optic,Yes,No,Yes,No,Yes,Yes,Yes,Yes,One Year,Yes,Mailed Check,103.6999969,3467,0,0,1373.130005,4840.129883,Churned,Competitor,Competitor had better devices,1
5138-WVKYJ,Male,51,No,San Diego,0,10,Yes,Yes,Yes,Fiber Optic,Yes,No,No,No,Yes,Yes,Yes,Yes,Month-to-Month,No,Bank Withdrawal,98.55000305,1008.549988,0,0,275.7000122,1284.25,Churned,Competitor,Competitor made better offer,1
5143-EGQFK,Female,76,No,San Diego,0,10,No,No,Yes,Cable,No,No,No,Yes,No,No,No,No,Month-to-Month,Yes,Bank Withdrawal,29.64999962,291.3999939,0,110,0,401.3999939,Churned,Other,Don't know,1
5143-WMWOG,Male,62,No,Stratford,0,1,Yes,No,No,,No,No,No,No,No,No,No,No,Month-to-Month,No,Bank Withdrawal,19.95000076,19.95000076,0,0,17.61000061,37.56000137,Churned,Attitude,Attitude of support person,1
5154-VEKBL,Female,30,No,Bodfish,0,9,No,No,Yes,Cable,Yes,No,Yes,Yes,Yes,Yes,Yes,Yes,Month-to-Month,No,Mailed Check,58.5,539.8499756,0,0,0,539.8499756,Churned,Competitor,Competitor offered higher download speeds,1
5159-YFPKQ,Female,37,No,Moreno Valley,0,2,Yes,No,Yes,Fiber Optic,No,No,Yes,No,No,No,No,Yes,Month-to-Month,Yes,Bank Withdrawal,75.80000305,160.75,0,0,48.61999893,209.3699951,Churned,Competitor,Competitor had better devices,1
5167-GBFRE,Male,73,No,Oakland,0,4,No,No,Yes,DSL,No,No,No,No,No,No,No,Yes,Month-to-Month,Yes,Bank Withdrawal,25.20000076,102.5,0,0,0,102.5,Churned,Dissatisfaction,Poor expertise of online support,1
5167-ZFFMM,Male,64,No,San Diego,0,1,Yes,Yes,Yes,Fiber Optic,No,Yes,No,No,No,Yes,Yes,Yes,Month-to-Month,Yes,Credit Card,90.84999847,90.84999847,0,0,8.56000042,99.41000366,Churned,Competitor,Competitor made better offer,1
5175-AOBHI,Female,48,No,Hamilton City,0,4,Yes,No,Yes,Cable,No,No,No,No,No,No,No,Yes,Month-to-Month,Yes,Mailed Check,46,193.6000061,0,0,60.27999878,253.8800049,Churned,Dissatisfaction,Lack of self-service on Website,1
5178-LMXOP,Male,71,Yes,Gardena,1,1,Yes,Yes,Yes,Fiber Optic,No,No,No,No,Yes,Yes,No,Yes,Month-to-Month,Yes,Bank Withdrawal,95.09999847,95.09999847,0,0,4.889999866,99.98999786,Churned,Price,Price too high,1
5180-UCIIQ,Male,80,Yes,Lucerne,5,22,No,No,Yes,Cable,Yes,No,No,No,No,Yes,No,Yes,Month-to-Month,No,Mailed Check,40.04999924,880.2000122,0,0,0,880.2000122,Churned,Other,Moved,1
5186-SAMNZ,Male,75,No,Marina,0,1,Yes,No,Yes,Fiber Optic,No,No,No,No,No,No,No,No,Month-to-Month,Yes,Bank Withdrawal,69.5,69.5,0,80,41.20000076,190.6999969,Churned,Price,Price too high,1
5192-EBGOV,Female,68,No,Brea,0,1,Yes,Yes,Yes,Fiber Optic,No,No,No,No,Yes,No,No,Yes,Month-to-Month,Yes,Bank Withdrawal,85.69999695,85.69999695,0,0,45.81000137,131.5099945,Churned,Competitor,Competitor had better devices,1
5196-SGOAK,Female,39,No,Caliente,0,1,Yes,No,Yes,Fiber Optic,No,Yes,No,No,No,No,No,Yes,Month-to-Month,Yes,Bank Withdrawal,75.69999695,75.69999695,0,0,9.050000191,84.75,Churned,Attitude,Attitude of support person,1
5202-IVJNU,Female,56,No,Crockett,0,39,No,No,Yes,DSL,No,No,Yes,No,No,No,No,No,Month-to-Month,No,Credit Card,30.10000038,1131.300049,0,150,0,1281.300049,Churned,Dissatisfaction,Network reliability,1
5204-QZXPU,Male,50,No,Glendale,0,19,No,No,Yes,DSL,No,No,Yes,No,Yes,No,No,Yes,Month-to-Month,Yes,Bank Withdrawal,39.65000153,733.3499756,0,0,0,733.3499756,Churned,Competitor,Competitor had better devices,1
5208-HFSBT,Female,47,No,Challenge,0,2,Yes,No,Yes,DSL,No,Yes,No,Yes,No,No,No,Yes,Month-to-Month,Yes,Credit Card,55.04999924,102.75,0,0,85.09999847,187.8500061,Churned,Competitor,Competitor had better devices,1
5219-YIPTK,Female,46,Yes,Trinidad,1,33,Yes,Yes,Yes,Fiber Optic,No,Yes,Yes,No,Yes,Yes,Yes,Yes,Month-to-Month,Yes,Bank Withdrawal,104.4000015,3409.600098,0,0,373.5599976,3783.159912,Churned,Dissatisfaction,Service dissatisfaction,1
5228-EXCET,Male,40,No,San Diego,0,13,Yes,No,Yes,Fiber Optic,No,No,No,No,No,Yes,Yes,Yes,Month-to-Month,Yes,Bank Withdrawal,80.84999847,1008.700012,0,0,163.0200043,1171.719971,Churned,Competitor,Competitor made better offer,1
5229-PRWKT,Male,47,No,Lompoc,0,8,Yes,Yes,Yes,Fiber Optic,No,No,No,No,No,Yes,Yes,Yes,Month-to-Month,Yes,Bank Withdrawal,86.55000305,649.6500244,0,0,198.0800018,847.7299805,Churned,Attitude,Attitude of service provider,1
5233-GEEAX,Male,65,No,Lewiston,0,8,No,No,Yes,DSL,No,No,Yes,No,No,No,No,Yes,Month-to-Month,Yes,Bank Withdrawal,29.39999962,221.8999939,0,0,0,221.8999939,Churned,Competitor,Competitor had better devices,1
5236-PERKL,Female,38,No,Pearblossom,0,57,Yes,Yes,Yes,Fiber Optic,Yes,Yes,Yes,No,Yes,Yes,Yes,Yes,Two Year,Yes,Bank Withdrawal,112.9499969,6465,0,0,2785.02002,9250.019531,Churned,Competitor,Competitor offered higher download speeds,1
5240-IJOQT,Male,69,No,Grass Valley,0,1,Yes,Yes,Yes,Fiber Optic,No,No,No,No,No,No,No,Yes,Month-to-Month,Yes,Bank Withdrawal,74.69999695,74.69999695,0,0,11.34000015,86.04000092,Churned,Competitor,Competitor had better devices,1
5244-IRFIH,Male,72,Yes,San Diego,1,33,Yes,Yes,Yes,Fiber Optic,No,No,No,No,Yes,Yes,No,Yes,Month-to-Month,Yes,Bank Withdrawal,94.5,3105.550049,0,0,916.7399902,4022.290039,Churned,Dissatisfaction,Poor expertise of online support,1
5261-QSHQM,Female,31,No,Temecula,0,4,No,No,Yes,DSL,No,No,No,No,No,No,No,Yes,Month-to-Month,Yes,Bank Withdrawal,24.45000076,86.59999847,0,0,0,86.59999847,Churned,Competitor,Competitor made better offer,1
5271-YNWVR,Male,48,Yes,Santa Paula,1,68,Yes,Yes,Yes,Fiber Optic,Yes,Yes,Yes,Yes,Yes,Yes,Yes,Yes,Two Year,Yes,Bank Withdrawal,113.1500015,7856,0,0,1609.560059,9465.55957,Churned,Price,Extra data charges,1
5275-SQEIZ,Male,64,No,Ojai,0,1,Yes,No,Yes,Fiber Optic,No,No,No,No,No,Yes,Yes,Yes,Month-to-Month,Yes,Credit Card,80.84999847,80.84999847,0,0,14.90999985,95.76000214,Churned,Competitor,Competitor had better devices,1
5276-KQWHG,Female,74,No,Woody,0,2,Yes,No,Yes,Fiber Optic,No,No,No,No,No,No,No,Yes,Month-to-Month,Yes,Bank Withdrawal,69.59999847,131.6499939,0,0,30.63999939,162.2899933,Churned,Price,Extra data charges,1
5277-ZLOOR,Female,78,No,Applegate,0,2,Yes,Yes,Yes,Fiber Optic,No,No,No,No,Yes,No,No,Yes,Month-to-Month,Yes,Bank Withdrawal,85.55000305,187.4499969,0,0,10.97999954,198.4299927,Churned,Dissatisfaction,Network reliability,1
5281-BUZGT,Male,69,No,Weaverville,0,36,Yes,Yes,Yes,Fiber Optic,Yes,No,No,No,Yes,No,No,Yes,Month-to-Month,Yes,Bank Withdrawal,90.84999847,3186.699951,0,0,839.8800049,4026.580078,Churned,Competitor,Competitor made better offer,1
5287-QWLKY,Male,79,Yes,Big Pine,1,71,Yes,Yes,Yes,Fiber Optic,Yes,Yes,No,No,Yes,Yes,Yes,Yes,Month-to-Month,Yes,Credit Card,105.0999985,7548.100098,0,0,3170.860107,10718.95996,Churned,Attitude,Attitude of support person,1
5293-WXJAK,Female,73,Yes,San Jose,5,11,Yes,Yes,Yes,Fiber Optic,No,No,Yes,Yes,Yes,Yes,No,Yes,Month-to-Month,Yes,Bank Withdrawal,104.0500031,1133.650024,0,0,189.75,1323.400024,Churned,Competitor,Competitor offered more data,1
5295-PCJOO,Male,44,No,Long Beach,0,4,Yes,No,Yes,Cable,Yes,No,No,No,No,No,No,No,Month-to-Month,Yes,Bank Withdrawal,49.40000153,184.3999939,0,10,39.08000183,233.4799957,Churned,Other,Don't know,1
5299-RULOA,Female,62,Yes,Whittier,1,10,Yes,Yes,Yes,Fiber Optic,Yes,No,No,No,Yes,Yes,Yes,Yes,Month-to-Month,Yes,Bank Withdrawal,100.25,1064.650024,0,0,244.8000031,1309.449951,Churned,Price,Price too high,1
5299-SJCZT,Male,57,No,Ladera Ranch,0,3,Yes,Yes,Yes,Fiber Optic,No,No,Yes,No,Yes,Yes,Yes,Yes,Month-to-Month,Yes,Bank Withdrawal,101.5500031,298.3500061,0,0,65.58000183,363.9299927,Churned,Dissatisfaction,Network reliability,1
5301-GAUUY,Male,31,No,Newport Beach,0,32,Yes,Yes,Yes,Fiber Optic,No,Yes,No,No,No,No,No,Yes,Month-to-Month,Yes,Bank Withdrawal,80.34999847,2596.149902,0,0,47.68000031,2643.830078,Churned,Competitor,Competitor had better devices,1
5307-DZCVC,Female,78,Yes,Sacramento,0,32,Yes,Yes,Yes,Fiber Optic,No,No,No,No,Yes,No,No,Yes,Month-to-Month,Yes,Credit Card,85.94999695,2628.600098,0,0,1566.400024,4195,Churned,Price,Extra data charges,1
5318-IXUZF,Female,50,No,Redondo Beach,0,2,Yes,No,Yes,Fiber Optic,No,Yes,No,No,Yes,No,No,Yes,Month-to-Month,Yes,Bank Withdrawal,87.15000153,183.75,0,0,12.39999962,196.1499939,Churned,Other,Don't know,1
5349-IECLD,Male,61,No,San Jose,0,2,Yes,No,Yes,Fiber Optic,No,No,Yes,No,Yes,Yes,Yes,Yes,Month-to-Month,No,Bank Withdrawal,94.94999695,178.1000061,0,0,52.09999847,230.1999969,Churned,Competitor,Competitor had better devices,1
5356-RHIPP,Male,38,No,Dinuba,0,1,Yes,No,No,,No,No,No,No,No,No,No,No,Month-to-Month,Yes,Credit Card,20.20000076,20.20000076,0,0,45.49000168,65.69000244,Churned,Competitor,Competitor made better offer,1
5357-TZHPP,Male,67,No,Wheatland,0,9,Yes,Yes,Yes,Fiber Optic,No,No,No,No,No,Yes,No,Yes,Month-to-Month,Yes,Credit Card,84.40000153,732.5,0,0,277.2000122,1009.700012,Churned,Attitude,Attitude of support person,1
5364-EVNIB,Male,61,No,Orange,0,13,Yes,No,Yes,Fiber Optic,No,Yes,Yes,No,No,No,No,Yes,Month-to-Month,Yes,Bank Withdrawal,79.80000305,973.4500122,0,0,401.4400024,1374.890015,Churned,Dissatisfaction,Service dissatisfaction,1
5364-XYIRR,Male,44,Yes,Los Angeles,1,51,Yes,Yes,Yes,Fiber Optic,No,No,No,No,Yes,Yes,Yes,Yes,Month-to-Month,Yes,Bank Withdrawal,94.65000153,4812.75,0,0,1075.079956,5887.830078,Churned,Competitor,Competitor had better devices,1
5366-IJEQJ,Male,20,No,San Diego,0,20,Yes,Yes,Yes,Fiber Optic,No,No,Yes,No,Yes,No,No,Yes,Month-to-Month,Yes,Bank Withdrawal,88.69999695,1761.449951,0,0,110.8000031,1872.25,Churned,Other,Don't know,1
5373-SFODM,Male,65,Yes,San Lucas,1,36,Yes,Yes,Yes,Fiber Optic,No,No,No,No,No,Yes,Yes,Yes,Month-to-Month,Yes,Credit Card,85.25,3132.75,0,0,883.4400024,4016.189941,Churned,Dissatisfaction,Product dissatisfaction,1
5376-DEQCP,Female,48,No,San Diego,0,1,Yes,No,Yes,Fiber Optic,No,No,No,No,No,No,No,Yes,Month-to-Month,Yes,Bank Withdrawal,70.59999847,70.59999847,0,0,27.12000084,97.72000122,Churned,Competitor,Competitor made better offer,1
5378-IKEEG,Female,47,No,Eagleville,0,1,No,No,Yes,Cable,No,No,No,No,Yes,No,No,Yes,Month-to-Month,Yes,Bank Withdrawal,35.75,35.75,0,0,0,35.75,Churned,Price,Price too high,1
5380-AFSSK,Female,44,No,Bella Vista,0,5,Yes,Yes,Yes,Fiber Optic,No,No,No,No,Yes,Yes,Yes,Yes,Month-to-Month,Yes,Mailed Check,93.90000153,486.8500061,0,0,232.25,719.0999756,Churned,Other,Don't know,1
5383-MMTWC,Female,75,Yes,Oakley,1,8,Yes,Yes,Yes,Fiber Optic,No,No,No,No,No,Yes,No,Yes,Month-to-Month,Yes,Bank Withdrawal,84,613.4000244,0,0,368.3999939,981.7999878,Churned,Dissatisfaction,Limited range of services,1
5385-SUIRI,Male,69,Yes,Delhi,0,52,Yes,Yes,Yes,Fiber Optic,Yes,No,Yes,No,Yes,Yes,Yes,Yes,Month-to-Month,Yes,Bank Withdrawal,104.1999969,5568.350098,0,0,1955.199951,7523.549805,Churned,Competitor,Competitor offered higher download speeds,1
5389-FFVKB,Male,71,Yes,Thousand Oaks,1,32,Yes,No,Yes,Fiber Optic,No,No,No,No,No,Yes,Yes,Yes,Month-to-Month,Yes,Credit Card,80.30000305,2483.050049,0,0,66.55999756,2549.610107,Churned,Dissatisfaction,Service dissatisfaction,1
5393-RXQSZ,Male,40,No,Taft,0,1,Yes,No,Yes,Fiber Optic,No,No,No,No,No,Yes,Yes,Yes,Month-to-Month,No,Bank Withdrawal,79.59999847,79.59999847,0,0,19.31999969,98.91999817,Churned,Attitude,Attitude of support person,1
5399-ZIMKF,Male,58,No,San Simeon,0,5,Yes,No,Yes,Fiber Optic,No,Yes,No,No,No,No,No,Yes,Month-to-Month,Yes,Bank Withdrawal,74.65000153,383.6499939,0,0,164.0500031,547.7000122,Stayed,Others,Others,1
5419-CONWX,Female,65,No,Pleasant Grove,0,4,Yes,No,Yes,Fiber Optic,No,Yes,Yes,No,Yes,Yes,Yes,Yes,Month-to-Month,Yes,Credit Card,99.80000305,442.8500061,0,0,50.72000122,493.5700073,Churned,Competitor,Competitor had better devices,1
5419-JPRRN,Male,32,No,Rough And Ready,0,1,Yes,Yes,Yes,Fiber Optic,No,No,Yes,No,Yes,Yes,Yes,Yes,Month-to-Month,Yes,Bank Withdrawal,101.4499969,101.4499969,0,0,10.38000011,111.8300018,Churned,Price,Extra data charges,1
5419-KLXBN,Female,36,Yes,San Diego,1,25,Yes,No,Yes,Fiber Optic,No,Yes,Yes,No,Yes,No,No,Yes,Month-to-Month,Yes,Bank Withdrawal,89.15000153,2257.75,0,0,616,2873.75,Churned,Competitor,Competitor made better offer,1
5440-FLBQG,Male,69,Yes,Santa Barbara,1,69,Yes,Yes,Yes,Fiber Optic,No,Yes,Yes,Yes,Yes,Yes,No,Yes,Two Year,Yes,Bank Withdrawal,108.4000015,7318.200195,0,0,3372.719971,10690.91992,Churned,Attitude,Attitude of service provider,1
5442-UTCVD,Male,53,No,Pittsburg,0,3,Yes,Yes,Yes,Fiber Optic,No,No,Yes,No,No,Yes,Yes,Yes,Month-to-Month,No,Bank Withdrawal,91.84999847,257.0499878,0,0,131.1600037,388.2099915,Churned,Attitude,Attitude of service provider,1
5442-XSDCW,Male,61,Yes,San Diego,1,11,Yes,No,Yes,Fiber Optic,No,No,No,No,Yes,No,No,No,Month-to-Month,Yes,Bank Withdrawal,79.5,868.5,0,50,146.6300049,1065.130005,Churned,Competitor,Competitor made better offer,1
5445-PZWGX,Male,63,No,Travis Afb,0,62,Yes,Yes,Yes,Fiber Optic,Yes,Yes,No,Yes,No,Yes,Yes,No,One Year,No,Bank Withdrawal,102,6529.25,0,110,500.9599915,7140.209961,Churned,Price,Price too high,1
5445-UTODQ,Female,35,Yes,San Diego,1,7,Yes,No,Yes,Fiber Optic,No,No,No,No,Yes,No,No,Yes,Month-to-Month,Yes,Bank Withdrawal,81.09999847,576.6500244,0,0,81.05999756,657.710022,Churned,Competitor,Competitor made better offer,1
5449-FIBXJ,Male,34,Yes,San Jose,1,19,Yes,Yes,Yes,Fiber Optic,No,No,Yes,Yes,Yes,Yes,Yes,Yes,Month-to-Month,No,Bank Withdrawal,103.3000031,2012.699951,0,0,532.7600098,2545.459961,Churned,Price,Lack of affordable download/upload speed,1
5458-CQJTA,Male,56,Yes,Smith River,1,65,Yes,No,Yes,DSL,Yes,No,No,Yes,Yes,Yes,Yes,Yes,Two Year,Yes,Bank Withdrawal,74.80000305,4820.149902,0,0,2630.550049,7450.700195,Churned,Dissatisfaction,Product dissatisfaction,1
5469-CTCWN,Male,52,Yes,Arbuckle,1,61,Yes,Yes,Yes,Cable,Yes,Yes,No,No,Yes,Yes,Yes,Yes,One Year,Yes,Bank Withdrawal,106,6547.700195,0,0,2863.949951,9411.650391,Churned,Competitor,Competitor offered higher download speeds,1
5480-HPRRX,Female,80,No,Glendora,0,3,No,No,Yes,DSL,No,No,No,No,No,No,No,Yes,Month-to-Month,No,Bank Withdrawal,25.29999924,77.75,0,0,0,77.75,Churned,Attitude,Attitude of support person,1
5480-TBGPH,Female,63,Yes,Sacramento,0,24,Yes,No,Yes,Fiber Optic,No,Yes,Yes,No,Yes,Yes,Yes,Yes,Month-to-Month,Yes,Credit Card,99.30000305,2431.350098,0,0,1079.040039,3510.389893,Churned,Competitor,Competitor offered more data,1
5482-NUPNA,Female,28,No,Imperial,0,4,Yes,No,Yes,Cable,Yes,Yes,No,Yes,No,No,No,Yes,Month-to-Month,Yes,Credit Card,60.40000153,272.1499939,0,0,72.12000275,344.269989,Churned,Competitor,Competitor had better devices,1
5482-PLVPE,Female,79,No,Daly City,0,2,No,No,Yes,DSL,No,No,No,No,No,No,No,Yes,Month-to-Month,No,Bank Withdrawal,24.35000038,41.84999847,0,0,0,41.84999847,Churned,Competitor,Competitor had better devices,1
5485-WUYWF,Male,73,No,Crockett,0,2,Yes,No,Yes,Cable,Yes,No,Yes,No,Yes,No,No,Yes,Month-to-Month,No,Bank Withdrawal,66.40000153,94.55000305,0,0,11.14000034,105.6900024,Churned,Price,Long distance charges,1
5493-SDRDQ,Male,19,No,Angels Camp,0,2,Yes,No,Yes,Cable,Yes,No,Yes,No,No,No,No,Yes,Month-to-Month,Yes,Mailed Check,55.09999847,113.3499985,0,0,10.65999985,124.0100021,Churned,Competitor,Competitor made better offer,1
5494-HECPR,Female,34,No,Mi Wuk Village,0,1,Yes,No,Yes,Fiber Optic,No,No,No,No,Yes,No,No,Yes,Month-to-Month,Yes,Bank Withdrawal,80.25,80.25,0,0,32.91999817,113.1699982,Churned,Other,Moved,1
5498-TXHLF,Female,39,Yes,Whitmore,1,34,Yes,Yes,Yes,Fiber Optic,No,No,Yes,No,Yes,No,No,Yes,Month-to-Month,No,Bank Withdrawal,87.44999695,2874.149902,0,0,1386.52002,4260.669922,Churned,Price,Extra data charges,1
5502-RLUYV,Female,42,Yes,Milpitas,1,69,Yes,Yes,Yes,Fiber Optic,No,Yes,Yes,No,Yes,Yes,Yes,Yes,Month-to-Month,Yes,Bank Withdrawal,103.9499969,7446.899902,0,0,2566.800049,10013.7002,Churned,Competitor,Competitor made better offer,1
5510-BOIUJ,Male,35,No,Visalia,0,1,Yes,No,No,,No,No,No,No,No,No,No,No,Month-to-Month,No,Credit Card,19.25,19.25,0,0,12.81000042,32.06000137,Churned,Attitude,Attitude of service provider,1
5515-IDEJJ,Male,46,Yes,San Diego,4,1,Yes,No,No,,No,No,No,No,No,No,No,No,Month-to-Month,No,Mailed Check,19.89999962,19.89999962,0,0,45.77000046,65.66999817,Churned,Competitor,Competitor made better offer,1
5519-NPHVG,Female,53,No,Klamath River,0,12,Yes,Yes,Yes,Fiber Optic,No,No,No,No,Yes,Yes,Yes,No,Month-to-Month,Yes,Bank Withdrawal,94.19999695,1046.099976,7.389999866,120,153,1311.709961,Churned,Price,Price too high,1
5519-YLDGW,Female,57,Yes,Los Angeles,1,21,Yes,Yes,Yes,Fiber Optic,Yes,No,Yes,No,Yes,Yes,Yes,Yes,Month-to-Month,Yes,Bank Withdrawal,103.9000015,2254.199951,0,0,25.40999985,2279.610107,Churned,Dissatisfaction,Limited range of services,1
5520-FVEWJ,Female,28,Yes,Santa Rosa,1,12,Yes,Yes,Yes,Fiber Optic,No,Yes,Yes,No,No,No,Yes,Yes,Month-to-Month,Yes,Bank Withdrawal,84.5,916.9000244,0,0,487.5599976,1404.459961,Churned,Competitor,Competitor had better devices,1
5536-RTPWK,Male,54,Yes,Sausalito,1,49,Yes,Yes,Yes,Fiber Optic,No,Yes,No,No,Yes,Yes,Yes,Yes,Month-to-Month,Yes,Bank Withdrawal,99.05000305,4853.75,14.23999977,0,1003.52002,5843.029785,Churned,Competitor,Competitor offered higher download speeds,1
5536-SLHPM,Female,38,Yes,Temecula,5,55,Yes,Yes,Yes,Fiber Optic,No,No,Yes,No,No,No,No,Yes,Month-to-Month,Yes,Bank Withdrawal,77.75,4458.149902,0,0,1067.550049,5525.700195,Churned,Competitor,Competitor made better offer,1
5539-TMZLF,Male,69,No,Concord,0,1,Yes,No,Yes,Fiber Optic,No,No,No,No,No,No,No,Yes,Month-to-Month,Yes,Bank Withdrawal,69.75,69.75,0,0,33.84000015,103.5899963,Churned,Competitor,Competitor had better devices,1
5550-VFRLC,Female,70,No,Moorpark,0,1,Yes,No,Yes,Fiber Optic,No,No,No,No,No,No,No,No,Month-to-Month,Yes,Bank Withdrawal,69.84999847,69.84999847,0,40,43.45000076,153.3000031,Churned,Dissatisfaction,Limited range of services,1
5552-ZNFSJ,Male,49,No,Santa Rosa,0,1,Yes,No,Yes,DSL,No,No,No,No,No,No,No,Yes,Month-to-Month,No,Bank Withdrawal,45.29999924,45.29999924,0,0,34.36999893,79.66999817,Churned,Dissatisfaction,Poor expertise of online support,1
5561-NWEVX,Female,78,Yes,Hermosa Beach,1,2,Yes,Yes,Yes,Fiber Optic,No,No,Yes,No,No,No,No,Yes,Month-to-Month,No,Bank Withdrawal,79.19999695,172.8500061,0,0,35.45999908,208.3099976,Churned,Price,Price too high,1
5564-NEMQO,Female,80,No,Thermal,0,1,Yes,No,Yes,Fiber Optic,No,No,Yes,No,No,No,No,No,Month-to-Month,Yes,Bank Withdrawal,75.30000305,75.30000305,0,20,35.09000015,130.3899994,Churned,Dissatisfaction,Network reliability,1
5565-FILXA,Female,76,No,Escondido,0,16,Yes,Yes,Yes,Fiber Optic,No,No,No,No,Yes,Yes,No,Yes,Month-to-Month,Yes,Bank Withdrawal,96.15000153,1529.199951,0,0,620,2149.199951,Churned,Other,Don't know,1
5567-WSELE,Male,70,Yes,Richmond,1,3,Yes,Yes,Yes,Fiber Optic,No,No,No,No,Yes,Yes,No,Yes,Month-to-Month,Yes,Bank Withdrawal,94.59999847,279.5499878,0,0,96.93000031,376.480011,Churned,Competitor,Competitor had better devices,1
5569-KGJHX,Female,63,Yes,Canoga Park,1,9,Yes,Yes,Yes,Fiber Optic,No,No,No,No,Yes,No,No,No,Month-to-Month,Yes,Bank Withdrawal,85.34999847,754.6500244,0,50,127.8899994,932.539978,Churned,Dissatisfaction,Service dissatisfaction,1
5569-OUICF,Female,67,Yes,San Diego,1,28,Yes,Yes,Yes,Fiber Optic,No,No,No,Yes,Yes,Yes,No,Yes,Month-to-Month,Yes,Credit Card,101.3000031,2812.199951,0,0,460.0400085,3272.23999,Churned,Competitor,Competitor made better offer,1
5570-PTWEH,Female,33,Yes,Encinitas,1,3,Yes,Yes,Yes,Fiber Optic,No,No,No,No,No,No,No,Yes,Month-to-Month,Yes,Credit Card,75.15000153,216.75,0,0,45.06000137,261.8099976,Churned,Attitude,Attitude of support person,1
5572-ZDXHY,Female,25,No,Santa Rosa,0,22,Yes,No,Yes,Fiber Optic,No,Yes,No,No,No,Yes,Yes,Yes,Month-to-Month,Yes,Mailed Check,84.30000305,1855.650024,0,0,639.539978,2495.189941,Churned,Competitor,Competitor had better devices,1
5577-OTWWW,Female,54,No,San Jose,0,15,Yes,No,No,,No,No,No,No,No,No,No,No,Month-to-Month,No,Bank Withdrawal,19.75,297.2999878,0,0,597.5999756,894.9000244,Churned,Other,Moved,1
5583-SXDAG,Male,41,Yes,Alhambra,1,1,Yes,No,Yes,Fiber Optic,No,No,No,No,No,No,No,No,Month-to-Month,No,Bank Withdrawal,70,70,0,10,19.14999962,99.15000153,Churned,Other,Don't know,1
5590-YRFJT,Female,44,Yes,Lompoc,1,20,No,No,Yes,DSL,No,No,No,No,No,No,No,Yes,Month-to-Month,Yes,Bank Withdrawal,24.45000076,482.7999878,0,0,0,482.7999878,Churned,Other,Don't know,1
5597-GLBUC,Female,48,No,Squaw Valley,0,1,Yes,No,Yes,Fiber Optic,No,No,Yes,No,Yes,No,No,Yes,Month-to-Month,Yes,Bank Withdrawal,85.44999695,85.44999695,0,0,22.96999931,108.4199982,Churned,Price,Lack of affordable download/upload speed,1
5609-CEBID,Female,77,No,Hemet,0,20,Yes,Yes,Yes,Fiber Optic,No,Yes,Yes,No,No,Yes,No,No,Month-to-Month,Yes,Bank Withdrawal,94.09999847,1782.400024,0,80,974.5999756,2837,Churned,Competitor,Competitor had better devices,1
5609-IMCGG,Female,44,No,Suisun City,0,15,Yes,Yes,Yes,Fiber Optic,Yes,No,Yes,No,No,No,No,Yes,Month-to-Month,Yes,Credit Card,84.34999847,1302.650024,0,0,93.30000305,1395.949951,Stayed,Others,Others,1
5616-PRTNT,Male,30,No,Desert Center,0,20,Yes,No,No,,No,No,No,No,No,No,No,No,Month-to-Month,Yes,Bank Withdrawal,19.39999962,374.5,0,0,455.6000061,830.0999756,Churned,Attitude,Attitude of support person,1
5624-BQSSA,Female,19,No,Santa Cruz,0,1,Yes,No,No,,No,No,No,No,No,No,No,No,Month-to-Month,No,Credit Card,20.95000076,20.95000076,0,0,40.47999954,61.43000031,Churned,Price,Long distance charges,1
5644-PDMZC,Female,69,No,Delano,0,2,Yes,Yes,Yes,Fiber Optic,No,Yes,No,No,No,Yes,Yes,Yes,Month-to-Month,No,Bank Withdrawal,89.5,161.5,0,0,94.94000244,256.4400024,Churned,Attitude,Attitude of support person,1
5649-ANRML,Male,76,No,Clipper Mills,0,2,Yes,No,Yes,Fiber Optic,No,Yes,Yes,Yes,No,Yes,No,Yes,Month-to-Month,Yes,Credit Card,95.09999847,180.25,0,0,25.92000008,206.1699982,Churned,Dissatisfaction,Poor expertise of online support,1
5649-TJHOV,Male,68,Yes,Davenport,1,27,No,No,Yes,DSL,No,No,No,No,No,Yes,No,No,Month-to-Month,No,Bank Withdrawal,36.5,1032,0,30,0,1062,Churned,Dissatisfaction,Product dissatisfaction,1
5649-VUKMC,Female,61,No,San Diego,0,12,Yes,No,Yes,Fiber Optic,No,No,Yes,No,Yes,Yes,Yes,Yes,One Year,No,Mailed Check,95.5,1115.150024,0,0,417.7200012,1532.869995,Churned,Competitor,Competitor made better offer,1
5650-VDUDS,Female,48,No,Kernville,0,4,No,No,Yes,Cable,No,No,No,No,No,No,No,Yes,Month-to-Month,Yes,Mailed Check,24.25,96.05000305,0,0,0,96.05000305,Churned,Competitor,Competitor made better offer,1
5655-JSMZM,Male,66,No,Coalinga,0,49,Yes,Yes,Yes,Fiber Optic,No,No,No,No,Yes,Yes,No,Yes,Month-to-Month,Yes,Bank Withdrawal,96.19999695,4718.25,0,0,1585.640015,6303.890137,Churned,Attitude,Attitude of support person,1
5669-SRAIP,Female,55,No,Larkspur,0,5,No,No,Yes,DSL,No,No,Yes,No,No,Yes,Yes,Yes,Month-to-Month,No,Bank Withdrawal,39.5,210.75,39.27000046,0,0,171.4799957,Churned,Competitor,Competitor offered higher download speeds,1
5673-FSSMF,Female,19,No,Delhi,0,1,Yes,Yes,Yes,Cable,No,No,No,No,No,Yes,Yes,No,Month-to-Month,Yes,Bank Withdrawal,60.15000153,60.15000153,0,20,33.47999954,113.6299973,Churned,Attitude,Attitude of support person,1
5673-TIYIB,Male,34,No,Torrance,0,2,No,No,Yes,DSL,No,Yes,Yes,Yes,No,No,No,Yes,Month-to-Month,Yes,Credit Card,40.40000153,77.15000153,0,0,0,77.15000153,Churned,Other,Don't know,1
5685-IIXLY,Female,54,Yes,Novato,1,5,Yes,No,Yes,Fiber Optic,No,Yes,No,No,No,Yes,Yes,Yes,Month-to-Month,Yes,Bank Withdrawal,83.59999847,404.2000122,24.44000053,0,35,414.7600098,Churned,Competitor,Competitor offered higher download speeds,1
5687-DKDTV,Female,35,No,Bellflower,0,4,Yes,No,No,,No,No,No,No,No,No,No,No,Month-to-Month,No,Credit Card,20.35000038,77.5,0,0,150.6399994,228.1399994,Churned,Attitude,Attitude of support person,1
5688-KZTSN,Male,59,Yes,San Diego,1,15,Yes,No,No,,No,No,No,No,No,No,No,No,Month-to-Month,Yes,Bank Withdrawal,20,288.0499878,0,0,467.1000061,755.1500244,Churned,Competitor,Competitor made better offer,1
5692-FPTAH,Female,32,No,Nicolaus,0,1,Yes,No,Yes,Cable,No,No,No,No,No,No,No,Yes,Month-to-Month,Yes,Credit Card,45.40000153,45.40000153,0,0,38.31000137,83.70999908,Churned,Dissatisfaction,Network reliability,1
5696-QURRL,Male,31,No,Waterford,0,1,Yes,No,Yes,DSL,No,No,No,No,No,No,No,No,Month-to-Month,Yes,Credit Card,-5,45.04999924,0,70,13.84000015,128.8899994,Churned,Dissatisfaction,Network reliability,1
5698-BQJOH,Female,41,No,Beverly Hills,0,9,Yes,Yes,Yes,Fiber Optic,No,No,No,No,Yes,Yes,Yes,Yes,Month-to-Month,No,Bank Withdrawal,94.40000153,857.25,0,0,244.8899994,1102.140015,Churned,Price,Price too high,1
5707-ORNDZ,Male,79,No,Yuba City,0,9,Yes,Yes,Yes,DSL,Yes,No,No,No,No,No,No,Yes,Month-to-Month,No,Bank Withdrawal,54.54999924,494.0499878,0,0,22.04999924,516.0999756,Churned,Dissatisfaction,Network reliability,1
5708-EVONK,Female,37,Yes,Cassel,1,58,Yes,Yes,Yes,Fiber Optic,Yes,Yes,No,No,No,Yes,Yes,Yes,Month-to-Month,Yes,Bank Withdrawal,93.40000153,5435.600098,0,0,211.6999969,5647.299805,Churned,Other,Don't know,1
5712-PTIWW,Male,46,No,Mcarthur,0,2,Yes,No,Yes,Fiber Optic,No,No,Yes,Yes,No,No,No,Yes,Month-to-Month,Yes,Bank Withdrawal,79.84999847,152.4499969,0,0,32.27999878,184.7299957,Churned,Dissatisfaction,Service dissatisfaction,1
5729-KLZAR,Female,22,Yes,Sacramento,1,4,Yes,No,Yes,Fiber Optic,No,No,No,No,No,Yes,Yes,No,Month-to-Month,No,Bank Withdrawal,80.84999847,302.75,0,40,177.1199951,519.8699951,Churned,Competitor,Competitor had better devices,1
5747-PMBSQ,Male,72,Yes,San Diego,1,10,Yes,No,Yes,Fiber Optic,No,Yes,Yes,Yes,Yes,No,No,No,Month-to-Month,Yes,Credit Card,92.5,934.0999756,0,100,111.1999969,1145.300049,Churned,Competitor,Competitor made better offer,1
5748-RNCJT,Male,58,No,Sacramento,0,69,Yes,Yes,Yes,Fiber Optic,No,No,Yes,Yes,Yes,Yes,Yes,Yes,Two Year,Yes,Bank Withdrawal,106.5,7348.799805,0,0,1854.719971,9203.519531,Churned,Competitor,Competitor offered higher download speeds,1
5759-RCVCB,Female,20,No,Orange,0,3,No,No,Yes,DSL,No,No,No,No,Yes,No,No,Yes,Month-to-Month,No,Credit Card,35.20000076,108.9499969,0,0,0,108.9499969,Churned,Competitor,Competitor had better devices,1
5766-ZJYBB,Male,52,No,Brisbane,0,1,Yes,No,No,,No,No,No,No,No,No,No,No,Month-to-Month,No,Mailed Check,-8,19.39999962,0,0,3.140000105,22.54000092,Churned,Dissatisfaction,Service dissatisfaction,1
5797-APWZC,Female,41,No,San Francisco,0,1,Yes,No,Yes,Fiber Optic,No,No,No,No,Yes,Yes,Yes,Yes,Month-to-Month,No,Bank Withdrawal,90.59999847,90.59999847,0,0,31.68000031,122.2799988,Churned,Competitor,Competitor offered higher download speeds,1
5804-LEPIM,Female,74,No,San Diego,0,2,Yes,No,Yes,Fiber Optic,No,No,No,No,No,No,No,Yes,Month-to-Month,Yes,Bank Withdrawal,70.34999847,139.0500031,0,0,26.34000015,165.3899994,Churned,Other,Don't know,1
5813-UECBU,Male,78,No,Bridgeville,0,33,Yes,Yes,Yes,Fiber Optic,No,Yes,Yes,No,No,No,No,Yes,Month-to-Month,Yes,Credit Card,83.84999847,2716.300049,0,0,1271.48999,3987.790039,Churned,Competitor,Competitor made better offer,1
5828-AVIPD,Male,29,Yes,Sierraville,1,19,Yes,Yes,Yes,Fiber Optic,No,No,No,Yes,Yes,Yes,Yes,Yes,One Year,Yes,Bank Withdrawal,100.9499969,1875.550049,0,0,112.6699982,1988.219971,Churned,Dissatisfaction,Poor expertise of online support,1
5832-XKAES,Male,56,No,Sierraville,0,2,Yes,No,Yes,Fiber Optic,No,No,No,No,No,No,No,Yes,Month-to-Month,Yes,Credit Card,69.80000305,134.6999969,0,0,75.44000244,210.1399994,Churned,Other,Don't know,1
5834-ASPWA,Male,55,No,San Diego,0,1,Yes,Yes,Yes,Fiber Optic,No,No,No,No,No,No,No,Yes,Month-to-Month,Yes,Bank Withdrawal,75.44999695,75.44999695,0,0,11.57999992,87.02999878,Churned,Competitor,Competitor made better offer,1
5835-BEQEU,Male,44,No,Escondido,0,3,Yes,Yes,Yes,Fiber Optic,No,No,No,No,No,No,No,No,Month-to-Month,Yes,Bank Withdrawal,76.94999695,228.3999939,0,10,115.1399994,353.5400085,Churned,Competitor,Competitor made better offer,1
5842-POCOP,Female,37,Yes,Randsburg,1,5,Yes,No,Yes,Cable,Yes,No,Yes,No,No,Yes,Yes,Yes,Month-to-Month,Yes,Mailed Check,88.90000153,454.1499939,0,0,207.8500061,662,Churned,Competitor,Competitor offered higher download speeds,1
5868-CZJDR,Male,41,No,Linden,0,1,No,No,Yes,DSL,No,Yes,No,No,No,No,No,No,Month-to-Month,Yes,Mailed Check,31.35000038,31.35000038,0,80,0,111.3499985,Churned,Attitude,Attitude of service provider,1
5868-YWPDW,Male,76,Yes,Sherman Oaks,1,6,Yes,No,Yes,Fiber Optic,No,Yes,No,No,No,Yes,No,Yes,Month-to-Month,Yes,Bank Withdrawal,84.19999695,519.1500244,0,0,242.6399994,761.789978,Churned,Dissatisfaction,Limited range of services,1
5875-YPQFJ,Male,51,No,Fremont,0,1,Yes,No,Yes,Fiber Optic,No,No,No,No,No,No,No,Yes,Month-to-Month,Yes,Bank Withdrawal,69.90000153,69.90000153,0,0,45.65999985,115.5599976,Churned,Competitor,Competitor offered higher download speeds,1
5876-HZVZM,Female,55,Yes,West Covina,1,6,Yes,No,Yes,Cable,Yes,Yes,No,No,No,No,No,No,Month-to-Month,No,Credit Card,55.90000153,365.3500061,0,30,87.05999756,482.4100037,Churned,Attitude,Attitude of service provider,1
5883-GTGVD,Male,54,No,Biola,0,19,Yes,Yes,Yes,Fiber Optic,No,Yes,No,No,Yes,Yes,Yes,Yes,Month-to-Month,Yes,Bank Withdrawal,99.94999695,1931.75,0,0,41.61000061,1973.359985,Churned,Competitor,Competitor had better devices,1
5884-GCYMI,Male,62,No,San Diego,0,1,Yes,No,Yes,Fiber Optic,No,No,No,No,No,No,No,Yes,Month-to-Month,No,Mailed Check,69.40000153,69.40000153,0,0,38.52999878,107.9300003,Churned,Competitor,Competitor made better offer,1
5889-JTMUL,Female,67,Yes,Castaic,1,50,Yes,Yes,Yes,Fiber Optic,No,Yes,Yes,No,Yes,No,No,No,Month-to-Month,Yes,Bank Withdrawal,95.05000305,4888.700195,0,50,1578,6516.700195,Churned,Price,Price too high,1
5889-LFOLL,Female,27,No,Canby,0,13,Yes,Yes,Yes,Fiber Optic,No,No,No,No,No,Yes,Yes,Yes,Month-to-Month,Yes,Bank Withdrawal,84.59999847,1115.199951,0,0,467.480011,1582.680054,Churned,Competitor,Competitor offered more data,1
5896-NPFWW,Male,23,Yes,San Diego,1,3,Yes,No,Yes,Cable,No,No,Yes,No,No,No,No,Yes,Month-to-Month,Yes,Bank Withdrawal,50.15000153,168.1499939,0,0,40.61999893,208.7700043,Churned,Competitor,Competitor made better offer,1
5898-IGSLP,Male,37,Yes,Mountain View,1,31,Yes,Yes,Yes,Fiber Optic,Yes,No,Yes,Yes,No,No,No,Yes,Month-to-Month,No,Bank Withdrawal,89.30000305,2823,0,0,643.5599976,3466.560059,Stayed,Others,Others,1
5899-MQZZL,Female,25,No,San Ysidro,0,13,Yes,Yes,Yes,Fiber Optic,No,No,No,No,No,No,Yes,Yes,Month-to-Month,Yes,Mailed Check,75,999.4500122,0,0,78.38999939,1077.839966,Churned,Competitor,Competitor offered higher download speeds,1
5908-QMGOE,Male,74,No,Fowler,0,15,Yes,Yes,Yes,Fiber Optic,No,No,No,No,No,No,No,Yes,Month-to-Month,Yes,Credit Card,74.19999695,1133.900024,43.31000137,0,352.9500122,1443.540039,Churned,Competitor,Competitor had better devices,1
5909-ECHUI,Female,49,No,Oak Run,0,1,Yes,No,Yes,DSL,No,No,No,No,No,Yes,Yes,Yes,Month-to-Month,Yes,Bank Withdrawal,56.25,56.25,0,0,26.13999939,82.38999939,Churned,Price,Lack of affordable download/upload speed,1
5914-DVBWJ,Female,80,No,Riverside,0,18,Yes,Yes,Yes,Fiber Optic,No,Yes,No,Yes,No,No,No,Yes,Month-to-Month,Yes,Bank Withdrawal,85.44999695,1505.849976,0,0,42.47999954,1548.329956,Churned,Competitor,Competitor offered more data,1
5919-TMRGD,Female,32,No,Huntington Park,0,1,Yes,No,Yes,Fiber Optic,No,No,No,No,Yes,No,No,Yes,Month-to-Month,Yes,Bank Withdrawal,79.34999847,79.34999847,0,0,13.13000011,92.48000336,Churned,Competitor,Competitor had better devices,1
5922-ABDVO,Female,20,Yes,Seal Beach,1,19,Yes,Yes,Yes,Fiber Optic,No,No,Yes,No,No,Yes,Yes,No,Month-to-Month,No,Credit Card,89.65000153,1761.050049,0,80,412.4899902,2253.540039,Churned,Attitude,Attitude of support person,1
5923-GXUOC,Male,37,No,Fallbrook,0,10,Yes,No,Yes,Fiber Optic,Yes,Yes,Yes,No,Yes,Yes,Yes,Yes,Month-to-Month,Yes,Bank Withdrawal,104.4000015,1081.449951,0,0,83.80000305,1165.25,Churned,Competitor,Competitor made better offer,1
5931-FLJJF,Male,75,Yes,Midway City,1,7,Yes,No,Yes,Fiber Optic,No,No,No,No,No,No,No,Yes,Month-to-Month,Yes,Credit Card,70.09999847,467.5499878,20.22999954,0,112.3499985,559.6699829,Churned,Attitude,Attitude of service provider,1
5940-AHUHD,Male,30,No,Pomona,0,1,Yes,No,Yes,Fiber Optic,No,No,No,No,No,No,No,Yes,Month-to-Month,No,Credit Card,70.59999847,70.59999847,0,0,44.59000015,115.1900024,Churned,Attitude,Attitude of support person,1
5940-NFXKV,Male,59,Yes,San Diego,1,19,Yes,Yes,Yes,Fiber Optic,No,No,No,No,No,Yes,Yes,No,Month-to-Month,Yes,Bank Withdrawal,83.65000153,1465.75,0,130,267.7099915,1863.459961,Churned,Competitor,Competitor made better offer,1
5949-EBSQK,Male,44,Yes,Sunset Beach,4,4,Yes,No,Yes,DSL,No,No,No,Yes,No,Yes,Yes,Yes,Month-to-Month,No,Credit Card,61.45000076,229.5500031,0,0,108.9599991,338.5100098,Churned,Price,Price too high,1
5949-XIKAE,Female,32,Yes,San Bernardino,1,8,Yes,No,Yes,Cable,No,Yes,No,No,Yes,No,No,Yes,Month-to-Month,Yes,Bank Withdrawal,83.55000305,680.0499878,0,0,258.5599976,938.6099854,Churned,Dissatisfaction,Product dissatisfaction,1
5950-AAAGJ,Male,19,No,Playa Del Rey,0,18,Yes,Yes,Yes,Fiber Optic,No,No,No,No,Yes,No,No,Yes,Month-to-Month,No,Bank Withdrawal,84.30000305,1537.900024,0,0,40.68000031,1578.579956,Stayed,Others,Others,1
5955-ERIHD,Male,53,Yes,Lakewood,1,18,Yes,Yes,Yes,Fiber Optic,No,No,No,No,Yes,Yes,Yes,Yes,Month-to-Month,Yes,Bank Withdrawal,94.69999695,1687.949951,0,0,566.8200073,2254.77002,Churned,Price,Long distance charges,1
5956-VKDTT,Female,72,Yes,Moreno Valley,4,5,Yes,Yes,Yes,Fiber Optic,No,No,No,No,No,No,No,Yes,Month-to-Month,Yes,Bank Withdrawal,74.34999847,334.7999878,0,0,228.8000031,563.5999756,Churned,Dissatisfaction,Product dissatisfaction,1
5959-BELXA,Male,67,No,Yucaipa,0,32,Yes,Yes,Yes,Fiber Optic,No,No,No,No,Yes,Yes,No,Yes,Month-to-Month,Yes,Credit Card,96.15000153,3019.25,0,0,814.4000244,3833.649902,Churned,Price,Price too high,1
5960-WPXQM,Male,24,No,Temecula,0,1,Yes,No,Yes,Fiber Optic,No,No,No,No,Yes,No,Yes,Yes,Month-to-Month,Yes,Bank Withdrawal,79.05000305,79.05000305,0,0,31.34000015,110.3899994,Churned,Competitor,Competitor made better offer,1
5976-JCJRH,Male,36,Yes,Danville,1,10,Yes,No,Yes,Fiber Optic,No,No,No,No,No,No,No,Yes,Month-to-Month,Yes,Bank Withdrawal,70.30000305,738.2000122,0,0,317.2000122,1055.400024,Churned,Dissatisfaction,Limited range of services,1
5980-NOPLP,Female,19,Yes,Pasadena,4,44,Yes,Yes,Yes,Fiber Optic,No,No,No,No,Yes,Yes,Yes,Yes,Month-to-Month,Yes,Bank Withdrawal,96.09999847,4364.100098,0,0,494.5599976,4858.660156,Churned,Competitor,Competitor offered higher download speeds,1
5981-ITEMU,Male,58,Yes,Marshall,1,40,Yes,Yes,Yes,Fiber Optic,No,No,No,No,Yes,Yes,Yes,Yes,Month-to-Month,Yes,Bank Withdrawal,97.09999847,3706.949951,41.84999847,0,653.2000122,4318.299805,Churned,Competitor,Competitor offered more data,1
5995-OIGLP,Male,42,No,Port Costa,0,12,Yes,No,Yes,Cable,Yes,No,No,Yes,No,No,No,Yes,Month-to-Month,No,Credit Card,56.65000153,654.8499756,0,0,95.63999939,750.4899902,Churned,Price,Extra data charges,1
5998-VVEJY,Male,34,No,Glendora,0,26,Yes,Yes,Yes,Fiber Optic,No,No,No,Yes,No,No,No,Yes,Month-to-Month,Yes,Bank Withdrawal,80.5,2088.800049,0,0,628.1599731,2716.959961,Churned,Other,Moved,1
6000-APYLU,Male,39,No,Valencia,0,9,Yes,No,Yes,Fiber Optic,No,No,No,No,No,Yes,Yes,Yes,Month-to-Month,Yes,Bank Withdrawal,80.80000305,713.0999756,0,0,183.0599976,896.1599731,Churned,Competitor,Competitor offered more data,1
6005-OBZPH,Female,68,No,San Diego,0,26,Yes,Yes,Yes,Fiber Optic,No,Yes,No,No,Yes,No,No,Yes,Month-to-Month,Yes,Bank Withdrawal,89.15000153,2277.649902,0,0,236.3399963,2513.98999,Churned,Other,Don't know,1
6015-VVHHE,Female,68,No,Los Angeles,0,5,Yes,Yes,Yes,Fiber Optic,No,No,No,No,Yes,No,No,Yes,Month-to-Month,Yes,Credit Card,83.15000153,446.0499878,0,0,209.1499939,655.2000122,Churned,Dissatisfaction,Service dissatisfaction,1
6017-PPLPX,Male,47,Yes,Daly City,1,20,Yes,No,Yes,Fiber Optic,No,No,No,No,No,No,No,Yes,Month-to-Month,Yes,Bank Withdrawal,70.44999695,1470.949951,0,0,329.7999878,1800.75,Churned,Competitor,Competitor had better devices,1
6022-UGGSO,Female,70,No,Citrus Heights,0,32,Yes,No,Yes,Fiber Optic,No,Yes,No,No,No,No,No,Yes,Month-to-Month,Yes,Bank Withdrawal,74.40000153,2276.949951,44.31000137,0,1063.040039,3295.679932,Churned,Competitor,Competitor had better devices,1
6023-YEBUP,Male,32,No,Stockton,0,3,Yes,Yes,Yes,Cable,No,No,Yes,No,Yes,Yes,Yes,No,Month-to-Month,Yes,Bank Withdrawal,100.9499969,329.9500122,0,10,35.81999969,375.769989,Churned,Competitor,Competitor had better devices,1
6029-WTIPC,Male,73,No,San Diego,0,37,Yes,Yes,Yes,Fiber Optic,No,No,Yes,No,Yes,Yes,No,Yes,Month-to-Month,Yes,Bank Withdrawal,101.0999985,3744.050049,0,0,1408.219971,5152.27002,Churned,Competitor,Competitor made better offer,1
6032-IGALN,Female,35,No,Granite Bay,0,1,No,No,Yes,Cable,No,No,No,No,No,No,No,Yes,Month-to-Month,Yes,Mailed Check,25.10000038,25.10000038,0,0,0,25.10000038,Churned,Competitor,Competitor had better devices,1
6032-KRXXO,Male,33,No,San Diego,0,30,Yes,No,Yes,Fiber Optic,No,No,No,No,Yes,Yes,Yes,Yes,Month-to-Month,Yes,Bank Withdrawal,90.25,2755.350098,0,0,901.7999878,3657.149902,Churned,Competitor,Competitor made better offer,1
6034-ZRYCV,Female,51,Yes,Sacramento,1,72,No,No,Yes,Cable,No,Yes,Yes,No,Yes,Yes,Yes,Yes,Two Year,Yes,Bank Withdrawal,54.20000076,3937.449951,0,0,0,3937.449951,Churned,Competitor,Competitor offered more data,1
6038-GCYEC,Female,25,No,Palm Desert,0,24,No,No,Yes,DSL,No,Yes,Yes,No,Yes,Yes,Yes,Yes,Month-to-Month,Yes,Credit Card,54.15000153,1240.25,0,0,0,1240.25,Churned,Competitor,Competitor had better devices,1
6047-YHPVI,Male,56,No,Los Angeles,0,5,Yes,No,Yes,Fiber Optic,No,No,No,No,No,No,No,Yes,Month-to-Month,Yes,Bank Withdrawal,69.69999695,316.8999939,0,0,63,379.8999939,Churned,Competitor,Competitor had better devices,1
6060-DRTNL,Female,66,No,San Jacinto,0,5,Yes,No,Yes,Fiber Optic,No,No,Yes,No,Yes,No,No,No,Month-to-Month,Yes,Credit Card,84.84999847,415.5499878,0,20,136.75,572.2999878,Churned,Competitor,Competitor had better devices,1
6086-ESGRL,Female,53,No,Brea,0,1,Yes,No,Yes,Fiber Optic,No,No,No,No,No,Yes,Yes,Yes,Month-to-Month,No,Credit Card,-7,80.15000153,0,0,4.670000076,84.81999969,Churned,Attitude,Attitude of support person,1
6087-MVHJH,Female,44,No,French Camp,0,16,Yes,Yes,Yes,Fiber Optic,No,No,Yes,No,No,Yes,Yes,No,Month-to-Month,Yes,Bank Withdrawal,88.44999695,1422.099976,0,140,284.7999878,1846.900024,Churned,Other,Don't know,1
6097-EQISJ,Female,41,Yes,Los Angeles,1,66,Yes,Yes,Yes,Fiber Optic,No,Yes,Yes,No,Yes,Yes,Yes,No,One Year,Yes,Credit Card,102.4499969,6615.149902,0,130,3218.820068,9963.969727,Churned,Competitor,Competitor had better devices,1
6100-QQHEB,Male,42,Yes,San Jose,1,17,Yes,Yes,Yes,Fiber Optic,No,No,No,No,Yes,Yes,Yes,Yes,Month-to-Month,Yes,Bank Withdrawal,92.55000305,1515.099976,0,0,301.0700073,1816.170044,Churned,Other,Moved,1
6101-IMRMM,Male,53,No,El Segundo,0,6,Yes,No,Yes,Fiber Optic,No,No,Yes,No,Yes,Yes,Yes,No,Month-to-Month,No,Mailed Check,94.5,575.4500122,0,10,99.48000336,684.9299927,Churned,Dissatisfaction,Network reliability,1
6108-OQZDQ,Female,21,Yes,Keene,4,4,Yes,Yes,Yes,Fiber Optic,No,Yes,No,No,Yes,Yes,Yes,Yes,Month-to-Month,Yes,Bank Withdrawal,97.94999695,384.5,0,0,39.91999817,424.4200134,Churned,Attitude,Attitude of service provider,1
6110-OHIHY,Male,33,No,Burney,0,3,Yes,No,Yes,Fiber Optic,No,No,No,No,Yes,No,No,No,Month-to-Month,No,Bank Withdrawal,79.25,267.6000061,0,10,149.2799988,426.8800049,Churned,Competitor,Competitor offered higher download speeds,1
6121-VZNQB,Female,35,No,Bolinas,0,1,Yes,No,No,,No,No,No,No,No,No,No,No,Month-to-Month,Yes,Credit Card,19.10000038,19.10000038,0,0,34.79000092,53.88999939,Churned,Competitor,Competitor made better offer,1
6127-ISGTU,Female,34,Yes,Garden Valley,1,16,Yes,Yes,Yes,Fiber Optic,No,No,No,No,Yes,No,No,Yes,Month-to-Month,Yes,Bank Withdrawal,84.94999695,1378.25,0,0,109.1200027,1487.369995,Churned,Attitude,Attitude of support person,1
6128-CZOMY,Female,43,No,Alpine,0,1,Yes,No,Yes,Cable,No,No,No,No,No,No,No,Yes,Month-to-Month,Yes,Bank Withdrawal,45.65000153,45.65000153,0,0,36.99000168,82.63999939,Churned,Competitor,Competitor offered higher download speeds,1
6140-QNRQQ,Male,42,No,Santa Barbara,0,1,Yes,No,Yes,Fiber Optic,No,No,No,No,No,No,No,Yes,Month-to-Month,Yes,Mailed Check,71.55000305,71.55000305,0,0,17.27000046,88.81999969,Churned,Competitor,Competitor had better devices,1
6141-OOXUQ,Male,43,No,San Bernardino,0,1,Yes,No,No,,No,No,No,No,No,No,No,No,Month-to-Month,No,Mailed Check,19.64999962,19.64999962,0,0,17.25,36.90000153,Churned,Dissatisfaction,Service dissatisfaction,1
6142-VSJQO,Female,27,Yes,Homeland,0,1,Yes,No,Yes,Cable,No,No,No,No,No,No,No,Yes,Month-to-Month,Yes,Bank Withdrawal,44.34999847,44.34999847,0,0,40.41999817,84.76999664,Churned,Attitude,Attitude of support person,1
6158-DWPZT,Male,53,Yes,Avery,1,9,No,No,Yes,DSL,No,No,No,No,No,No,No,Yes,One Year,No,Bank Withdrawal,24.10000038,259.7999878,0,0,0,259.7999878,Churned,Competitor,Competitor offered more data,1
6161-UUUTA,Male,77,No,Stockton,0,3,Yes,No,Yes,Fiber Optic,No,No,No,No,Yes,No,No,Yes,Month-to-Month,Yes,Bank Withdrawal,79.90000153,260.8999939,0,0,8.93999958,269.8399963,Churned,Price,Price too high,1
6166-ILMNY,Female,46,No,Tomales,0,2,Yes,No,Yes,Fiber Optic,No,No,No,No,No,No,No,Yes,Month-to-Month,No,Bank Withdrawal,69.75,144.5500031,0,0,52.88000107,197.4299927,Churned,Competitor,Competitor had better devices,1
6168-WFVVF,Female,69,No,San Diego,0,3,Yes,No,Yes,Fiber Optic,No,No,No,No,No,No,No,Yes,Month-to-Month,Yes,Bank Withdrawal,70.30000305,235.5,0,0,16.62000084,252.1199951,Churned,Competitor,Competitor made better offer,1
6172-FECYY,Male,55,Yes,Antioch,1,49,Yes,Yes,Yes,Fiber Optic,No,No,No,No,Yes,No,No,Yes,Month-to-Month,No,Bank Withdrawal,84.5,4254.850098,0,0,1940.400024,6195.25,Churned,Competitor,Competitor offered more data,1
6173-ITPWD,Male,26,Yes,Heber,1,47,Yes,Yes,Yes,Fiber Optic,No,Yes,Yes,No,No,No,Yes,No,Month-to-Month,Yes,Bank Withdrawal,83.34999847,4065,0,140,824.3800049,5029.379883,Churned,Dissatisfaction,Product dissatisfaction,1
6178-KFNHS,Female,34,No,Hughson,0,12,Yes,Yes,Yes,Fiber Optic,Yes,No,No,No,No,No,No,Yes,Month-to-Month,Yes,Bank Withdrawal,78.30000305,909.25,0,0,429.6000061,1338.849976,Churned,Competitor,Competitor offered higher download speeds,1
6179-GJPSO,Female,67,No,Escondido,0,43,Yes,No,Yes,Fiber Optic,Yes,Yes,No,Yes,Yes,Yes,No,Yes,Month-to-Month,Yes,Credit Card,108.1500015,4600.700195,0,0,1368.689941,5969.390137,Churned,Competitor,Competitor made better offer,1
6198-ZFIOJ,Female,50,No,Willits,0,5,Yes,Yes,Yes,Fiber Optic,No,No,No,No,No,No,No,No,Month-to-Month,No,Bank Withdrawal,75.59999847,402.5,0,10,96.5,509,Stayed,Others,Others,1
6204-IEUXJ,Female,30,No,Yorba Linda,0,3,Yes,No,Yes,Fiber Optic,No,No,Yes,Yes,No,No,No,Yes,Month-to-Month,No,Credit Card,80.09999847,217.5500031,0,0,122.0100021,339.5599976,Churned,Attitude,Attitude of service provider,1
6207-WIOLX,Female,27,Yes,Avalon,6,25,No,No,Yes,DSL,Yes,Yes,Yes,No,Yes,Yes,Yes,Yes,Month-to-Month,Yes,Credit Card,58.59999847,1502.650024,4.480000019,0,0,1498.170044,Churned,Attitude,Attitude of support person,1
6210-KBBPI,Male,67,No,West Covina,0,9,Yes,Yes,Yes,Fiber Optic,No,Yes,No,No,Yes,Yes,No,Yes,Month-to-Month,Yes,Credit Card,99.44999695,919.4000244,0,0,95.94000244,1015.340027,Churned,Competitor,Competitor had better devices,1
6212-ATMLK,Female,42,No,Rancho Cucamonga,0,50,Yes,Yes,Yes,Fiber Optic,No,No,No,No,Yes,Yes,Yes,No,Month-to-Month,Yes,Bank Withdrawal,95.69999695,4729.75,0,140,2457,7326.75,Stayed,Others,Others,1
6214-EDAKZ,Female,32,Yes,Elverta,1,22,Yes,No,Yes,DSL,No,Yes,No,Yes,No,No,No,No,Month-to-Month,No,Bank Withdrawal,55.15000153,1206.050049,0,30,115.7200012,1351.77002,Churned,Dissatisfaction,Service dissatisfaction,1
6221-AVQYL,Male,37,No,Glendale,0,2,Yes,Yes,Yes,Fiber Optic,No,No,No,No,No,No,No,Yes,Month-to-Month,Yes,Credit Card,73.25,131.0500031,0,0,5.920000076,136.9700012,Churned,Price,Price too high,1
6230-BSUXY,Female,71,No,Paramount,0,1,Yes,No,Yes,Fiber Optic,No,No,Yes,No,No,Yes,No,Yes,Month-to-Month,Yes,Bank Withdrawal,85,85,0,0,42.5,127.5,Churned,Dissatisfaction,Network reliability,1
6235-VDHOM,Female,77,No,Riverside,0,5,No,No,Yes,DSL,No,Yes,No,No,No,No,No,Yes,Month-to-Month,No,Bank Withdrawal,28.45000076,131.0500031,0,0,0,131.0500031,Churned,Dissatisfaction,Limited range of services,1
6240-EURKS,Female,27,No,Plymouth,0,18,No,No,Yes,DSL,No,No,No,No,No,Yes,Yes,No,Month-to-Month,Yes,Bank Withdrawal,35,553,0,70,0,623,Churned,Competitor,Competitor offered more data,1
6261-RCVNS,Female,22,No,Rodeo,0,42,Yes,No,Yes,DSL,Yes,Yes,Yes,Yes,No,Yes,Yes,Yes,One Year,No,Credit Card,73.90000153,3160.550049,0,0,241.5,3402.050049,Churned,Price,Price too high,1
6270-OMFIW,Male,33,Yes,Valley Springs,9,60,Yes,No,Yes,Cable,No,Yes,No,No,Yes,Yes,Yes,Yes,One Year,Yes,Bank Withdrawal,94.40000153,5610.25,0,0,2844,8454.25,Churned,Attitude,Attitude of support person,1
6275-YDUVO,Female,62,No,Orosi,0,2,Yes,No,Yes,Fiber Optic,No,No,Yes,No,No,Yes,Yes,Yes,Month-to-Month,Yes,Mailed Check,-5,178.6999969,0,0,48.09999847,226.8000031,Churned,Attitude,Attitude of service provider,1
6284-AHOOQ,Male,71,No,Avenal,0,22,Yes,Yes,Yes,Fiber Optic,No,No,No,Yes,Yes,No,No,Yes,Month-to-Month,Yes,Bank Withdrawal,90.5,1910.599976,0,0,1014.419983,2925.02002,Churned,Other,Don't know,1
6298-QDFNH,Male,48,No,Banning,0,22,Yes,Yes,Yes,Fiber Optic,No,Yes,No,No,No,No,No,Yes,Month-to-Month,Yes,Bank Withdrawal,79.34999847,1730.349976,0,0,422.1799927,2152.530029,Churned,Dissatisfaction,Product dissatisfaction,1
6302-JGYRJ,Male,37,No,Chico,0,31,Yes,Yes,Yes,DSL,No,Yes,No,Yes,Yes,Yes,Yes,Yes,One Year,Yes,Mailed Check,79.44999695,2587.699951,0,0,208.0099945,2795.709961,Churned,Dissatisfaction,Product dissatisfaction,1
6304-IJFSQ,Male,63,No,Calipatria,0,3,Yes,No,Yes,Cable,No,Yes,No,No,No,No,No,Yes,Month-to-Month,Yes,Credit Card,49.90000153,130.1000061,0,0,139.7100067,269.8099976,Churned,Other,Moved,1
6305-YLBMM,Male,50,No,Hood,0,69,Yes,No,Yes,Fiber Optic,No,Yes,Yes,Yes,Yes,Yes,Yes,Yes,One Year,Yes,Bank Withdrawal,104.0500031,7262,0,0,173.8800049,7435.879883,Churned,Attitude,Attitude of service provider,1
6311-UEUME,Female,37,No,Los Angeles,0,29,Yes,No,Yes,Fiber Optic,No,No,No,No,Yes,No,No,Yes,Month-to-Month,Yes,Bank Withdrawal,78.90000153,2384.149902,0,0,1285.569946,3669.719971,Churned,Price,Extra data charges,1
6313-GIDIT,Male,73,No,Point Arena,0,53,No,No,Yes,DSL,No,Yes,Yes,No,Yes,Yes,No,Yes,Month-to-Month,Yes,Bank Withdrawal,54.45000076,2854.550049,20.15999985,0,0,2834.389893,Churned,Price,Price too high,1
6317-YPKDH,Female,54,No,Glendale,0,1,No,No,Yes,DSL,No,Yes,No,No,No,No,No,Yes,Month-to-Month,No,Bank Withdrawal,29.95000076,29.95000076,0,0,0,29.95000076,Churned,Competitor,Competitor had better devices,1
6319-IEJWJ,Male,63,Yes,Camarillo,1,20,Yes,No,Yes,Fiber Optic,No,No,No,No,Yes,Yes,Yes,Yes,Month-to-Month,Yes,Bank Withdrawal,90.19999695,1776.550049,0,0,993.7999878,2770.350098,Churned,Other,Moved,1
6323-AYBRX,Male,51,No,Ontario,0,59,Yes,No,No,,No,No,No,No,No,No,No,No,Two Year,No,Credit Card,19.35000038,1099.599976,14.22000027,0,1571.170044,2656.550049,Churned,Price,Price too high,1
6326-MTTXK,Male,56,No,Yuba City,0,8,Yes,Yes,Yes,Fiber Optic,No,Yes,No,No,Yes,Yes,Yes,Yes,Month-to-Month,No,Bank Withdrawal,100.8499985,819.5499878,0,0,26.15999985,845.710022,Churned,Attitude,Attitude of service provider,1
6328-ZPBGN,Female,67,No,Riverbank,0,11,Yes,Yes,Yes,Fiber Optic,No,No,No,No,Yes,Yes,Yes,Yes,Month-to-Month,Yes,Bank Withdrawal,95.15000153,997.6500244,0,0,39.81999969,1037.469971,Churned,Price,Extra data charges,1
6331-EWIEB,Male,49,No,El Monte,0,20,Yes,Yes,Yes,Fiber Optic,No,No,No,No,Yes,No,No,Yes,Month-to-Month,Yes,Bank Withdrawal,85.25,1734.5,0,0,27.20000076,1761.699951,Churned,Other,Moved,1
6338-AVWCY,Male,19,No,Escondido,0,3,No,No,Yes,DSL,No,No,Yes,No,Yes,No,No,Yes,Month-to-Month,Yes,Mailed Check,40.15000153,130.75,0,0,0,130.75,Churned,Competitor,Competitor made better offer,1
6345-ULYRW,Male,68,Yes,Laguna Beach,1,44,Yes,Yes,Yes,Cable,No,Yes,No,No,No,Yes,Yes,Yes,One Year,No,Credit Card,88.40000153,3912.899902,0,0,1083.280029,4996.180176,Churned,Competitor,Competitor made better offer,1
6347-DCUIK,Male,28,No,Los Angeles,0,10,Yes,Yes,Yes,Fiber Optic,No,No,No,No,No,No,Yes,Yes,Month-to-Month,Yes,Credit Card,74.15000153,811.7999878,0,0,292.3999939,1104.199951,Churned,Attitude,Attitude of support person,1
6352-TWCAU,Female,32,No,San Diego,0,35,Yes,Yes,Yes,Fiber Optic,No,No,No,No,Yes,No,No,Yes,Month-to-Month,Yes,Bank Withdrawal,86.44999695,3029.100098,0,0,667.4500122,3696.550049,Churned,Competitor,Competitor made better offer,1
6356-ELRKD,Female,29,No,Rancho Mirage,0,1,Yes,No,Yes,Fiber Optic,Yes,No,No,No,Yes,Yes,Yes,Yes,Month-to-Month,Yes,Bank Withdrawal,95.59999847,95.59999847,0,0,6.670000076,102.2699966,Churned,Other,Don't know,1
6358-LYNGM,Male,26,No,Mariposa,0,1,Yes,Yes,Yes,Fiber Optic,No,No,No,No,No,No,Yes,Yes,Month-to-Month,Yes,Bank Withdrawal,74.90000153,74.90000153,0,0,1.840000033,76.73999786,Churned,Other,Moved,1
6365-MTGZX,Male,44,No,Glendale,0,24,Yes,No,Yes,Fiber Optic,No,No,No,Yes,Yes,Yes,Yes,Yes,Month-to-Month,Yes,Bank Withdrawal,96,2122.449951,0,0,594.2399902,2716.689941,Churned,Competitor,Competitor had better devices,1
6366-ZGQGL,Male,60,No,Pomona,0,1,No,No,Yes,Cable,No,No,No,No,No,No,No,Yes,Month-to-Month,No,Bank Withdrawal,24.79999924,24.79999924,0,0,0,24.79999924,Churned,Dissatisfaction,Service dissatisfaction,1
6372-RFVNS,Female,55,Yes,Placentia,1,1,Yes,No,Yes,Fiber Optic,No,No,No,No,Yes,No,No,Yes,Month-to-Month,No,Bank Withdrawal,78.80000305,78.80000305,0,0,28.04000092,106.8399963,Churned,Attitude,Attitude of service provider,1
6376-GAHQE,Male,48,No,Dutch Flat,0,4,Yes,No,Yes,Fiber Optic,No,No,No,No,Yes,No,No,No,Month-to-Month,No,Bank Withdrawal,77.84999847,299.2000122,0,10,171.1999969,480.3999939,Churned,Other,Don't know,1
6379-RXJRQ,Male,42,Yes,Modesto,1,10,Yes,No,Yes,Fiber Optic,No,No,No,No,No,No,No,Yes,Month-to-Month,Yes,Bank Withdrawal,70.09999847,659.6500244,34.68999863,0,220.3000031,845.2600098,Churned,Dissatisfaction,Network reliability,1
6386-SZZKH,Female,38,Yes,San Diego,1,49,Yes,Yes,Yes,Fiber Optic,No,Yes,Yes,Yes,Yes,Yes,Yes,Yes,Two Year,Yes,Bank Withdrawal,107.9499969,5293.200195,0,0,316.0499878,5609.25,Churned,Competitor,Competitor made better offer,1
6390-DSAZX,Female,21,No,San Diego,0,1,Yes,No,Yes,Fiber Optic,Yes,No,No,No,No,No,Yes,Yes,Month-to-Month,Yes,Credit Card,73.59999847,73.59999847,0,0,6.190000057,79.79000092,Churned,Competitor,Competitor made better offer,1
6393-WRYZE,Female,35,Yes,Bridgeville,1,34,Yes,Yes,Yes,Fiber Optic,No,No,No,No,Yes,Yes,Yes,Yes,Month-to-Month,Yes,Bank Withdrawal,97.65000153,3207.550049,0,0,1473.219971,4680.77002,Churned,Other,Don't know,1
6394-MFYNG,Female,20,No,Solana Beach,0,48,Yes,Yes,Yes,Fiber Optic,No,Yes,Yes,No,Yes,Yes,Yes,Yes,Month-to-Month,Yes,Bank Withdrawal,107.4000015,5121.299805,0,0,249.1199951,5370.419922,Churned,Attitude,Attitude of support person,1
6397-JNZZG,Female,70,Yes,Adin,1,43,No,No,Yes,DSL,No,Yes,Yes,No,Yes,Yes,No,Yes,Month-to-Month,No,Credit Card,55.54999924,2342.199951,0,0,0,2342.199951,Churned,Competitor,Competitor had better devices,1
6400-BWQKW,Female,51,No,San Mateo,0,6,Yes,Yes,Yes,Fiber Optic,Yes,No,No,No,No,No,No,Yes,Month-to-Month,Yes,Bank Withdrawal,79.05000305,434.5,0,0,118.4400024,552.9400024,Churned,Dissatisfaction,Network reliability,1
6402-ZFPPI,Female,75,No,Fair Oaks,0,25,Yes,Yes,Yes,Fiber Optic,Yes,Yes,No,No,Yes,Yes,No,Yes,Month-to-Month,Yes,Credit Card,102.8000031,2660.199951,0,0,912.5,3572.699951,Churned,Price,Price too high,1
6410-LEFEN,Female,38,No,San Diego,0,9,Yes,No,Yes,DSL,No,No,No,No,No,No,No,Yes,Month-to-Month,No,Bank Withdrawal,45.15000153,416.4500122,0,0,140.5800018,557.0300293,Churned,Dissatisfaction,Product dissatisfaction,1
6413-XKKPU,Male,54,Yes,Sierra City,1,17,Yes,No,Yes,Fiber Optic,Yes,No,Yes,No,Yes,No,No,Yes,Month-to-Month,Yes,Bank Withdrawal,89.40000153,1539.449951,0,0,326.230011,1865.680054,Churned,Dissatisfaction,Service dissatisfaction,1
6416-TVAIH,Male,39,Yes,San Francisco,1,1,Yes,No,Yes,Fiber Optic,No,No,No,No,No,No,No,Yes,Month-to-Month,Yes,Bank Withdrawal,68.5,68.5,0,0,30.62000084,99.12000275,Churned,Competitor,Competitor offered more data,1
6416-YJTTB,Male,20,No,Downieville,0,11,Yes,No,Yes,Fiber Optic,Yes,No,Yes,No,No,No,No,Yes,Month-to-Month,Yes,Bank Withdrawal,79.5,795.6500244,0,0,93.27999878,888.9299927,Stayed,Others,Others,1
6424-ELEYH,Female,39,Yes,Lebec,1,3,Yes,Yes,Yes,Fiber Optic,No,No,No,No,No,No,No,Yes,Month-to-Month,Yes,Credit Card,74.75,229.5,0,0,105.5400009,335.0400085,Churned,Competitor,Competitor had better devices,1
6425-YQLLO,Female,68,Yes,Pinole,1,66,Yes,Yes,Yes,Fiber Optic,No,No,Yes,Yes,Yes,Yes,No,Yes,One Year,Yes,Credit Card,105.9499969,6975.25,0,0,1831.5,8806.75,Churned,Other,Don't know,1
6432-TWQLB,Male,51,Yes,Rosemead,1,5,Yes,Yes,Yes,Fiber Optic,No,Yes,No,Yes,No,No,No,Yes,Month-to-Month,Yes,Bank Withdrawal,85.40000153,401.1000061,45.36999893,0,211.4499969,567.1799927,Churned,Dissatisfaction,Network reliability,1
6437-UKHMV,Female,31,No,Moreno Valley,0,7,Yes,No,Yes,Fiber Optic,No,No,No,No,Yes,No,No,Yes,Month-to-Month,Yes,Bank Withdrawal,79.69999695,586.0499878,0,0,202.4400024,788.4899902,Churned,Attitude,Attitude of support person,1
6439-GTPCA,Female,29,No,San Diego,0,45,Yes,Yes,Yes,Cable,No,No,Yes,Yes,No,No,No,Yes,Month-to-Month,Yes,Bank Withdrawal,87.25,3941.699951,0,0,201.6000061,4143.299805,Churned,Competitor,Competitor made better offer,1
6457-GIRWB,Male,57,No,Carlsbad,0,1,Yes,No,Yes,Fiber Optic,No,No,No,No,No,No,No,Yes,Month-to-Month,Yes,Bank Withdrawal,69.34999847,69.34999847,0,0,22.03000069,91.37999725,Churned,Attitude,Attitude of service provider,1
6457-USBER,Male,34,No,San Diego,0,1,Yes,No,Yes,Fiber Optic,No,No,No,No,No,Yes,Yes,Yes,Month-to-Month,Yes,Bank Withdrawal,80.80000305,80.80000305,0,0,41.77000046,122.5699997,Churned,Competitor,Competitor made better offer,1
6467-CHFZW,Male,61,Yes,Los Angeles,1,47,Yes,Yes,Yes,Fiber Optic,No,Yes,No,No,Yes,Yes,Yes,Yes,Month-to-Month,Yes,Bank Withdrawal,99.34999847,4749.149902,0,0,1473.449951,6222.600098,Churned,Competitor,Competitor had better devices,1
6474-FVJLC,Male,61,No,Sherman Oaks,0,2,Yes,Yes,Yes,Fiber Optic,No,No,No,No,No,Yes,Yes,Yes,Month-to-Month,Yes,Bank Withdrawal,86,165.4499969,0,0,86.94000244,252.3899994,Churned,Attitude,Attitude of support person,1
6481-OGDOO,Male,31,Yes,San Diego,1,67,Yes,No,Yes,Fiber Optic,Yes,Yes,No,No,No,Yes,Yes,Yes,One Year,Yes,Credit Card,90.59999847,6056.149902,0,0,2060.25,8116.399902,Churned,Competitor,Competitor made better offer,1
6496-SLWHQ,Male,68,No,Moraga,0,3,Yes,Yes,Yes,Fiber Optic,No,Yes,Yes,No,Yes,Yes,No,Yes,Month-to-Month,Yes,Bank Withdrawal,105,294.4500122,0,0,106.2900009,400.7399902,Churned,Attitude,Attitude of support person,1
6502-HCJTI,Male,78,Yes,Lakewood,0,7,Yes,Yes,Yes,Fiber Optic,Yes,Yes,No,No,No,Yes,Yes,Yes,Month-to-Month,Yes,Credit Card,94.69999695,673.0999756,0,0,67.90000153,741,Churned,Attitude,Attitude of service provider,1
6502-MJQAE,Male,27,No,Escondido,0,1,Yes,No,Yes,Fiber Optic,No,No,No,No,No,No,Yes,Yes,Month-to-Month,Yes,Bank Withdrawal,69.59999847,69.59999847,0,0,46.20999908,115.8099976,Churned,Competitor,Competitor made better offer,1
6513-EECDB,Male,75,Yes,San Francisco,0,1,Yes,Yes,Yes,Fiber Optic,No,No,No,No,No,No,No,Yes,Month-to-Month,Yes,Bank Withdrawal,73.55000305,73.55000305,0,0,36.91999817,110.4700012,Churned,Price,Price too high,1
6518-LGAOV,Female,60,Yes,San Diego,1,38,Yes,Yes,Yes,Fiber Optic,No,No,Yes,Yes,Yes,Yes,Yes,Yes,Month-to-Month,Yes,Bank Withdrawal,105,4026.399902,0,0,725.039978,4751.439941,Churned,Other,Don't know,1
6521-YYTYI,Male,59,No,Navarro,0,1,Yes,Yes,Yes,Fiber Optic,No,No,No,No,Yes,Yes,Yes,Yes,Month-to-Month,Yes,Bank Withdrawal,93.30000305,93.30000305,0,0,7.989999771,101.2900009,Churned,Other,Moved,1
6532-YLWSI,Female,25,Yes,Crescent Mills,1,53,Yes,No,No,,No,No,No,No,No,No,No,No,One Year,No,Bank Withdrawal,20.79999924,1021.799988,0,0,2006.050049,3027.850098,Churned,Price,Price too high,1
6543-CPZMK,Male,32,Yes,Ventura,1,9,No,No,Yes,DSL,No,Yes,No,No,No,No,No,No,Month-to-Month,Yes,Bank Withdrawal,29.95000076,248.9499969,0,10,0,258.9500122,Churned,Competitor,Competitor offered more data,1
6543-XRMYR,Female,73,No,Stockton,0,30,Yes,Yes,Yes,Fiber Optic,No,Yes,No,No,Yes,Yes,No,No,Month-to-Month,Yes,Bank Withdrawal,99.69999695,2967.350098,0,80,1308.300049,4355.649902,Churned,Dissatisfaction,Product dissatisfaction,1
6559-ILWKJ,Male,44,Yes,Fresno,1,71,No,No,Yes,Cable,No,Yes,No,No,Yes,Yes,Yes,No,Two Year,No,Bank Withdrawal,49.34999847,3515.25,0,100,0,3615.25,Churned,Dissatisfaction,Product dissatisfaction,1
6563-VNPMN,Female,80,No,Sylmar,0,45,Yes,No,Yes,Fiber Optic,Yes,Yes,No,Yes,No,No,No,No,Month-to-Month,Yes,Bank Withdrawal,85.69999695,3778.100098,0,50,186.3000031,4014.399902,Stayed,Others,Others,1
6567-HOOPW,Female,69,No,Folsom,0,1,Yes,No,Yes,Fiber Optic,No,No,No,No,Yes,No,No,Yes,Month-to-Month,Yes,Bank Withdrawal,-7,79.19999695,0,0,20.05999947,99.26000214,Churned,Competitor,Competitor made better offer,1
6581-NQCBA,Female,36,Yes,Snelling,1,16,No,No,Yes,DSL,No,No,No,Yes,Yes,Yes,Yes,Yes,Month-to-Month,Yes,Bank Withdrawal,49.95000076,810.2000122,0,0,0,810.2000122,Churned,Other,Don't know,1
6583-QGCSI,Female,79,Yes,Indian Wells,1,50,Yes,Yes,Yes,Fiber Optic,No,Yes,No,No,Yes,No,No,No,Month-to-Month,Yes,Bank Withdrawal,88.05000305,4367.350098,0,100,1856,6323.350098,Churned,Competitor,Competitor made better offer,1
6595-COKXZ,Female,63,No,Plymouth,0,1,Yes,No,Yes,Cable,No,No,No,No,No,No,No,Yes,Month-to-Month,Yes,Mailed Check,44.45000076,44.45000076,0,0,48.31000137,92.76000214,Churned,Attitude,Attitude of service provider,1
6595-YGXIT,Male,71,No,Boulder Creek,0,25,Yes,Yes,Yes,Fiber Optic,No,Yes,No,No,Yes,No,No,Yes,Month-to-Month,Yes,Bank Withdrawal,88.94999695,2291.199951,0,0,1191.5,3482.699951,Churned,Competitor,Competitor made better offer,1
6598-RFFVI,Male,56,No,San Bernardino,0,2,Yes,No,No,,No,No,No,No,No,No,No,No,One Year,No,Credit Card,19.29999924,28.29999924,0,0,31.57999992,59.88000107,Churned,Price,Long distance charges,1
6599-CEBNN,Female,63,No,San Diego,0,34,Yes,No,Yes,Fiber Optic,No,Yes,No,No,No,No,No,Yes,Month-to-Month,Yes,Credit Card,73.94999695,2524.449951,0,0,52.70000076,2577.149902,Churned,Competitor,Competitor made better offer,1
6599-RCLCJ,Male,54,Yes,Fallbrook,1,47,Yes,Yes,Yes,Fiber Optic,No,Yes,Yes,Yes,Yes,Yes,Yes,No,Month-to-Month,Yes,Bank Withdrawal,109.5500031,5124.549805,0,0,358.1400146,5482.689941,Churned,Competitor,Competitor made better offer,1
6608-QQLVK,Male,35,No,Bangor,0,1,Yes,No,Yes,DSL,No,No,Yes,No,No,No,No,Yes,Month-to-Month,Yes,Bank Withdrawal,50.5,50.5,0,0,39.58000183,90.08000183,Churned,Competitor,Competitor made better offer,1
6615-NGGZJ,Male,56,No,Buellton,0,14,Yes,Yes,Yes,Fiber Optic,No,Yes,No,No,Yes,Yes,Yes,Yes,Month-to-Month,Yes,Bank Withdrawal,100.5500031,1415.550049,0,0,517.5800171,1933.130005,Churned,Dissatisfaction,Service dissatisfaction,1
6615-ZGEDR,Male,42,No,Smith River,0,1,Yes,No,No,,No,No,No,No,No,No,No,No,Month-to-Month,No,Mailed Check,19.70000076,19.70000076,0,0,1.909999967,21.61000061,Churned,Attitude,Attitude of service provider,1
6618-RYATB,Female,56,No,North Hollywood,0,1,Yes,Yes,Yes,Fiber Optic,No,No,Yes,No,No,No,No,Yes,Month-to-Month,Yes,Credit Card,79.55000305,79.55000305,0,0,5.099999905,84.65000153,Churned,Price,Price too high,1
6629-CZTTH,Male,62,No,Orange,0,1,Yes,No,Yes,Cable,No,No,No,No,No,Yes,Yes,Yes,Month-to-Month,Yes,Credit Card,55.70000076,55.70000076,0,0,48.22000122,103.9199982,Churned,Dissatisfaction,Product dissatisfaction,1
6633-MPWBS,Male,47,No,Woodland,0,5,Yes,No,Yes,DSL,No,No,No,Yes,No,No,No,Yes,Month-to-Month,Yes,Bank Withdrawal,49.20000076,216.8999939,0,0,36.54999924,253.4499969,Churned,Competitor,Competitor offered more data,1
6646-QVXLR,Male,77,Yes,Napa,1,62,Yes,Yes,Yes,Fiber Optic,No,Yes,Yes,No,Yes,Yes,Yes,Yes,One Year,Yes,Bank Withdrawal,103.75,6383.350098,0,0,440.8200073,6824.169922,Churned,Competitor,Competitor had better devices,1
6646-VRFOL,Male,74,Yes,Larkspur,1,53,Yes,Yes,Yes,Fiber Optic,No,Yes,Yes,No,Yes,Yes,No,Yes,Month-to-Month,Yes,Bank Withdrawal,103.8499985,5485.5,0,0,2086.080078,7571.580078,Churned,Competitor,Competitor had better devices,1
6651-AZVTJ,Male,27,Yes,Pomona,1,49,Yes,Yes,Yes,Fiber Optic,No,No,Yes,No,Yes,Yes,Yes,No,Month-to-Month,Yes,Bank Withdrawal,99.80000305,4872.450195,0,130,2300.060059,7302.509766,Churned,Attitude,Attitude of support person,1
6653-CBBOM,Female,57,No,Compton,0,1,Yes,No,Yes,Fiber Optic,No,No,No,No,No,No,No,Yes,Month-to-Month,Yes,Bank Withdrawal,70.30000305,70.30000305,0,0,15.92000008,86.22000122,Churned,Dissatisfaction,Service dissatisfaction,1
6661-HBGWL,Female,69,No,Mineral,0,42,Yes,Yes,Yes,Fiber Optic,No,Yes,Yes,No,Yes,Yes,No,Yes,Month-to-Month,Yes,Bank Withdrawal,104.75,4323.450195,0,0,681.2399902,5004.689941,Churned,Dissatisfaction,Network reliability,1
6680-NENYN,Female,24,No,San Diego,0,43,Yes,Yes,Yes,Fiber Optic,No,Yes,Yes,No,Yes,Yes,Yes,Yes,Two Year,Yes,Bank Withdrawal,104.5999985,4759.850098,0,0,553.8400269,5313.689941,Churned,Competitor,Competitor made better offer,1
6680-WKXRZ,Female,32,No,Antioch,0,3,Yes,Yes,Yes,Fiber Optic,No,No,No,No,No,No,No,Yes,Month-to-Month,No,Bank Withdrawal,74.40000153,215.8000031,0,0,71.45999908,287.2600098,Churned,Other,Don't know,1
6682-QJDGB,Male,20,No,San Diego,0,40,Yes,No,Yes,DSL,Yes,Yes,No,No,No,No,No,Yes,Month-to-Month,Yes,Mailed Check,55.25,2139.199951,0,0,323.2000122,2462.399902,Churned,Competitor,Competitor made better offer,1
6683-VLCTZ,Male,73,No,San Diego,0,20,Yes,Yes,Yes,Fiber Optic,No,No,Yes,No,Yes,Yes,No,No,Month-to-Month,Yes,Bank Withdrawal,98.55000305,1842.800049,0,120,888.7999878,2851.600098,Churned,Competitor,Competitor made better offer,1
6686-YPGHK,Male,65,No,Long Beach,0,47,Yes,No,Yes,Fiber Optic,Yes,No,No,No,No,Yes,Yes,No,Month-to-Month,No,Credit Card,85.5,4042.300049,0,50,1719.26001,5811.560059,Churned,Other,Moved,1
6688-UZPWD,Female,36,Yes,Palm Springs,1,11,Yes,Yes,Yes,Fiber Optic,No,Yes,No,No,Yes,Yes,Yes,Yes,Month-to-Month,Yes,Bank Withdrawal,102,1145.349976,0,0,86.79000092,1232.140015,Churned,Competitor,Competitor offered more data,1
6689-KXGBO,Female,36,No,San Luis Obispo,0,1,Yes,No,Yes,DSL,No,Yes,No,No,No,No,No,Yes,Month-to-Month,No,Bank Withdrawal,50.54999924,50.54999924,0,0,30.95999908,81.51000214,Churned,Dissatisfaction,Product dissatisfaction,1
6689-TCZHQ,Female,70,No,Claremont,0,5,Yes,No,Yes,Fiber Optic,No,No,No,No,No,Yes,No,Yes,Month-to-Month,No,Bank Withdrawal,78.94999695,378.3999939,0,0,61.34999847,439.75,Churned,Attitude,Attitude of support person,1
6692-UDPJC,Female,61,Yes,South El Monte,1,14,Yes,Yes,Yes,Fiber Optic,No,No,No,Yes,Yes,No,No,Yes,Month-to-Month,Yes,Bank Withdrawal,91.65000153,1301,0,0,127.8199997,1428.819946,Churned,Dissatisfaction,Network reliability,1
6702-OHFWR,Male,75,No,Reseda,0,1,No,No,Yes,DSL,No,Yes,Yes,No,No,Yes,No,Yes,Month-to-Month,Yes,Bank Withdrawal,43.29999924,43.29999924,0,0,0,43.29999924,Churned,Dissatisfaction,Poor expertise of online support,1
6712-OAWRH,Female,79,No,San Bernardino,0,26,Yes,No,Yes,Fiber Optic,No,No,No,No,Yes,Yes,No,Yes,Month-to-Month,Yes,Bank Withdrawal,91.25,2351.800049,0,0,901.9400024,3253.73999,Churned,Attitude,Attitude of support person,1
6715-OFDBP,Male,52,No,Palo Alto,0,5,Yes,No,Yes,DSL,No,No,Yes,No,Yes,Yes,Yes,Yes,Month-to-Month,Yes,Bank Withdrawal,70.05000305,346.3999939,0,0,71.30000305,417.7000122,Churned,Price,Price too high,1
6769-DCQLI,Male,21,No,Pope Valley,0,52,Yes,No,Yes,Fiber Optic,No,Yes,Yes,Yes,Yes,Yes,Yes,Yes,One Year,Yes,Bank Withdrawal,105,5426.850098,0,0,2563.080078,7989.930176,Churned,Other,Don't know,1
6769-DYBQN,Male,77,No,Clearlake,0,46,Yes,No,Yes,Fiber Optic,Yes,No,No,No,No,Yes,Yes,Yes,Month-to-Month,No,Bank Withdrawal,85,3969.399902,0,0,1691.880005,5661.279785,Churned,Attitude,Attitude of support person,1
6770-XUAGN,Female,30,Yes,North Hollywood,1,1,Yes,No,No,,No,No,No,No,No,No,No,No,Month-to-Month,Yes,Bank Withdrawal,21,21,0,0,16.65999985,37.65999985,Churned,Attitude,Attitude of support person,1
6771-XWBDM,Female,47,Yes,White Water,1,57,Yes,Yes,Yes,Fiber Optic,No,Yes,Yes,No,Yes,Yes,Yes,Yes,Month-to-Month,Yes,Credit Card,104.5,5921.350098,0,0,2287.409912,8208.759766,Churned,Dissatisfaction,Product dissatisfaction,1
6772-KSATR,Male,31,No,Eagleville,0,1,Yes,Yes,Yes,Fiber Optic,Yes,No,No,No,No,No,No,Yes,Month-to-Month,Yes,Bank Withdrawal,81.69999695,81.69999695,0,0,9.81000042,91.51000214,Churned,Dissatisfaction,Service dissatisfaction,1
6776-TLWOI,Male,29,No,Livingston,0,3,Yes,No,No,,No,No,No,No,No,No,No,No,Month-to-Month,No,Mailed Check,19.85000038,64.55000305,0,0,96.02999878,160.5800018,Churned,Price,Price too high,1
6777-TGHTM,Female,44,No,San Francisco,0,53,Yes,Yes,Yes,Fiber Optic,Yes,No,Yes,No,Yes,Yes,Yes,Yes,One Year,Yes,Credit Card,106.9499969,5785.5,0,0,1579.400024,7364.899902,Churned,Competitor,Competitor had better devices,1
6797-LNAQX,Male,34,Yes,Poway,1,70,Yes,Yes,Yes,Fiber Optic,No,Yes,No,No,Yes,Yes,Yes,No,Two Year,No,Bank Withdrawal,98.30000305,6859.5,0,20,2071.300049,8950.799805,Churned,Competitor,Competitor had better devices,1
6804-GDMOI,Female,39,No,Brea,0,61,Yes,Yes,Yes,Fiber Optic,No,No,Yes,Yes,Yes,Yes,Yes,Yes,Two Year,Yes,Bank Withdrawal,106.5999985,6428.399902,0,0,2515.030029,8943.429688,Churned,Competitor,Competitor offered more data,1
6821-BUXUX,Female,28,No,Temecula,0,13,Yes,Yes,Yes,Fiber Optic,Yes,Yes,No,No,Yes,No,No,Yes,Month-to-Month,Yes,Bank Withdrawal,96.65000153,1244.5,0,0,221.2599945,1465.76001,Churned,Competitor,Competitor made better offer,1
6825-UYPFK,Female,47,No,Sun City,0,23,Yes,Yes,Yes,Fiber Optic,No,No,No,No,No,No,No,Yes,Month-to-Month,No,Bank Withdrawal,75.59999847,1758.599976,0,0,635.0300293,2393.629883,Churned,Dissatisfaction,Network reliability,1
6833-JMZYP,Female,54,No,Hesperia,0,15,Yes,No,Yes,Fiber Optic,No,No,Yes,No,Yes,Yes,Yes,Yes,Month-to-Month,Yes,Credit Card,94,1505.449951,0,0,229.1999969,1734.650024,Stayed,Others,Others,1
6834-NXDCA,Female,30,No,South Dos Palos,0,13,No,No,Yes,DSL,No,No,No,No,No,No,No,Yes,Month-to-Month,Yes,Bank Withdrawal,23.89999962,300.7999878,0,0,0,300.7999878,Churned,Dissatisfaction,Limited range of services,1
6839-ITVZJ,Female,35,Yes,Los Angeles,1,26,Yes,Yes,Yes,DSL,No,Yes,No,Yes,No,No,No,Yes,Month-to-Month,Yes,Bank Withdrawal,60.04999924,1616.150024,0,0,580.5800171,2196.72998,Churned,Other,Don't know,1
6845-RGTYS,Female,29,Yes,San Diego,1,47,Yes,Yes,Yes,Fiber Optic,Yes,Yes,Yes,No,Yes,No,Yes,Yes,Month-to-Month,Yes,Bank Withdrawal,98.75,4533.700195,0,0,134.8899994,4668.589844,Churned,Competitor,Competitor made better offer,1
6849-OYAMU,Male,56,Yes,Indio,1,19,Yes,No,Yes,Fiber Optic,No,Yes,No,Yes,Yes,Yes,Yes,Yes,One Year,No,Bank Withdrawal,100,1888.650024,0,0,835.0499878,2723.699951,Churned,Competitor,Competitor offered more data,1
6849-WLEYG,Male,43,No,Emeryville,0,1,Yes,No,No,,No,No,No,No,No,No,No,No,Month-to-Month,No,Credit Card,19.75,19.75,0,0,11.90999985,31.65999985,Churned,Attitude,Attitude of support person,1
6857-VWJDT,Female,45,No,Santa Cruz,0,1,Yes,Yes,Yes,Fiber Optic,No,No,No,No,Yes,Yes,Yes,Yes,Month-to-Month,No,Credit Card,95.65000153,95.65000153,0,0,32.33000183,127.9800034,Churned,Attitude,Attitude of service provider,1
6861-OKBCE,Female,62,No,Seal Beach,0,11,Yes,No,No,,No,No,No,No,No,No,No,No,Month-to-Month,No,Credit Card,20.10000038,221.3500061,0,0,363.6600037,585.0100098,Churned,Attitude,Attitude of support person,1
6861-XWTWQ,Male,71,Yes,Napa,1,7,Yes,Yes,Yes,Fiber Optic,No,No,Yes,No,Yes,Yes,Yes,Yes,Month-to-Month,Yes,Bank Withdrawal,99.25,665.4500122,0,0,300.4400024,965.8900146,Churned,Attitude,Attitude of support person,1
6876-ADESB,Male,22,No,Etna,0,1,Yes,No,Yes,Cable,No,No,Yes,No,No,No,Yes,Yes,Month-to-Month,No,Bank Withdrawal,48.95000076,48.95000076,0,0,34.40000153,83.34999847,Churned,Competitor,Competitor offered higher download speeds,1
6877-LGWXO,Male,66,Yes,Pleasanton,1,18,Yes,No,Yes,Fiber Optic,No,No,No,No,No,Yes,No,Yes,Month-to-Month,No,Bank Withdrawal,78.55000305,1422.650024,0,0,89.63999939,1512.290039,Churned,Attitude,Attitude of support person,1
6877-TJMBR,Male,21,Yes,Orinda,1,1,Yes,No,Yes,Fiber Optic,No,No,No,Yes,Yes,No,No,Yes,Month-to-Month,Yes,Bank Withdrawal,84.80000305,84.80000305,0,0,37.83000183,122.6299973,Churned,Dissatisfaction,Network reliability,1
6892-EZDTG,Female,55,Yes,Kings Beach,1,4,Yes,Yes,Yes,Fiber Optic,No,Yes,No,No,Yes,No,No,Yes,Month-to-Month,Yes,Bank Withdrawal,91.65000153,365.3999939,0,0,87.23999786,452.6400146,Churned,Price,Extra data charges,1
6892-XPFPU,Male,70,Yes,Pasadena,3,24,Yes,Yes,Yes,Fiber Optic,No,Yes,Yes,No,Yes,Yes,Yes,Yes,Month-to-Month,Yes,Bank Withdrawal,104.25,2433.899902,0,0,1194.23999,3628.139893,Churned,Competitor,Competitor offered higher download speeds,1
6894-LFHLY,Male,79,No,Escondido,0,1,Yes,Yes,Yes,Fiber Optic,No,No,No,No,No,No,No,Yes,Month-to-Month,Yes,Bank Withdrawal,75.75,75.75,0,0,8.350000381,84.09999847,Churned,Competitor,Competitor made better offer,1
6899-PPEEA,Female,66,No,Vallejo,0,37,Yes,Yes,Yes,Fiber Optic,No,No,No,No,Yes,Yes,No,Yes,Month-to-Month,Yes,Bank Withdrawal,96.55000305,3580.300049,0,0,122.0999985,3702.399902,Churned,Attitude,Attitude of service provider,1
6900-PXRMS,Male,72,Yes,Spring Valley,0,26,Yes,Yes,Yes,Fiber Optic,No,Yes,Yes,No,Yes,Yes,Yes,No,Month-to-Month,No,Bank Withdrawal,105.75,2710.25,0,90,32.75999832,2833.01001,Churned,Dissatisfaction,Product dissatisfaction,1
6905-NIQIN,Male,26,No,San Diego,0,1,Yes,No,Yes,DSL,No,Yes,No,No,No,No,Yes,Yes,Month-to-Month,No,Credit Card,50.65000153,50.65000153,0,0,14.77999973,65.43000031,Churned,Competitor,Competitor made better offer,1
6907-NZZIJ,Female,54,No,Santa Monica,0,36,Yes,Yes,Yes,Fiber Optic,No,Yes,No,No,Yes,Yes,Yes,No,Month-to-Month,Yes,Bank Withdrawal,99.15000153,3615.600098,0,30,480.6000061,4126.200195,Churned,Competitor,Competitor had better devices,1
6910-HADCM,Female,63,No,Long Beach,0,1,Yes,No,Yes,Cable,No,No,Yes,No,No,No,No,Yes,Month-to-Month,No,Bank Withdrawal,76.34999847,76.34999847,0,0,7.260000229,83.61000061,Churned,Attitude,Attitude of support person,1
6923-EFPNL,Male,39,No,Silverado,0,4,Yes,Yes,Yes,DSL,No,No,No,No,No,No,No,Yes,Month-to-Month,No,Credit Card,51.75,201.1000061,0,0,39.91999817,241.0200043,Churned,Competitor,Competitor had better devices,1
6927-WTFIV,Male,78,No,Redwood City,0,20,Yes,No,Yes,Fiber Optic,No,No,No,No,No,No,No,Yes,Month-to-Month,No,Credit Card,71.30000305,1389.199951,0,0,114.1999969,1503.400024,Churned,Attitude,Attitude of service provider,1
6941-PMGEP,Female,26,No,Novato,0,5,Yes,No,Yes,Fiber Optic,No,No,No,No,No,Yes,Yes,No,Month-to-Month,Yes,Bank Withdrawal,80,412.5,40,10,219.9499969,602.4500122,Churned,Competitor,Competitor made better offer,1
6946-LMSQS,Male,80,Yes,Temecula,3,25,Yes,Yes,Yes,Fiber Optic,Yes,No,No,No,No,Yes,No,Yes,One Year,Yes,Bank Withdrawal,89.05000305,2177.449951,0,0,840.75,3018.199951,Churned,Competitor,Competitor made better offer,1
6956-SMUCM,Female,29,No,Miranda,0,3,Yes,No,Yes,Fiber Optic,Yes,No,Yes,No,Yes,Yes,Yes,No,Month-to-Month,Yes,Credit Card,99,287.3999939,0,10,100.1699982,397.5700073,Churned,Competitor,Competitor offered higher download speeds,1
6959-UWKHF,Male,47,No,Alpaugh,0,1,Yes,No,Yes,Cable,No,No,No,No,No,No,No,Yes,Month-to-Month,Yes,Bank Withdrawal,42.90000153,42.90000153,0,0,4.019999981,46.91999817,Churned,Competitor,Competitor had better devices,1
6960-HVYXR,Female,20,No,Rio Linda,0,1,Yes,Yes,Yes,Fiber Optic,No,No,No,No,No,No,No,Yes,Month-to-Month,No,Bank Withdrawal,76,76,0,0,35.00999832,111.0100021,Churned,Competitor,Competitor made better offer,1
6961-VCPMC,Male,71,Yes,North Palm Springs,1,46,Yes,No,Yes,Fiber Optic,No,No,No,No,No,Yes,No,No,Month-to-Month,Yes,Bank Withdrawal,80.40000153,3605.199951,0,20,2236.52002,5861.720215,Churned,Competitor,Competitor offered more data,1
6979-ZNSFF,Female,48,No,Pollock Pines,0,8,Yes,Yes,Yes,Fiber Optic,No,No,No,No,Yes,No,No,Yes,Month-to-Month,Yes,Bank Withdrawal,87.05000305,762.0999756,0,0,364.7200012,1126.819946,Churned,Price,Price too high,1
6982-SSHFK,Male,45,No,Fresno,0,1,Yes,No,Yes,DSL,No,No,No,No,No,No,No,Yes,Month-to-Month,No,Mailed Check,44.40000153,44.40000153,0,0,32.43999863,76.83999634,Churned,Competitor,Competitor had better devices,1
6982-UQZLY,Female,80,Yes,Los Alamos,1,1,Yes,No,No,,No,No,No,No,No,No,No,No,Month-to-Month,Yes,Credit Card,20.85000038,20.85000038,0,0,22.86000061,43.70999908,Churned,Attitude,Attitude of support person,1
6986-IJDHX,Male,29,Yes,Huntington Beach,5,39,Yes,No,Yes,Fiber Optic,No,Yes,No,No,Yes,No,No,Yes,Month-to-Month,Yes,Credit Card,86.30000305,3266,0,0,1569.75,4835.75,Churned,Competitor,Competitor had better devices,1
6986-IXNDM,Male,47,No,Three Rivers,0,14,Yes,No,Yes,Fiber Optic,No,No,No,No,Yes,Yes,Yes,Yes,Month-to-Month,Yes,Bank Withdrawal,92.90000153,1337.449951,0,0,389.2000122,1726.650024,Stayed,Others,Others,1
6987-XQSJT,Female,68,No,Blue Lake,0,54,Yes,Yes,Yes,Fiber Optic,No,Yes,No,No,No,No,No,Yes,Month-to-Month,Yes,Bank Withdrawal,79.5,4370.25,0,0,2471.580078,6841.830078,Churned,Attitude,Attitude of support person,1
6990-YNRIO,Male,53,Yes,Agoura Hills,0,65,Yes,Yes,Yes,Fiber Optic,Yes,No,Yes,Yes,Yes,Yes,Yes,Yes,Two Year,No,Bank Withdrawal,108.6500015,6937.950195,0,0,2722.199951,9660.150391,Churned,Attitude,Attitude of support person,1
6993-OHLXR,Female,26,No,Walnut Creek,0,2,Yes,No,Yes,Fiber Optic,No,No,No,No,No,No,Yes,Yes,Month-to-Month,No,Bank Withdrawal,68.94999695,119.75,0,0,61.45999908,181.2100067,Churned,Competitor,Competitor had better devices,1
6996-KNSML,Female,26,No,Cotati,0,1,Yes,No,Yes,Fiber Optic,No,No,Yes,No,No,No,No,Yes,Month-to-Month,Yes,Bank Withdrawal,74.90000153,74.90000153,0,0,35.25,110.1500015,Churned,Competitor,Competitor had better devices,1
7000-WCEVQ,Female,67,No,Wrightwood,0,20,Yes,Yes,Yes,DSL,No,No,No,No,No,Yes,No,Yes,Month-to-Month,Yes,Credit Card,61.59999847,1174.349976,0,0,542.2000122,1716.550049,Churned,Price,Long distance charges,1
7005-CCBKV,Male,53,No,Thornton,0,6,Yes,No,Yes,Fiber Optic,No,Yes,No,No,No,Yes,Yes,Yes,Month-to-Month,Yes,Bank Withdrawal,84.40000153,556.3499756,0,0,131.8200073,688.1699829,Churned,Dissatisfaction,Service dissatisfaction,1
7016-BPGEU,Female,53,No,Dunsmuir,0,29,No,No,Yes,Cable,No,No,No,No,No,No,No,Yes,Month-to-Month,Yes,Credit Card,25.10000038,712.8499756,0,0,0,712.8499756,Churned,Competitor,Competitor offered higher download speeds,1
7024-OHCCK,Female,77,No,Sheridan,0,2,Yes,Yes,Yes,Fiber Optic,No,No,No,No,Yes,Yes,No,Yes,Month-to-Month,Yes,Bank Withdrawal,93.84999847,170.8500061,0,0,38.54000092,209.3899994,Churned,Dissatisfaction,Poor expertise of online support,1
7028-DVOIQ,Male,71,No,Birds Landing,0,35,Yes,Yes,Yes,Fiber Optic,No,No,Yes,No,Yes,Yes,No,No,Month-to-Month,Yes,Bank Withdrawal,99.05000305,3395.800049,0,120,729.0499878,4244.850098,Churned,Other,Don't know,1
7029-RPUAV,Male,74,Yes,Los Gatos,1,17,Yes,Yes,Yes,Cable,No,No,Yes,No,Yes,Yes,No,Yes,Month-to-Month,Yes,Credit Card,100.4499969,1622.449951,0,0,479.0599976,2101.51001,Churned,Competitor,Competitor offered more data,1
7054-LGEQW,Female,23,No,Canyon Country,0,1,Yes,No,Yes,DSL,No,No,No,No,No,No,Yes,Yes,Month-to-Month,No,Credit Card,45.95000076,45.95000076,0,0,5.119999886,51.06999969,Churned,Attitude,Attitude of support person,1
7056-IMHCC,Male,69,Yes,Torrance,1,53,Yes,Yes,Yes,Fiber Optic,No,Yes,No,No,Yes,Yes,No,Yes,Month-to-Month,Yes,Bank Withdrawal,101.9000015,5549.399902,0,0,420.8200073,5970.220215,Churned,Price,Price too high,1
7065-YUNRY,Female,28,No,San Diego,0,1,Yes,No,Yes,Cable,No,No,No,No,No,No,Yes,Yes,Month-to-Month,Yes,Mailed Check,45.29999924,45.29999924,0,0,39.93999863,85.23999786,Churned,Competitor,Competitor made better offer,1
7074-IEVOJ,Female,75,No,San Francisco,0,3,Yes,Yes,Yes,Fiber Optic,No,Yes,No,No,No,No,No,Yes,Month-to-Month,Yes,Bank Withdrawal,79.40000153,205.0500031,0,0,125.6999969,330.75,Churned,Dissatisfaction,Product dissatisfaction,1
7079-QRCBC,Female,35,No,Sacramento,0,24,Yes,Yes,Yes,Fiber Optic,No,No,Yes,No,Yes,Yes,Yes,Yes,Month-to-Month,Yes,Bank Withdrawal,98.75,2407.300049,0,0,904.5599976,3311.860107,Churned,Competitor,Competitor had better devices,1
7083-YNSKY,Female,22,No,Lodi,0,15,Yes,Yes,No,,No,No,No,No,No,No,No,No,Month-to-Month,Yes,Credit Card,25.39999962,399.6000061,0,0,687.5999756,1087.199951,Churned,Attitude,Attitude of support person,1
7089-IVVAZ,Female,26,No,Cantua Creek,0,8,Yes,Yes,Yes,Fiber Optic,Yes,No,No,Yes,Yes,Yes,Yes,Yes,Month-to-Month,Yes,Bank Withdrawal,103.3499985,847.2999878,0,0,157.4400024,1004.73999,Churned,Competitor,Competitor offered more data,1
7112-OPOTK,Male,37,No,Fort Bidwell,0,33,Yes,No,Yes,Fiber Optic,No,No,No,No,No,No,No,Yes,Month-to-Month,No,Bank Withdrawal,68.25,2171.149902,0,0,951.7199707,3122.870117,Churned,Attitude,Attitude of support person,1
7120-RFMVS,Male,31,No,Isleton,0,1,Yes,Yes,Yes,Fiber Optic,No,No,No,No,Yes,No,No,Yes,Month-to-Month,No,Bank Withdrawal,84.5,84.5,0,0,6.889999866,91.38999939,Churned,Price,Price too high,1
7124-UGSUR,Female,77,Yes,Los Angeles,1,61,Yes,Yes,Yes,Fiber Optic,No,Yes,Yes,No,Yes,Yes,No,Yes,One Year,Yes,Credit Card,104.4000015,6405,0,0,2141.709961,8546.709961,Churned,Competitor,Competitor had better devices,1
7130-VTEWQ,Female,74,No,San Rafael,0,8,Yes,Yes,Yes,Fiber Optic,No,No,No,No,No,No,No,Yes,Month-to-Month,Yes,Bank Withdrawal,75.75,606.25,0,0,110.4000015,716.6500244,Churned,Competitor,Competitor offered more data,1
7136-RVDTZ,Male,79,No,Portola Valley,0,70,No,No,Yes,DSL,No,No,No,No,Yes,Yes,No,Yes,One Year,Yes,Bank Withdrawal,45.25,3264.449951,0,0,0,3264.449951,Churned,Attitude,Attitude of service provider,1
7137-RYLPP,Male,75,Yes,Paskenta,1,37,Yes,Yes,Yes,Fiber Optic,No,No,No,No,Yes,No,No,Yes,Month-to-Month,Yes,Bank Withdrawal,85.69999695,3171.149902,0,0,1724.569946,4895.720215,Churned,Competitor,Competitor offered higher download speeds,1
7142-HVGBG,Male,73,Yes,Mount Laguna,1,43,Yes,Yes,Yes,Fiber Optic,No,Yes,Yes,No,Yes,Yes,No,Yes,Month-to-Month,Yes,Bank Withdrawal,103,4414.299805,0,0,749.4899902,5163.790039,Churned,Competitor,Competitor had better devices,1
7153-OANIO,Male,48,No,Mendocino,0,1,Yes,No,Yes,Fiber Optic,No,No,No,No,No,No,No,Yes,Month-to-Month,No,Bank Withdrawal,69.94999695,69.94999695,0,0,27.57999992,97.52999878,Churned,Other,Moved,1
7156-MHUGY,Male,68,No,Buena Park,0,13,Yes,No,Yes,Fiber Optic,No,No,No,No,Yes,Yes,Yes,No,Month-to-Month,Yes,Bank Withdrawal,90.5,1201.150024,29.84000015,140,339.4299927,1650.73999,Churned,Competitor,Competitor had better devices,1
7180-PISOG,Male,41,Yes,Piru,0,1,Yes,Yes,Yes,Fiber Optic,No,No,No,No,No,No,No,Yes,Month-to-Month,Yes,Bank Withdrawal,74.5,74.5,0,0,36.43999863,110.9400024,Churned,Attitude,Attitude of service provider,1
7181-BQYBV,Female,52,Yes,Garden Grove,1,1,Yes,Yes,Yes,Fiber Optic,Yes,No,Yes,No,Yes,Yes,Yes,Yes,Month-to-Month,Yes,Bank Withdrawal,102.4499969,102.4499969,0,0,25.87999916,128.3300018,Churned,Attitude,Attitude of service provider,1
7198-GLXTC,Male,33,No,La Palma,0,2,Yes,No,Yes,Fiber Optic,No,No,No,No,Yes,No,No,Yes,Month-to-Month,No,Bank Withdrawal,79,143.6499939,0,0,97.31999969,240.9700012,Churned,Attitude,Attitude of support person,1
7206-GZCDC,Female,75,No,Loleta,0,1,Yes,No,Yes,Cable,No,No,No,No,No,No,No,Yes,Month-to-Month,Yes,Bank Withdrawal,69.25,69.25,0,0,29.68000031,98.93000031,Churned,Attitude,Attitude of support person,1
7207-RMRDB,Female,20,Yes,Santa Barbara,7,65,Yes,Yes,Yes,Fiber Optic,No,Yes,Yes,No,Yes,Yes,Yes,Yes,Month-to-Month,Yes,Bank Withdrawal,105.5,6985.649902,0,0,2219.100098,9204.75,Churned,Competitor,Competitor had better devices,1
7209-JCUDS,Male,25,No,Stockton,0,10,Yes,No,Yes,Fiber Optic,No,No,Yes,No,Yes,Yes,Yes,Yes,Month-to-Month,Yes,Bank Withdrawal,94.90000153,1048.849976,0,0,402.2000122,1451.050049,Churned,Competitor,Competitor had better devices,1
7216-EWTRS,Female,78,Yes,Newport Beach,4,1,Yes,Yes,Yes,Fiber Optic,No,No,Yes,No,Yes,Yes,No,Yes,Month-to-Month,Yes,Bank Withdrawal,100.8000031,100.8000031,0,0,17.35000038,118.1500015,Churned,Attitude,Attitude of service provider,1
7218-HKQFK,Male,49,Yes,Homeland,4,2,Yes,No,Yes,Fiber Optic,No,No,No,Yes,Yes,Yes,Yes,Yes,Month-to-Month,Yes,Bank Withdrawal,94.19999695,167.5,0,0,37.58000183,205.0800018,Churned,Other,Don't know,1
7228-OMTPN,Male,32,No,Santa Barbara,0,4,Yes,No,Yes,Fiber Optic,No,No,No,No,Yes,Yes,Yes,Yes,Month-to-Month,Yes,Bank Withdrawal,88.44999695,370.6499939,0,0,196.5599976,567.210022,Churned,Other,Don't know,1
7234-FECYN,Female,78,No,San Gabriel,0,8,Yes,Yes,Yes,Fiber Optic,No,No,Yes,No,Yes,Yes,No,Yes,Month-to-Month,No,Bank Withdrawal,101.3499985,780.5,0,0,351.8399963,1132.339966,Churned,Attitude,Attitude of support person,1
7235-NXZCP,Male,79,No,Hornbrook,0,2,Yes,Yes,Yes,Fiber Optic,No,No,No,No,No,No,No,Yes,Month-to-Month,Yes,Mailed Check,74.84999847,156.3999939,0,0,90.81999969,247.2200012,Churned,Competitor,Competitor made better offer,1
7239-HZZCX,Male,21,No,Lancaster,0,1,Yes,No,No,,No,No,No,No,No,No,No,No,Month-to-Month,No,Credit Card,19.75,19.75,0,0,29.32999992,49.08000183,Churned,Competitor,Competitor made better offer,1
7240-ETPTR,Female,51,Yes,Pope Valley,1,9,No,No,Yes,DSL,No,No,Yes,No,Yes,Yes,Yes,No,Month-to-Month,Yes,Bank Withdrawal,48.75,442.2000122,0,10,0,452.2000122,Churned,Price,Lack of affordable download/upload speed,1
7240-FQLHE,Female,68,Yes,San Diego,1,18,Yes,Yes,Yes,Fiber Optic,No,No,No,Yes,Yes,Yes,No,Yes,Month-to-Month,No,Bank Withdrawal,99.75,1836.25,0,0,454.8599854,2291.110107,Churned,Attitude,Attitude of support person,1
7242-QZLXF,Male,20,No,San Diego,0,1,No,No,Yes,Cable,No,No,No,No,No,No,No,No,Month-to-Month,Yes,Bank Withdrawal,25.29999924,25.29999924,0,10,0,35.29999924,Churned,Competitor,Competitor made better offer,1
7248-VZQLC,Female,78,No,Concord,0,47,Yes,Yes,Yes,Fiber Optic,No,Yes,Yes,No,No,No,No,Yes,Month-to-Month,Yes,Bank Withdrawal,85.19999695,3969.350098,0,0,791.0100098,4760.359863,Churned,Price,Price too high,1
7249-WBIYX,Male,63,Yes,Elmira,1,10,Yes,Yes,Yes,Cable,No,No,No,No,Yes,No,No,Yes,Month-to-Month,Yes,Bank Withdrawal,85.59999847,813.8499756,0,0,301,1114.849976,Churned,Competitor,Competitor offered more data,1
7250-EQKIY,Female,47,Yes,Escondido,1,1,Yes,No,Yes,DSL,No,No,Yes,No,No,No,No,Yes,Month-to-Month,No,Mailed Check,50.45000076,50.45000076,0,0,9.729999542,60.18000031,Churned,Competitor,Competitor made better offer,1
7253-UVNDW,Female,52,No,Santa Barbara,0,46,Yes,No,Yes,DSL,No,No,Yes,Yes,No,No,No,Yes,Two Year,No,Credit Card,54.34999847,2460.149902,0,0,2079.199951,4539.350098,Churned,Dissatisfaction,Network reliability,1
7254-IQWOZ,Male,30,No,Redding,0,1,Yes,No,Yes,Fiber Optic,No,No,No,No,No,No,No,Yes,Month-to-Month,Yes,Bank Withdrawal,69.65000153,69.65000153,0,0,28.70000076,98.34999847,Churned,Dissatisfaction,Network reliability,1
7270-BDIOA,Female,60,No,Maxwell,0,22,Yes,Yes,Yes,Fiber Optic,No,No,No,Yes,Yes,No,No,Yes,Month-to-Month,Yes,Bank Withdrawal,-2,1993.800049,0,0,268.1799927,2261.97998,Churned,Dissatisfaction,Limited range of services,1
7271-AJDTL,Female,64,Yes,Sacramento,1,55,Yes,Yes,Yes,Fiber Optic,No,Yes,Yes,No,Yes,No,No,Yes,Month-to-Month,Yes,Credit Card,94.44999695,5073.100098,0,0,1903.550049,6976.649902,Stayed,Others,Others,1
7273-TEFQD,Male,67,No,La Puente,0,3,No,No,Yes,DSL,No,No,Yes,No,No,Yes,Yes,Yes,Month-to-Month,Yes,Bank Withdrawal,41.15000153,132.1999969,0,0,0,132.1999969,Churned,Price,Long distance charges,1
7274-RTAPZ,Male,20,No,Long Beach,0,1,Yes,No,Yes,Fiber Optic,No,No,No,No,Yes,Yes,Yes,Yes,Month-to-Month,Yes,Bank Withdrawal,90.55000305,90.55000305,0,0,7.150000095,97.69999695,Churned,Dissatisfaction,Product dissatisfaction,1
7294-TMAOP,Female,30,No,Castro Valley,0,1,Yes,No,Yes,Fiber Optic,No,No,No,No,Yes,Yes,Yes,No,Month-to-Month,No,Bank Withdrawal,90.55000305,90.55000305,0,60,15.43999958,165.9900055,Churned,Competitor,Competitor made better offer,1
7295-JOMMD,Female,34,No,San Jose,0,4,Yes,No,Yes,Fiber Optic,No,No,Yes,Yes,Yes,Yes,Yes,Yes,Month-to-Month,Yes,Bank Withdrawal,98.09999847,396.2999878,0,0,22.52000046,418.8200073,Churned,Competitor,Competitor made better offer,1
7314-OXENN,Male,42,No,Temecula,0,2,Yes,Yes,Yes,Fiber Optic,No,Yes,No,No,No,No,No,Yes,Month-to-Month,Yes,Bank Withdrawal,82,184.6499939,0,0,82.36000061,267.0100098,Churned,Competitor,Competitor made better offer,1
7317-GGVPB,Male,57,Yes,Lotus,1,71,Yes,Yes,Yes,Fiber Optic,No,Yes,Yes,Yes,Yes,Yes,Yes,No,Two Year,Yes,Credit Card,108.5999985,7690.899902,0,20,408.9599915,8119.859863,Churned,Dissatisfaction,Product dissatisfaction,1
7321-PKUYW,Female,46,No,Branscomb,0,11,Yes,Yes,Yes,Cable,No,No,No,Yes,Yes,No,No,Yes,Month-to-Month,No,Bank Withdrawal,90.15000153,987.9500122,0,0,245.9600067,1233.910034,Churned,Competitor,Competitor had better devices,1
7330-WZLNC,Female,25,No,Red Bluff,0,5,Yes,Yes,Yes,Fiber Optic,No,Yes,No,No,Yes,No,Yes,Yes,Month-to-Month,Yes,Bank Withdrawal,90.80000305,455.5,0,0,7.449999809,462.9500122,Churned,Competitor,Competitor offered more data,1
7341-LXCAF,Male,24,Yes,Berkeley,8,4,Yes,Yes,Yes,Fiber Optic,No,No,No,No,No,No,No,Yes,Month-to-Month,Yes,Bank Withdrawal,74.65000153,301.3999939,0,0,194.5599976,495.9599915,Churned,Dissatisfaction,Product dissatisfaction,1
7359-PTSXY,Male,36,No,Tustin,0,1,Yes,No,Yes,DSL,No,No,No,No,No,No,No,Yes,Month-to-Month,No,Bank Withdrawal,45.75,45.75,0,0,24.23999977,69.98999786,Churned,Attitude,Attitude of support person,1
7359-SSBJK,Female,80,No,Whittier,0,64,Yes,No,Yes,DSL,Yes,Yes,No,Yes,Yes,No,No,Yes,Two Year,Yes,Credit Card,70.19999695,4481,0,0,1863.680054,6344.680176,Churned,Price,Lack of affordable download/upload speed,1
7377-DMMRI,Male,35,No,Exeter,0,2,Yes,No,Yes,DSL,Yes,No,No,No,No,No,No,Yes,Month-to-Month,Yes,Bank Withdrawal,47.79999924,92.44999695,0,0,27.45999908,119.9100037,Churned,Attitude,Attitude of support person,1
7379-POKDZ,Male,31,Yes,Lancaster,1,3,Yes,No,Yes,Fiber Optic,No,No,No,No,No,No,No,Yes,Month-to-Month,Yes,Bank Withdrawal,70.30000305,208.8500061,0,0,80.12999725,288.980011,Churned,Competitor,Competitor had better devices,1
7384-GHBPI,Male,61,Yes,San Dimas,1,3,No,No,Yes,Cable,No,No,No,No,No,Yes,Yes,Yes,Month-to-Month,Yes,Bank Withdrawal,35.15000153,99.75,0,0,0,99.75,Churned,Attitude,Attitude of support person,1
7394-FKDNK,Female,62,Yes,San Diego,3,9,Yes,No,Yes,Fiber Optic,No,No,No,No,Yes,Yes,Yes,Yes,Month-to-Month,No,Bank Withdrawal,89.44999695,853.0999756,0,0,238.5899963,1091.689941,Churned,Competitor,Competitor made better offer,1
7395-IGJOS,Male,70,Yes,Quincy,1,17,Yes,No,Yes,Fiber Optic,No,No,No,No,No,Yes,No,Yes,Month-to-Month,No,Bank Withdrawal,81.5,1329.199951,0,0,161.5,1490.699951,Churned,Competitor,Competitor made better offer,1
7401-RUBNK,Female,25,Yes,South Dos Palos,1,18,Yes,No,Yes,Fiber Optic,Yes,No,No,No,No,No,No,Yes,Month-to-Month,No,Bank Withdrawal,74.80000305,1438.050049,0,0,779.2199707,2217.27002,Stayed,Others,Others,1
7409-KIUTL,Female,80,No,Escondido,0,1,Yes,No,Yes,Fiber Optic,No,No,No,No,No,No,No,Yes,Month-to-Month,Yes,Bank Withdrawal,71,71,0,0,28.63999939,99.63999939,Churned,Competitor,Competitor made better offer,1
7410-KTVFV,Male,53,Yes,Grimes,1,18,Yes,No,Yes,DSL,No,No,Yes,No,No,No,No,Yes,Month-to-Month,Yes,Mailed Check,49.54999924,878.3499756,0,0,342.8999939,1221.25,Churned,Competitor,Competitor had better devices,1
7410-YTJIK,Female,35,No,Eureka,0,7,Yes,Yes,Yes,Fiber Optic,No,No,No,No,No,No,No,Yes,Month-to-Month,No,Credit Card,75.44999695,480.75,0,0,126.6999969,607.4500122,Churned,Competitor,Competitor had better devices,1
7421-ZLUPA,Female,57,No,Hanford,0,8,No,No,Yes,DSL,No,Yes,No,No,No,No,No,Yes,Month-to-Month,Yes,Credit Card,29.25,226.9499969,0,0,0,226.9499969,Stayed,Others,Others,1
7434-SHXLS,Female,21,No,Wallace,0,1,Yes,No,No,,No,No,No,No,No,No,No,No,Month-to-Month,No,Mailed Check,20.89999962,20.89999962,0,0,15.72999954,36.63000107,Churned,Competitor,Competitor made better offer,1
7450-NWRTR,Male,76,No,San Diego,0,12,Yes,Yes,Yes,Fiber Optic,No,No,Yes,No,Yes,Yes,No,Yes,Month-to-Month,Yes,Bank Withdrawal,99.44999695,1200.150024,0,0,262.6799927,1462.829956,Churned,Competitor,Competitor made better offer,1
7479-NITWS,Male,35,No,Green Valley Lake,0,7,Yes,Yes,Yes,Fiber Optic,No,No,Yes,No,Yes,No,No,No,Month-to-Month,Yes,Credit Card,89.34999847,631.8499756,0,60,257.8800049,949.7299805,Churned,Price,Price too high,1
7480-QNVZJ,Male,65,No,Los Angeles,0,50,Yes,Yes,Yes,Fiber Optic,No,No,No,No,Yes,Yes,Yes,Yes,Month-to-Month,Yes,Bank Withdrawal,95.69999695,4816.700195,0,0,946,5762.700195,Churned,Dissatisfaction,Network reliability,1
7481-ATQQS,Female,76,No,Boulder Creek,0,49,Yes,Yes,Yes,Fiber Optic,No,No,Yes,No,No,Yes,No,Yes,Month-to-Month,Yes,Credit Card,90.84999847,4515.850098,0,0,2199.120117,6714.970215,Churned,Attitude,Attitude of support person,1
7483-IQWIB,Male,33,Yes,Morongo Valley,1,37,Yes,Yes,Yes,Fiber Optic,No,Yes,Yes,No,Yes,No,No,Yes,Month-to-Month,Yes,Bank Withdrawal,92.94999695,3415.25,0,0,1438.930054,4854.180176,Stayed,Others,Others,1
7488-MXJIV,Female,63,No,Armona,0,4,Yes,Yes,Yes,Fiber Optic,No,No,No,No,Yes,No,No,No,Month-to-Month,Yes,Bank Withdrawal,85.65000153,321.6499939,0,10,173.2799988,504.9299927,Churned,Competitor,Competitor had better devices,1
7493-TPUWZ,Male,64,No,Diamond Springs,0,1,Yes,Yes,Yes,Fiber Optic,No,Yes,No,No,No,No,No,Yes,Month-to-Month,Yes,Bank Withdrawal,79.15000153,79.15000153,0,0,24.47999954,103.6299973,Churned,Competitor,Competitor had better devices,1
7495-OOKFY,Female,74,Yes,Los Angeles,1,8,Yes,Yes,Yes,Fiber Optic,No,Yes,No,No,No,No,No,Yes,Month-to-Month,Yes,Credit Card,80.65000153,633.2999878,0,0,390.7999878,1024.099976,Churned,Competitor,Competitor made better offer,1
7503-QQRVF,Male,74,Yes,San Jose,1,16,Yes,No,Yes,Fiber Optic,No,Yes,No,No,No,No,No,Yes,Month-to-Month,Yes,Credit Card,74.30000305,1178.25,0,0,417.9200134,1596.170044,Churned,Competitor,Competitor had better devices,1
7503-ZGUZJ,Male,25,No,Riverside,0,1,Yes,Yes,Yes,Fiber Optic,No,No,No,No,Yes,No,No,No,Month-to-Month,Yes,Mailed Check,84.65000153,84.65000153,0,40,22.29999924,146.9499969,Churned,Dissatisfaction,Lack of self-service on Website,1
7508-MYBOG,Male,20,Yes,Patterson,1,14,Yes,Yes,Yes,Fiber Optic,No,No,No,No,Yes,No,No,Yes,Month-to-Month,Yes,Bank Withdrawal,86.09999847,1235.550049,0,0,101.6399994,1337.189941,Churned,Competitor,Competitor had better devices,1
7511-YMXVQ,Male,54,No,Lynwood,0,9,No,No,Yes,Cable,No,No,No,No,Yes,Yes,Yes,No,Month-to-Month,Yes,Bank Withdrawal,45.40000153,418.7999878,0,20,0,438.7999878,Churned,Competitor,Competitor had better devices,1
7517-SAWMO,Female,31,Yes,Granada Hills,1,19,Yes,No,Yes,Fiber Optic,Yes,No,No,No,No,No,No,Yes,Month-to-Month,Yes,Bank Withdrawal,73.19999695,1441.099976,0,0,489.25,1930.349976,Churned,Attitude,Attitude of support person,1
7526-BEZQB,Male,39,No,Lawndale,0,12,Yes,Yes,Yes,Cable,No,No,No,No,Yes,Yes,Yes,Yes,Month-to-Month,Yes,Bank Withdrawal,96.05000305,1148.099976,0,0,536.5200195,1684.619995,Churned,Attitude,Attitude of support person,1
7534-BFESC,Male,69,No,San Diego,0,24,Yes,Yes,Yes,Fiber Optic,No,No,No,No,No,No,No,Yes,Month-to-Month,Yes,Bank Withdrawal,76.09999847,1712.699951,0,0,740.8800049,2453.580078,Churned,Competitor,Competitor made better offer,1
7538-GWHML,Female,52,No,Lemon Cove,0,2,Yes,No,Yes,Fiber Optic,No,No,No,No,No,No,No,Yes,Month-to-Month,No,Bank Withdrawal,69.65000153,145.1499939,0,0,15.27999973,160.4299927,Churned,Competitor,Competitor made better offer,1
7541-YLXCL,Male,25,No,Pomona,0,36,Yes,No,Yes,Cable,No,Yes,No,Yes,No,Yes,Yes,Yes,One Year,Yes,Credit Card,65.40000153,2498.399902,0,0,954.3599854,3452.76001,Churned,Other,Don't know,1
7547-EKNFS,Male,37,Yes,Caspar,1,42,Yes,Yes,Yes,Fiber Optic,No,Yes,Yes,No,Yes,No,No,Yes,Month-to-Month,Yes,Bank Withdrawal,95.25,3959.350098,27.29999924,0,766.9199829,4698.970215,Churned,Attitude,Attitude of service provider,1
7548-SEPYI,Female,62,No,Temecula,0,5,Yes,No,Yes,Fiber Optic,No,Yes,No,No,Yes,Yes,Yes,Yes,Month-to-Month,Yes,Bank Withdrawal,96.25,512.4500122,0,0,160.6000061,673.0499878,Churned,Competitor,Competitor made better offer,1
7549-MYGPK,Female,48,Yes,Mountain View,3,63,Yes,Yes,Yes,Fiber Optic,Yes,Yes,Yes,No,Yes,No,No,No,Month-to-Month,Yes,Bank Withdrawal,100.5500031,6215.350098,0,0,565.7399902,6781.089844,Churned,Price,Price too high,1
7551-DACSP,Male,49,Yes,Hat Creek,1,6,Yes,No,Yes,DSL,No,Yes,Yes,No,No,No,No,Yes,Month-to-Month,Yes,Mailed Check,55.29999924,324.25,0,0,11.15999985,335.4100037,Churned,Competitor,Competitor made better offer,1
7551-JOHTI,Female,54,No,Malibu,0,1,Yes,No,No,,No,No,No,No,No,No,No,No,Month-to-Month,No,Credit Card,-10,19.5,0,0,32.45000076,51.95000076,Churned,Attitude,Attitude of support person,1
7563-BIUPC,Male,30,No,San Diego,0,5,Yes,No,Yes,Fiber Optic,No,No,No,No,Yes,No,No,No,Month-to-Month,Yes,Bank Withdrawal,80.59999847,415.5499878,36.43999863,40,28.89999962,448.0100098,Churned,Competitor,Competitor made better offer,1
7568-PODML,Male,34,No,Watsonville,0,1,No,No,Yes,DSL,No,No,No,No,Yes,Yes,Yes,Yes,Month-to-Month,Yes,Mailed Check,45.29999924,45.29999924,0,0,0,45.29999924,Churned,Competitor,Competitor had better devices,1
7571-YXDAD,Female,37,No,Davis,0,2,Yes,Yes,Yes,Fiber Optic,No,No,No,No,No,No,No,Yes,Month-to-Month,No,Credit Card,74.90000153,147.1499939,0,0,76.55999756,223.7100067,Churned,Price,Long distance charges,1
7576-OYWBN,Male,71,No,San Mateo,0,3,Yes,Yes,Yes,Fiber Optic,No,No,No,No,No,No,No,Yes,Month-to-Month,Yes,Bank Withdrawal,76.05000305,231.8000031,0,0,90.75,322.5499878,Churned,Competitor,Competitor had better devices,1
7579-OOPEC,Female,75,Yes,Pala,1,2,Yes,No,Yes,DSL,No,Yes,No,No,No,No,No,Yes,Month-to-Month,No,Credit Card,50.15000153,115.0999985,0,0,13.72000027,128.8200073,Churned,Competitor,Competitor had better devices,1
7580-UGXNC,Female,73,No,Culver City,0,2,Yes,No,Yes,DSL,Yes,Yes,No,No,No,No,No,Yes,Month-to-Month,No,Credit Card,54.84999847,104.1999969,0,0,51.47999954,155.6799927,Churned,Price,Extra data charges,1
7587-RZNME,Male,23,No,Valencia,0,3,Yes,No,Yes,DSL,No,No,No,No,No,No,Yes,Yes,Month-to-Month,Yes,Bank Withdrawal,43.29999924,123.6500015,0,0,146.5200043,270.1700134,Churned,Price,Lack of affordable download/upload speed,1
7593-JNWRU,Male,61,Yes,Fremont,5,6,Yes,No,Yes,DSL,No,No,No,No,No,No,No,Yes,Month-to-Month,Yes,Bank Withdrawal,44.59999847,260.7999878,0,0,295.2000122,556,Churned,Price,Extra data charges,1
7593-XFKDI,Male,39,No,Los Angeles,0,1,Yes,No,Yes,DSL,No,No,No,No,No,No,No,Yes,Month-to-Month,No,Credit Card,-4,46.29999924,0,0,48.22000122,94.51999664,Churned,Price,Extra data charges,1
7594-RQHXR,Female,20,No,Covina,0,1,Yes,No,Yes,Fiber Optic,No,No,No,No,No,Yes,Yes,Yes,Month-to-Month,Yes,Bank Withdrawal,79.59999847,79.59999847,0,0,21.71999931,101.3199997,Churned,Other,Deceased,1
7595-EUIVN,Female,53,No,Clearlake,0,1,Yes,No,Yes,Fiber Optic,No,Yes,No,No,No,No,No,Yes,Month-to-Month,No,Bank Withdrawal,75.80000305,75.80000305,0,0,14.47999954,90.27999878,Churned,Competitor,Competitor had better devices,1
7598-UAASY,Male,19,Yes,Marshall,1,2,Yes,No,Yes,Fiber Optic,No,No,Yes,No,No,No,No,Yes,Month-to-Month,No,Bank Withdrawal,76.40000153,151.8000031,0,0,41,192.8000031,Churned,Competitor,Competitor had better devices,1
7599-FKVXZ,Male,54,Yes,South Pasadena,1,42,Yes,Yes,Yes,Fiber Optic,No,No,Yes,Yes,Yes,Yes,Yes,Yes,Month-to-Month,Yes,Bank Withdrawal,106.1500015,4512.700195,0,0,101.2200012,4613.919922,Churned,Other,Don't know,1
7603-USHJS,Male,27,No,San Gabriel,0,12,Yes,Yes,Yes,Fiber Optic,No,No,No,No,No,No,Yes,Yes,Month-to-Month,Yes,Credit Card,73.75,871.4000244,0,0,179.5200043,1050.920044,Churned,Attitude,Attitude of support person,1
7613-LLQFO,Male,41,No,Amador City,0,12,Yes,Yes,Yes,Fiber Optic,No,No,No,No,Yes,No,No,Yes,Month-to-Month,Yes,Bank Withdrawal,84.44999695,1059.550049,0,0,148.3200073,1207.869995,Churned,Dissatisfaction,Limited range of services,1
7614-QVWQL,Male,57,Yes,Costa Mesa,2,49,No,No,Yes,DSL,No,Yes,No,No,Yes,Yes,Yes,No,One Year,Yes,Bank Withdrawal,51.79999924,2541.25,0,50,0,2591.25,Churned,Other,Moved,1
7615-ESMYF,Female,23,Yes,San Diego,1,2,No,No,Yes,Cable,No,No,No,No,Yes,Yes,Yes,Yes,Month-to-Month,No,Bank Withdrawal,44.59999847,97.09999847,0,0,0,97.09999847,Churned,Competitor,Competitor made better offer,1
7619-ODSGN,Male,63,Yes,Foothill Ranch,1,24,Yes,Yes,Yes,DSL,Yes,No,No,No,No,No,No,Yes,Month-to-Month,No,Bank Withdrawal,54.75,1338.150024,0,0,414.480011,1752.630005,Churned,Attitude,Attitude of support person,1
7623-TRNQN,Male,34,No,Jackson,0,1,Yes,No,Yes,DSL,No,No,No,Yes,No,No,No,Yes,Month-to-Month,Yes,Mailed Check,49.90000153,49.90000153,0,0,39.59999847,89.5,Churned,Price,Extra data charges,1
7625-XCQRH,Female,48,No,Strathmore,0,11,Yes,Yes,Yes,Fiber Optic,No,No,No,No,No,No,No,Yes,Month-to-Month,Yes,Bank Withdrawal,76.5,837.9500122,0,0,171.6000061,1009.549988,Churned,Dissatisfaction,Network reliability,1
7627-JKIAZ,Female,62,Yes,San Jose,0,37,Yes,Yes,Yes,Fiber Optic,No,No,Yes,No,No,No,No,Yes,Month-to-Month,Yes,Credit Card,78.94999695,2839.649902,0,0,1387.130005,4226.779785,Churned,Competitor,Competitor offered higher download speeds,1
7632-MNYOY,Male,69,No,Tahoe Vista,0,66,Yes,Yes,Yes,Fiber Optic,No,Yes,Yes,Yes,Yes,Yes,No,Yes,One Year,No,Credit Card,110.9000015,7432.049805,0,0,653.4000244,8085.450195,Churned,Attitude,Attitude of service provider,1
7638-QVMVY,Female,63,No,Visalia,0,7,Yes,No,Yes,Fiber Optic,No,No,No,No,Yes,No,No,Yes,Month-to-Month,Yes,Bank Withdrawal,79,522.9500122,0,0,182.6300049,705.5800171,Churned,Attitude,Attitude of support person,1
7639-SUPCW,Female,32,No,Glen Ellen,0,22,Yes,No,Yes,DSL,Yes,No,No,No,No,No,No,No,Month-to-Month,Yes,Credit Card,48.79999924,1054.599976,0,20,86.90000153,1161.5,Churned,Competitor,Competitor made better offer,1
7641-EUYET,Male,76,Yes,Tranquillity,3,46,Yes,Yes,Yes,Fiber Optic,Yes,Yes,Yes,No,Yes,No,No,Yes,Month-to-Month,Yes,Bank Withdrawal,100.6999969,4541.200195,46.63999939,0,2259.060059,6753.620117,Churned,Dissatisfaction,Product dissatisfaction,1
7660-HDPJV,Female,51,No,Long Beach,0,1,Yes,No,Yes,Fiber Optic,No,No,No,No,No,No,No,Yes,Month-to-Month,Yes,Bank Withdrawal,69.19999695,69.19999695,0,0,10.07999992,79.27999878,Churned,Dissatisfaction,Poor expertise of online support,1
7663-RGWBC,Male,44,No,Los Angeles,0,1,Yes,No,Yes,DSL,No,No,No,No,No,No,No,Yes,Month-to-Month,Yes,Credit Card,44.15000153,44.15000153,0,0,8.770000458,52.91999817,Churned,Other,Don't know,1
7665-TOALD,Female,25,No,Temecula,0,1,Yes,No,Yes,Fiber Optic,No,No,No,No,No,No,Yes,Yes,Month-to-Month,Yes,Bank Withdrawal,69.59999847,69.59999847,0,0,14.18999958,83.79000092,Churned,Competitor,Competitor made better offer,1
7675-OZCZG,Female,76,No,Fallbrook,0,3,Yes,No,Yes,DSL,No,No,No,No,No,No,No,No,Month-to-Month,No,Bank Withdrawal,45,127.0999985,0,10,90.41999817,227.5200043,Churned,Competitor,Competitor made better offer,1
7683-CBDKJ,Male,42,Yes,Palmdale,1,14,Yes,No,Yes,Cable,Yes,Yes,No,No,Yes,No,No,Yes,Month-to-Month,Yes,Bank Withdrawal,65.44999695,937.5999756,0,0,638.4000244,1576,Churned,Competitor,Competitor had better devices,1
7693-LCKZL,Male,57,Yes,Julian,1,5,Yes,Yes,Yes,Fiber Optic,No,Yes,No,No,No,No,No,Yes,Month-to-Month,Yes,Bank Withdrawal,80.15000153,385,0,0,57.70000076,442.7000122,Churned,Competitor,Competitor had better devices,1
7694-VLBWQ,Male,61,Yes,Coronado,4,67,Yes,Yes,Yes,Fiber Optic,No,Yes,Yes,No,Yes,Yes,Yes,Yes,One Year,No,Bank Withdrawal,104.0999985,7040.850098,0,0,548.0599976,7588.910156,Churned,Dissatisfaction,Product dissatisfaction,1
7703-ZEKEF,Male,47,No,Heber,0,23,Yes,Yes,Yes,Fiber Optic,No,No,Yes,No,No,No,No,Yes,Month-to-Month,Yes,Bank Withdrawal,81,1917.099976,0,0,430.1000061,2347.199951,Churned,Competitor,Competitor offered more data,1
7716-YTYHG,Female,41,Yes,Oxnard,1,48,Yes,Yes,Yes,Fiber Optic,No,No,No,No,No,Yes,Yes,Yes,One Year,Yes,Mailed Check,82.05000305,4029.949951,0,0,1149.599976,5179.549805,Churned,Competitor,Competitor offered higher download speeds,1
7730-IUTDZ,Male,63,No,Chatsworth,0,43,Yes,No,Yes,Fiber Optic,Yes,No,No,No,No,No,No,Yes,Month-to-Month,Yes,Bank Withdrawal,75.19999695,3198.600098,0,0,1462,4660.600098,Churned,Dissatisfaction,Network reliability,1
7734-DBOAI,Female,42,Yes,Pope Valley,1,1,No,No,Yes,DSL,No,No,No,Yes,Yes,No,No,No,Month-to-Month,No,Bank Withdrawal,40.09999847,40.09999847,0,10,0,50.09999847,Churned,Attitude,Attitude of support person,1
7739-LAXOG,Female,51,Yes,Sacramento,1,32,Yes,Yes,Yes,Fiber Optic,No,No,Yes,No,No,Yes,Yes,No,Month-to-Month,Yes,Bank Withdrawal,91.05000305,2954.5,0,70,1501.439941,4525.939941,Churned,Competitor,Competitor offered more data,1
7743-EXURX,Male,47,Yes,Glendale,1,8,Yes,No,Yes,DSL,No,No,Yes,No,No,No,No,Yes,Month-to-Month,Yes,Bank Withdrawal,51.04999924,415.0499878,0,0,30.79999924,445.8500061,Churned,Dissatisfaction,Product dissatisfaction,1
7752-XUSCI,Female,20,No,Crestline,0,60,Yes,Yes,Yes,Fiber Optic,No,Yes,Yes,No,Yes,Yes,Yes,Yes,Month-to-Month,Yes,Bank Withdrawal,105.9000015,6396.450195,0,0,642,7038.450195,Churned,Other,Don't know,1
7758-XKCBS,Male,56,No,Reseda,0,15,No,No,Yes,DSL,No,No,No,Yes,No,No,No,No,Month-to-Month,Yes,Bank Withdrawal,29.70000076,438.25,0,90,0,528.25,Churned,Competitor,Competitor offered more data,1
7760-OYPDY,Female,32,No,Los Angeles,0,2,Yes,No,Yes,Fiber Optic,No,No,No,No,Yes,No,No,No,Month-to-Month,Yes,Bank Withdrawal,80.65000153,144.1499939,0,20,11.69999981,175.8500061,Churned,Competitor,Competitor had better devices,1
7767-UXAGJ,Male,37,No,Colfax,0,1,Yes,Yes,Yes,Cable,No,No,No,No,No,No,No,Yes,Month-to-Month,Yes,Bank Withdrawal,50.45000076,50.45000076,0,0,28.25,78.69999695,Churned,Competitor,Competitor made better offer,1
7776-QWNFX,Male,71,Yes,Chino,1,30,Yes,No,Yes,DSL,No,Yes,No,No,No,No,No,Yes,Month-to-Month,Yes,Bank Withdrawal,50.40000153,1527.5,0,0,139.5,1667,Churned,Attitude,Attitude of support person,1
7779-LGOVN,Male,74,Yes,Paskenta,2,10,Yes,Yes,Yes,Cable,No,No,No,No,No,Yes,No,Yes,Month-to-Month,Yes,Bank Withdrawal,86.65000153,856.6500244,0,0,465,1321.650024,Churned,Dissatisfaction,Limited range of services,1
7780-OTDSO,Male,51,Yes,Covelo,1,18,Yes,Yes,Yes,Fiber Optic,Yes,No,No,No,Yes,Yes,Yes,Yes,Month-to-Month,Yes,Bank Withdrawal,99.40000153,1742.949951,0,0,203.3999939,1946.349976,Churned,Attitude,Attitude of support person,1
7783-YKGDV,Female,49,No,March Air Reserve Base,0,12,Yes,Yes,Yes,Fiber Optic,Yes,Yes,Yes,No,No,Yes,Yes,Yes,Month-to-Month,Yes,Bank Withdrawal,99.69999695,1238.449951,0,0,192.8399963,1431.290039,Churned,Price,Lack of affordable download/upload speed,1
7786-WBJYI,Female,31,No,San Diego,0,4,Yes,Yes,Yes,Fiber Optic,No,Yes,No,No,No,No,No,Yes,Month-to-Month,No,Bank Withdrawal,77.94999695,305.5499878,0,0,123.8000031,429.3500061,Churned,Competitor,Competitor made better offer,1
7812-FZHPE,Female,31,Yes,Bradley,1,17,Yes,Yes,No,,No,No,No,No,No,No,No,No,Month-to-Month,No,Credit Card,24.10000038,409.8999939,0,0,310.4200134,720.3200073,Churned,Price,Long distance charges,1
7817-BOQPW,Female,32,No,Rio Dell,0,2,Yes,Yes,Yes,Fiber Optic,No,No,No,No,No,No,No,Yes,Month-to-Month,Yes,Bank Withdrawal,75.55000305,166.3000031,0,0,82.73999786,249.0399933,Churned,Competitor,Competitor made better offer,1
7825-ECJRF,Female,43,No,Santa Clarita,0,19,Yes,No,Yes,Fiber Optic,Yes,No,Yes,Yes,Yes,Yes,Yes,No,Month-to-Month,Yes,Bank Withdrawal,106.5999985,1934.449951,21.71999931,40,538.6500244,2491.379883,Churned,Dissatisfaction,Network reliability,1
7825-GKXMW,Female,41,No,San Diego,0,1,Yes,No,Yes,DSL,No,No,No,No,No,No,No,No,Month-to-Month,No,Bank Withdrawal,-9,45.79999924,0,10,22.11000061,77.91000366,Churned,Competitor,Competitor made better offer,1
7831-QGOXH,Female,27,No,Blue Lake,0,18,Yes,Yes,Yes,Fiber Optic,No,No,No,No,Yes,No,Yes,Yes,Month-to-Month,Yes,Bank Withdrawal,85.19999695,1553.900024,0,0,439.2000122,1993.099976,Churned,Other,Don't know,1
7839-QRKXN,Female,62,No,Glendale,0,1,Yes,No,No,,No,No,No,No,No,No,No,No,Month-to-Month,Yes,Credit Card,20.20000076,20.20000076,0,0,48.25,68.44999695,Churned,Price,Long distance charges,1
7841-TZDMQ,Male,19,No,Sun Valley,0,2,Yes,No,Yes,DSL,No,No,No,No,No,No,Yes,Yes,Month-to-Month,Yes,Credit Card,-7,84.5,0,0,99.62000275,184.1199951,Churned,Other,Don't know,1
7845-URHJN,Female,24,Yes,Hacienda Heights,1,8,Yes,No,No,,No,No,No,No,No,No,No,No,Month-to-Month,No,Bank Withdrawal,20.14999962,156.25,0,0,90.80000305,247.0500031,Churned,Price,Price too high,1
7851-FLGGQ,Male,49,No,Wheatland,0,1,No,No,Yes,Cable,No,Yes,No,Yes,No,Yes,Yes,Yes,Month-to-Month,Yes,Mailed Check,44.65000153,44.65000153,0,0,0,44.65000153,Churned,Competitor,Competitor had better devices,1
7851-WZEKY,Female,32,No,Stockton,0,2,Yes,Yes,Yes,Fiber Optic,No,No,No,No,Yes,Yes,Yes,Yes,Month-to-Month,Yes,Bank Withdrawal,95.15000153,196.8999939,0,0,77.01999664,273.9200134,Churned,Competitor,Competitor made better offer,1
7853-GVUDZ,Female,55,Yes,Los Angeles,1,1,Yes,No,No,,No,No,No,No,No,No,No,No,Month-to-Month,Yes,Credit Card,20.14999962,20.14999962,0,0,3.089999914,23.23999977,Churned,Price,Long distance charges,1
7854-EDSSA,Male,46,No,Santa Rosa,0,22,Yes,Yes,Yes,Cable,Yes,Yes,No,No,No,No,No,Yes,Month-to-Month,No,Bank Withdrawal,59,1254.699951,0,0,1087.459961,2342.159912,Churned,Dissatisfaction,Poor expertise of online support,1
7854-EKTJL,Female,31,No,Salinas,0,2,Yes,No,No,,No,No,No,No,No,No,No,No,Month-to-Month,Yes,Bank Withdrawal,19.60000038,35.84999847,0,0,59.61999893,95.47000122,Churned,Attitude,Attitude of support person,1
7854-FOKSF,Male,54,No,Rosamond,0,1,No,No,Yes,Cable,No,No,No,No,No,Yes,Yes,Yes,Month-to-Month,No,Bank Withdrawal,35.90000153,35.90000153,0,0,0,35.90000153,Churned,Competitor,Competitor offered higher download speeds,1
7858-GTZSP,Female,33,No,San Lucas,0,12,Yes,Yes,Yes,Fiber Optic,No,No,No,No,No,Yes,Yes,No,Month-to-Month,Yes,Bank Withdrawal,86.55000305,1066.900024,0,110,225,1401.900024,Stayed,Others,Others,1
7861-UVUFT,Female,36,Yes,Sloughhouse,1,15,Yes,No,Yes,Cable,No,No,Yes,No,Yes,No,No,Yes,Month-to-Month,Yes,Bank Withdrawal,84.30000305,1308.400024,0,0,424.5,1732.900024,Churned,Competitor,Competitor had better devices,1
7881-EVUAD,Female,49,No,Oroville,0,2,No,No,Yes,DSL,Yes,Yes,No,No,No,Yes,Yes,Yes,Month-to-Month,Yes,Bank Withdrawal,42.59999847,72.40000153,0,0,0,72.40000153,Churned,Competitor,Competitor offered more data,1
7881-INRLC,Male,34,No,San Mateo,0,45,Yes,Yes,Yes,Fiber Optic,No,Yes,No,No,Yes,Yes,Yes,Yes,Month-to-Month,Yes,Credit Card,100.8499985,4740,0,0,635.4000244,5375.399902,Churned,Competitor,Competitor offered more data,1
7890-VYYWG,Male,67,Yes,Sutter,1,3,No,No,Yes,DSL,No,No,No,No,Yes,No,No,Yes,Month-to-Month,Yes,Credit Card,36.45000076,93.69999695,0,0,0,93.69999695,Churned,Competitor,Competitor had better devices,1
7892-POOKP,Female,23,Yes,Los Angeles,0,28,Yes,Yes,Yes,Fiber Optic,No,No,Yes,Yes,Yes,Yes,Yes,Yes,Month-to-Month,Yes,Bank Withdrawal,104.8000031,3046.050049,0,0,136.9199982,3182.969971,Churned,Other,Moved,1
7893-IXHRQ,Male,53,No,Sacramento,0,1,Yes,No,No,,No,No,No,No,No,No,No,No,Month-to-Month,No,Bank Withdrawal,20.54999924,20.54999924,0,0,15.90999985,36.45999908,Churned,Attitude,Attitude of service provider,1
7903-CMPEY,Male,78,Yes,Corte Madera,1,1,Yes,Yes,Yes,Fiber Optic,Yes,No,No,No,No,No,No,Yes,Month-to-Month,Yes,Bank Withdrawal,80.30000305,80.30000305,0,0,17.51000023,97.80999756,Churned,Competitor,Competitor had better devices,1
7908-QCBCA,Female,47,Yes,Atwater,1,1,Yes,No,Yes,Fiber Optic,No,No,No,No,No,No,No,No,Month-to-Month,Yes,Mailed Check,69.40000153,69.40000153,0,10,33.45999908,112.8600006,Churned,Competitor,Competitor had better devices,1
7912-SYRQT,Female,35,No,Los Angeles,0,7,Yes,Yes,Yes,Fiber Optic,No,No,No,No,No,No,No,Yes,Month-to-Month,Yes,Bank Withdrawal,75.09999847,552.9500122,0,0,132.9299927,685.8800049,Churned,Competitor,Competitor offered more data,1
7927-AUXBZ,Female,45,No,Sun City,0,30,Yes,No,Yes,Fiber Optic,No,No,No,Yes,Yes,No,No,Yes,Month-to-Month,No,Bank Withdrawal,85.15000153,2555.899902,0,0,280.2000122,2836.100098,Churned,Attitude,Attitude of support person,1
7931-PXHFC,Male,46,No,Duarte,0,38,Yes,No,Yes,Cable,No,No,Yes,Yes,No,Yes,Yes,Yes,One Year,Yes,Credit Card,62.29999924,2354.800049,0,0,1755.97998,4110.779785,Churned,Dissatisfaction,Poor expertise of phone support,1
7932-WPTDS,Female,77,Yes,San Diego,1,1,No,No,Yes,DSL,No,No,No,No,No,No,No,Yes,Month-to-Month,Yes,Bank Withdrawal,24.79999924,24.79999924,0,0,0,24.79999924,Churned,Competitor,Competitor made better offer,1
7938-OUHIO,Male,28,No,Mill Valley,0,3,Yes,No,Yes,Fiber Optic,No,No,Yes,Yes,Yes,Yes,Yes,Yes,Month-to-Month,Yes,Bank Withdrawal,98.69999695,293.6499939,0,0,98.27999878,391.9299927,Churned,Attitude,Attitude of service provider,1
7943-RQCHR,Female,34,No,Davis,0,9,Yes,Yes,Yes,Fiber Optic,No,No,No,No,Yes,Yes,Yes,No,Month-to-Month,Yes,Bank Withdrawal,94.75,889.9000244,0,30,90.62999725,1010.530029,Churned,Competitor,Competitor offered more data,1
7957-RYHQD,Female,65,No,Bellflower,0,40,Yes,No,Yes,Fiber Optic,Yes,Yes,No,No,No,No,No,Yes,Month-to-Month,Yes,Credit Card,79.19999695,3233.850098,0,0,1794.400024,5028.25,Churned,Price,Price too high,1
7963-GQRMY,Female,19,Yes,Los Angeles,1,3,Yes,No,Yes,DSL,No,No,No,No,No,No,Yes,Yes,Month-to-Month,No,Credit Card,44.29999924,134.5,0,0,133.3800049,267.8800049,Churned,Price,Extra data charges,1
7969-AULMZ,Female,63,No,San Francisco,0,21,Yes,Yes,Yes,Fiber Optic,No,No,No,No,Yes,Yes,Yes,Yes,Month-to-Month,Yes,Bank Withdrawal,97.34999847,2119.5,0,0,190.2599945,2309.76001,Churned,Other,Moved,1
7979-CORPM,Male,40,No,Oakdale,0,24,Yes,Yes,Yes,Fiber Optic,No,Yes,No,No,Yes,No,No,Yes,Month-to-Month,Yes,Credit Card,90.55000305,2282.550049,0,0,862.3200073,3144.870117,Churned,Other,Don't know,1
7989-CHGTL,Male,52,No,San Diego,0,1,Yes,No,No,,No,No,No,No,No,No,No,No,Month-to-Month,Yes,Credit Card,19.60000038,19.60000038,0,0,14.17000008,33.77000046,Churned,Competitor,Competitor made better offer,1
8000-REIQB,Female,73,No,San Diego,0,1,Yes,No,Yes,Fiber Optic,No,No,No,No,No,No,No,No,Month-to-Month,Yes,Bank Withdrawal,69.94999695,69.94999695,0,10,22.5,102.4499969,Churned,Competitor,Competitor made better offer,1
8008-HAWED,Male,38,No,Los Angeles,0,14,No,No,Yes,Cable,No,No,Yes,No,Yes,Yes,Yes,No,Month-to-Month,Yes,Bank Withdrawal,50.75,712.75,0,10,0,722.75,Churned,Competitor,Competitor had better devices,1
8010-EZLOU,Male,75,No,San Marino,0,15,Yes,Yes,Yes,Fiber Optic,No,Yes,No,No,No,No,No,Yes,Month-to-Month,Yes,Bank Withdrawal,80.19999695,1217.25,0,0,181.1999969,1398.449951,Churned,Competitor,Competitor offered higher download speeds,1
8017-LXHFA,Female,77,No,San Diego,0,23,Yes,No,Yes,Fiber Optic,No,Yes,No,No,Yes,Yes,No,Yes,Month-to-Month,Yes,Bank Withdrawal,94.75,2293.600098,0,0,716.9099731,3010.51001,Churned,Competitor,Competitor made better offer,1
8020-BWHYL,Female,70,No,Montrose,0,15,Yes,No,Yes,Fiber Optic,No,Yes,No,No,No,No,No,Yes,Month-to-Month,Yes,Credit Card,75.30000305,1147.449951,0,0,119.8499985,1267.300049,Churned,Competitor,Competitor offered more data,1
8035-BUYVG,Male,39,Yes,Running Springs,1,40,No,No,Yes,DSL,Yes,Yes,Yes,No,No,No,No,Yes,One Year,Yes,Bank Withdrawal,42.34999847,1716.449951,0,0,0,1716.449951,Churned,Attitude,Attitude of support person,1
8042-JVNFH,Male,23,No,Olancha,0,1,Yes,No,Yes,Fiber Optic,No,No,No,No,No,No,Yes,Yes,Month-to-Month,Yes,Credit Card,71.34999847,71.34999847,0,0,35.27999878,106.6299973,Churned,Attitude,Attitude of support person,1
8051-HJRLT,Female,72,No,Wrightwood,0,1,Yes,No,Yes,Fiber Optic,No,No,No,No,No,No,No,Yes,Month-to-Month,Yes,Bank Withdrawal,70.55000305,70.55000305,0,0,18.20000076,88.75,Churned,Attitude,Attitude of service provider,1
8053-WWDRO,Female,62,Yes,San Diego,1,6,Yes,No,No,,No,No,No,No,No,No,No,No,Month-to-Month,No,Bank Withdrawal,19.5,146.3000031,0,0,190.1999969,336.5,Churned,Competitor,Competitor made better offer,1
8058-INTPH,Female,57,No,San Diego,0,1,Yes,No,Yes,Fiber Optic,No,No,No,No,Yes,No,No,Yes,Month-to-Month,Yes,Bank Withdrawal,79.65000153,79.65000153,0,0,22.47999954,102.1299973,Churned,Competitor,Competitor made better offer,1
8058-JMEQO,Female,76,No,San Diego,0,9,Yes,Yes,Yes,Fiber Optic,No,No,No,No,No,Yes,No,Yes,Month-to-Month,Yes,Bank Withdrawal,84.44999695,762.5,0,0,116.1900024,878.6900024,Churned,Competitor,Competitor made better offer,1
8062-YBDOE,Male,70,No,Canyon Country,0,1,Yes,No,Yes,Fiber Optic,No,No,No,No,No,No,No,Yes,Month-to-Month,Yes,Bank Withdrawal,69.65000153,69.65000153,0,0,7.230000019,76.87999725,Churned,Other,Don't know,1
8063-GBATB,Female,74,No,Cobb,0,27,Yes,Yes,Yes,Fiber Optic,No,No,No,No,No,Yes,Yes,Yes,Month-to-Month,Yes,Bank Withdrawal,85.25,2287.25,0,0,841.5900269,3128.840088,Churned,Competitor,Competitor had better devices,1
8063-RJYNF,Male,27,No,Richmond,0,16,Yes,No,Yes,Fiber Optic,Yes,No,No,No,Yes,Yes,Yes,No,Month-to-Month,Yes,Bank Withdrawal,94.25,1483.25,0,140,327.0400085,1950.290039,Churned,Competitor,Competitor offered higher download speeds,1
8065-YKXKD,Female,39,No,San Diego,0,10,Yes,Yes,Yes,Fiber Optic,No,No,No,No,No,No,No,Yes,Month-to-Month,Yes,Bank Withdrawal,74.75,799.6500244,0,0,56.29999924,855.9500122,Churned,Other,Don't know,1
8073-IJDCM,Female,44,No,Rescue,0,1,Yes,No,No,,No,No,No,No,No,No,No,No,Month-to-Month,Yes,Mailed Check,20.29999924,20.29999924,0,0,26.37000084,46.66999817,Churned,Price,Long distance charges,1
8079-XRJRS,Male,39,Yes,Pleasant Grove,5,65,Yes,Yes,Yes,Fiber Optic,Yes,Yes,Yes,No,No,No,No,Yes,One Year,No,Bank Withdrawal,89.75,5769.600098,18.71999931,0,3206.449951,8957.330078,Churned,Dissatisfaction,Network reliability,1
8080-DDEMJ,Male,71,No,Glendale,0,1,Yes,No,Yes,Cable,No,No,No,No,No,No,No,Yes,Month-to-Month,No,Bank Withdrawal,45.09999847,45.09999847,0,0,15.27999973,60.38000107,Churned,Attitude,Attitude of support person,1
8083-YTZES,Male,52,No,San Diego,0,4,Yes,Yes,Yes,Fiber Optic,No,No,No,No,No,No,No,Yes,Month-to-Month,Yes,Bank Withdrawal,74.34999847,265.3500061,0,0,191.2799988,456.6300049,Churned,Attitude,Attitude of support person,1
8086-OVPWV,Male,58,No,San Diego,0,2,Yes,No,Yes,Fiber Optic,No,No,No,No,No,Yes,Yes,No,Month-to-Month,Yes,Bank Withdrawal,80.19999695,181.1000061,0,10,52.93999863,244.0399933,Churned,Competitor,Competitor made better offer,1
8098-LLAZX,Female,74,No,San Diego,0,4,Yes,Yes,Yes,Fiber Optic,No,No,No,No,Yes,Yes,No,Yes,Month-to-Month,Yes,Bank Withdrawal,95.44999695,396.1000061,0,0,126.4400024,522.539978,Churned,Competitor,Competitor made better offer,1
8111-RKSPX,Male,20,No,Santa Rosa,0,4,Yes,Yes,Yes,Fiber Optic,No,No,No,No,No,No,Yes,Yes,Month-to-Month,Yes,Bank Withdrawal,72.19999695,305.5499878,0,0,119.9199982,425.4700012,Churned,Dissatisfaction,Service dissatisfaction,1
8111-SLLHI,Male,65,Yes,San Jose,1,39,Yes,Yes,Yes,Fiber Optic,No,Yes,Yes,No,Yes,Yes,Yes,Yes,Month-to-Month,Yes,Bank Withdrawal,105.6500015,4284.799805,0,0,1296.75,5581.549805,Churned,Attitude,Attitude of support person,1
8118-LSUEL,Male,74,No,Roseville,0,23,Yes,Yes,Yes,Fiber Optic,No,Yes,Yes,No,Yes,Yes,No,Yes,Month-to-Month,Yes,Bank Withdrawal,106.4000015,2483.5,0,0,405.2600098,2888.76001,Churned,Dissatisfaction,Product dissatisfaction,1
8128-YVJRG,Female,61,No,Berkeley,0,7,Yes,Yes,Yes,Fiber Optic,Yes,No,No,No,No,No,No,Yes,Month-to-Month,Yes,Credit Card,79.65000153,604.7000122,0,0,282.2399902,886.9400024,Churned,Attitude,Attitude of support person,1
8149-RSOUN,Female,49,No,Dorris,0,1,Yes,Yes,Yes,Fiber Optic,No,No,No,No,Yes,Yes,Yes,Yes,Month-to-Month,Yes,Bank Withdrawal,93.84999847,93.84999847,0,0,16.14999962,110,Churned,Competitor,Competitor offered more data,1
8155-IBNHG,Female,55,Yes,San Diego,1,24,Yes,Yes,Yes,Fiber Optic,No,No,No,No,No,No,No,Yes,Month-to-Month,Yes,Credit Card,75.40000153,1747.849976,0,0,425.519989,2173.370117,Churned,Attitude,Attitude of support person,1
8161-QYMTT,Male,55,No,Santa Maria,0,7,Yes,Yes,Yes,Fiber Optic,No,No,No,No,Yes,Yes,Yes,Yes,Month-to-Month,Yes,Bank Withdrawal,94.09999847,701.2999878,0,0,51.59000015,752.8900146,Stayed,Others,Others,1
8168-UQWWF,Female,48,No,Los Angeles,0,11,Yes,Yes,Yes,Cable,No,No,Yes,No,Yes,Yes,Yes,Yes,Month-to-Month,Yes,Bank Withdrawal,97.84999847,1105.400024,0,0,303.269989,1408.670044,Churned,Competitor,Competitor offered more data,1
8178-EYZUO,Male,48,No,San Francisco,0,46,Yes,Yes,Yes,Fiber Optic,Yes,Yes,No,No,No,Yes,Yes,Yes,Month-to-Month,Yes,Bank Withdrawal,93.69999695,4154.799805,0,0,725.8800049,4880.680176,Churned,Price,Extra data charges,1
8182-BJDSI,Female,56,No,Santa Ana,0,28,Yes,Yes,Yes,Fiber Optic,No,Yes,No,No,No,Yes,Yes,Yes,Month-to-Month,Yes,Bank Withdrawal,89.94999695,2625.550049,0,0,847.8400269,3473.389893,Churned,Attitude,Attitude of service provider,1
8182-PNAGI,Male,50,No,Pico Rivera,0,12,Yes,No,Yes,DSL,No,No,No,Yes,No,No,No,No,Month-to-Month,No,Bank Withdrawal,50.25,593.75,0,120,558.960022,1272.709961,Churned,Price,Extra data charges,1
8183-ONMXC,Female,41,No,San Diego,0,2,Yes,No,Yes,Fiber Optic,No,No,No,No,No,Yes,Yes,Yes,Month-to-Month,No,Bank Withdrawal,-1,159.4499969,0,0,10.22000027,169.6699982,Churned,Competitor,Competitor made better offer,1
8185-UPYBR,Male,33,Yes,Hermosa Beach,4,6,Yes,Yes,Yes,Fiber Optic,No,No,No,No,No,No,No,Yes,Month-to-Month,Yes,Bank Withdrawal,75.5,438,0,0,127.3799973,565.3800049,Churned,Dissatisfaction,Product dissatisfaction,1
8199-ZLLSA,Male,53,No,Tujunga,0,67,Yes,Yes,Yes,Fiber Optic,Yes,Yes,Yes,Yes,Yes,Yes,Yes,Yes,One Year,Yes,Bank Withdrawal,118.3499985,7804.149902,0,0,1518.219971,9322.370117,Churned,Competitor,Competitor had better devices,1
8205-OTCHB,Male,51,No,Riverside,0,22,No,No,Yes,DSL,No,Yes,Yes,No,No,Yes,Yes,Yes,One Year,Yes,Bank Withdrawal,43.75,903.5999756,0,0,0,903.5999756,Churned,Dissatisfaction,Network reliability,1
8212-DJRCH,Male,33,Yes,Newbury Park,1,5,Yes,No,Yes,Fiber Optic,Yes,No,Yes,No,No,Yes,Yes,Yes,Month-to-Month,Yes,Credit Card,90.34999847,434.5,17.32999992,0,75.05000305,492.2200012,Stayed,Others,Others,1
8225-BTJAU,Male,75,No,Stinson Beach,0,10,Yes,No,Yes,Fiber Optic,No,No,No,No,No,Yes,No,Yes,Month-to-Month,Yes,Bank Withdrawal,79.25,793.5499878,0,0,75.09999847,868.6500244,Churned,Competitor,Competitor had better devices,1
8229-TNIQA,Female,36,No,Pasadena,0,4,Yes,No,Yes,Cable,No,No,No,No,No,No,No,Yes,Month-to-Month,Yes,Credit Card,45.29999924,196.9499969,0,0,159.6000061,356.5499878,Churned,Other,Don't know,1
8245-UMPYT,Female,66,No,Lockwood,0,16,Yes,Yes,Yes,Fiber Optic,No,No,No,No,Yes,Yes,No,Yes,Month-to-Month,Yes,Bank Withdrawal,96.40000153,1581.199951,47.20000076,0,513.7600098,2047.76001,Churned,Dissatisfaction,Poor expertise of phone support,1
8257-RZAHR,Female,51,Yes,San Jose,1,14,Yes,Yes,Yes,DSL,Yes,No,No,No,Yes,No,No,Yes,Month-to-Month,Yes,Bank Withdrawal,64.69999695,941,0,0,285.6000061,1226.599976,Churned,Competitor,Competitor offered more data,1
8258-GSTJK,Male,74,No,San Pedro,0,3,Yes,Yes,Yes,Fiber Optic,No,No,No,No,No,No,No,Yes,Month-to-Month,Yes,Bank Withdrawal,77,237.75,0,0,145.0200043,382.769989,Churned,Competitor,Competitor had better devices,1
8260-NGFNY,Female,29,No,Phelan,0,1,No,No,Yes,DSL,No,No,No,No,No,No,Yes,Yes,Month-to-Month,No,Mailed Check,25.20000076,25.20000076,0,0,0,25.20000076,Churned,Other,Don't know,1
8263-JQAIK,Male,66,No,Palmdale,0,2,No,No,Yes,DSL,No,No,No,No,No,No,No,Yes,Month-to-Month,Yes,Credit Card,24.45000076,47.5,0,0,0,47.5,Churned,Competitor,Competitor offered more data,1
8267-ZNYVZ,Female,47,Yes,Spring Valley,1,33,Yes,No,Yes,Fiber Optic,Yes,No,Yes,Yes,Yes,Yes,Yes,No,One Year,Yes,Bank Withdrawal,103.75,3361.050049,0,100,516.7800293,3977.830078,Churned,Attitude,Attitude of service provider,1
8276-MQBYC,Male,70,No,Los Angeles,0,51,Yes,Yes,Yes,Fiber Optic,No,No,Yes,No,Yes,Yes,No,Yes,Month-to-Month,Yes,Bank Withdrawal,97.80000305,4913.299805,0,0,993.9899902,5907.290039,Churned,Price,Long distance charges,1
8280-MQRQN,Female,39,No,Arnold,0,1,Yes,No,Yes,Cable,No,No,Yes,No,No,No,No,Yes,Month-to-Month,Yes,Mailed Check,50.45000076,50.45000076,0,0,23.70000076,74.15000153,Churned,Dissatisfaction,Network reliability,1
8290-YWKHZ,Female,69,Yes,Fallbrook,1,32,Yes,Yes,Yes,Fiber Optic,No,No,No,No,Yes,Yes,No,Yes,Month-to-Month,Yes,Bank Withdrawal,93.19999695,2931,17.87999916,0,1079.680054,3992.800049,Churned,Competitor,Competitor made better offer,1
8292-TYSPY,Male,55,No,Los Angeles,0,19,Yes,No,Yes,Cable,No,No,Yes,Yes,No,No,No,No,Month-to-Month,Yes,Credit Card,55,1046.5,0,30,81.69999695,1158.199951,Churned,Competitor,Competitor offered more data,1
8305-VHZBZ,Male,55,No,San Diego,0,1,Yes,No,No,,No,No,No,No,No,No,No,No,Month-to-Month,Yes,Mailed Check,20.20000076,20.20000076,0,0,13.27000046,33.47000122,Churned,Price,Long distance charges,1
8327-LZKAS,Female,80,Yes,Pomona,1,43,Yes,Yes,Yes,Cable,No,No,Yes,Yes,Yes,Yes,No,No,One Year,Yes,Bank Withdrawal,107.5500031,4533.899902,0,140,595.1199951,5269.02002,Churned,Dissatisfaction,Service dissatisfaction,1
8329-IBCTI,Female,50,No,Cotati,0,1,Yes,No,No,,No,No,No,No,No,No,No,No,Month-to-Month,No,Mailed Check,19.64999962,19.64999962,0,0,6.079999924,25.72999954,Churned,Competitor,Competitor made better offer,1
8337-MSSXB,Female,64,No,Trabuco Canyon,0,14,Yes,No,Yes,Fiber Optic,No,Yes,No,No,No,Yes,Yes,No,Month-to-Month,Yes,Bank Withdrawal,86.30000305,1180.949951,0,10,410.2000122,1601.150024,Churned,Attitude,Attitude of service provider,1
8337-UPOAQ,Male,71,Yes,Wrightwood,0,10,Yes,Yes,Yes,Fiber Optic,No,No,Yes,No,No,Yes,No,Yes,Month-to-Month,Yes,Bank Withdrawal,89.80000305,914.2999878,0,0,168.8000031,1083.099976,Churned,Competitor,Competitor made better offer,1
8348-HFYIV,Male,21,No,Oakland,0,2,No,No,Yes,DSL,No,No,Yes,No,Yes,Yes,Yes,Yes,Month-to-Month,Yes,Bank Withdrawal,49.25,90.34999847,0,0,0,90.34999847,Churned,Dissatisfaction,Limited range of services,1
8357-EQXFO,Female,46,No,Union City,0,7,Yes,No,Yes,Fiber Optic,No,No,Yes,No,Yes,Yes,Yes,Yes,Month-to-Month,Yes,Bank Withdrawal,95.34999847,660.9000244,34.29000092,0,338.519989,965.1300049,Churned,Competitor,Competitor made better offer,1
8361-LTMKD,Male,75,Yes,Fallbrook,0,4,Yes,Yes,Yes,Fiber Optic,No,No,No,No,No,No,No,No,Month-to-Month,Yes,Mailed Check,74.40000153,306.6000061,0,20,42.43999863,369.0400085,Churned,Competitor,Competitor made better offer,1
8364-TRMMK,Female,51,No,San Jose,0,3,Yes,Yes,Yes,Cable,No,No,No,No,No,No,No,Yes,Month-to-Month,Yes,Mailed Check,50.65000153,151.3000031,0,0,67.68000031,218.9799957,Churned,Dissatisfaction,Lack of self-service on Website,1
8372-JUXUI,Male,32,No,San Bernardino,0,1,Yes,Yes,Yes,Fiber Optic,No,No,No,No,No,No,No,Yes,Month-to-Month,Yes,Bank Withdrawal,74.34999847,74.34999847,0,0,14.02000046,88.37000275,Churned,Competitor,Competitor had better devices,1
8374-XGEJJ,Male,68,Yes,Temecula,8,43,Yes,Yes,Yes,Fiber Optic,No,Yes,No,No,Yes,Yes,No,No,Month-to-Month,Yes,Bank Withdrawal,101,4388.399902,0,150,1343.75,5882.149902,Churned,Dissatisfaction,Product dissatisfaction,1
8375-DKEBR,Female,72,No,Hermosa Beach,0,1,Yes,No,Yes,Fiber Optic,No,No,No,No,No,No,No,Yes,Month-to-Month,Yes,Bank Withdrawal,69.59999847,69.59999847,0,0,34.50999832,104.1100006,Churned,Competitor,Competitor had better devices,1
8380-PEFPE,Male,60,No,Avalon,0,1,Yes,No,Yes,Fiber Optic,No,No,No,No,No,No,No,Yes,Month-to-Month,Yes,Bank Withdrawal,71.65000153,71.65000153,0,0,17.54000092,89.19000244,Churned,Competitor,Competitor had better devices,1
8382-SHQEH,Female,58,Yes,Rancho Cucamonga,1,8,Yes,Yes,Yes,Fiber Optic,No,No,No,No,No,Yes,Yes,Yes,Month-to-Month,Yes,Bank Withdrawal,84.90000153,764.9500122,0,0,232,996.9500122,Churned,Price,Long distance charges,1
8387-MOJJT,Female,53,Yes,Nubieber,1,42,Yes,No,Yes,Fiber Optic,No,No,No,No,Yes,No,No,Yes,Month-to-Month,Yes,Credit Card,77.94999695,3384,0,0,1428.839966,4812.839844,Churned,Competitor,Competitor made better offer,1
8397-MVTAZ,Male,22,Yes,Sun City,2,34,Yes,Yes,Yes,Fiber Optic,No,No,Yes,No,Yes,Yes,Yes,No,Month-to-Month,Yes,Bank Withdrawal,100.0500031,3480,0,20,785.0599976,4285.060059,Churned,Dissatisfaction,Poor expertise of online support,1
8399-YNDCH,Male,80,No,Columbia,0,21,Yes,No,Yes,DSL,No,No,Yes,No,Yes,No,No,Yes,Month-to-Month,Yes,Bank Withdrawal,60.04999924,1236.150024,0,0,727.0200195,1963.170044,Churned,Competitor,Competitor had better devices,1
8413-VONUO,Male,34,No,Grimes,0,2,Yes,No,Yes,Fiber Optic,No,Yes,No,No,Yes,Yes,Yes,Yes,Month-to-Month,No,Bank Withdrawal,95.65000153,167.3000031,0,0,33.52000046,200.8200073,Churned,Dissatisfaction,Limited range of services,1
8414-MYSHR,Male,79,No,Arcadia,0,5,Yes,No,Yes,Fiber Optic,No,No,No,No,Yes,Yes,No,Yes,Month-to-Month,Yes,Bank Withdrawal,91.40000153,449.75,0,0,22.95000076,472.7000122,Churned,Dissatisfaction,Network reliability,1
8417-FMLZI,Male,47,Yes,Santa Cruz,1,6,Yes,No,Yes,Fiber Optic,No,Yes,No,No,No,Yes,Yes,Yes,Month-to-Month,Yes,Credit Card,83.55000305,477.5499878,0,0,161.4600067,639.0100098,Churned,Dissatisfaction,Product dissatisfaction,1
8429-XIBUM,Male,44,No,Oakland,0,22,Yes,Yes,Yes,Fiber Optic,Yes,No,No,No,Yes,Yes,Yes,Yes,Month-to-Month,Yes,Bank Withdrawal,101.3499985,2317.100098,0,0,227.2599945,2544.360107,Churned,Price,Extra data charges,1
8433-WXGNA,Male,55,No,Salinas,0,2,Yes,No,Yes,Cable,Yes,No,No,No,No,No,No,Yes,Month-to-Month,Yes,Bank Withdrawal,75.69999695,189.1999969,0,0,84.31999969,273.519989,Churned,Other,Don't know,1
8436-BJUMM,Male,62,Yes,Albany,1,26,Yes,Yes,Yes,Cable,No,No,No,No,Yes,No,No,Yes,Month-to-Month,Yes,Bank Withdrawal,83.75,2070.600098,0,0,933.4000244,3004,Churned,Competitor,Competitor offered higher download speeds,1
8443-WVPSS,Male,58,Yes,Galt,5,10,Yes,No,Yes,Fiber Optic,No,Yes,No,Yes,Yes,Yes,Yes,Yes,Month-to-Month,Yes,Bank Withdrawal,99.84999847,990.9000244,0,0,432.7999878,1423.699951,Churned,Dissatisfaction,Service dissatisfaction,1
8443-ZRDBZ,Male,62,No,Fontana,0,4,Yes,Yes,Yes,Fiber Optic,No,No,No,No,No,No,No,Yes,Month-to-Month,Yes,Bank Withdrawal,76.05000305,318.8999939,0,0,169.7599945,488.6600037,Churned,Price,Long distance charges,1
8444-WRIDW,Female,72,No,Thousand Oaks,0,66,Yes,Yes,Yes,Fiber Optic,No,Yes,No,No,No,No,No,No,Month-to-Month,Yes,Credit Card,80.44999695,5224.350098,0,140,3008.939941,8373.290039,Churned,Attitude,Attitude of support person,1
8450-JOVAH,Male,62,Yes,Agoura Hills,1,2,Yes,Yes,Yes,DSL,Yes,No,No,No,No,No,No,Yes,Month-to-Month,No,Credit Card,56.70000076,113.5500031,0,0,11.34000015,124.8899994,Churned,Competitor,Competitor offered higher download speeds,1
8473-VUVJN,Male,80,No,Temecula,0,1,Yes,Yes,Yes,Fiber Optic,No,No,No,No,No,No,No,Yes,Month-to-Month,Yes,Bank Withdrawal,73.65000153,73.65000153,0,0,39.88000107,113.5299988,Churned,Attitude,Attitude of service provider,1
8481-YYXWG,Female,30,No,Hume,0,5,Yes,No,Yes,Fiber Optic,No,Yes,No,Yes,No,Yes,Yes,Yes,Month-to-Month,Yes,Bank Withdrawal,89.34999847,461.7000122,0,0,50.54999924,512.25,Churned,Dissatisfaction,Network reliability,1
8485-GJCDN,Female,71,No,San Diego,0,5,Yes,No,Yes,Fiber Optic,No,No,No,No,No,No,No,Yes,Month-to-Month,Yes,Credit Card,69.05000305,318.5,0,0,150.25,468.75,Churned,Competitor,Competitor made better offer,1
8495-PRWFH,Female,66,No,Waterford,0,42,Yes,Yes,Yes,Cable,No,No,Yes,No,No,No,No,Yes,Month-to-Month,No,Bank Withdrawal,55.65000153,2421.75,0,0,1134,3555.75,Stayed,Others,Others,1
8496-EJAUI,Male,47,No,Tujunga,0,19,Yes,No,Yes,Fiber Optic,No,Yes,No,No,No,No,No,No,Month-to-Month,Yes,Credit Card,73.84999847,1424.5,0,130,34.00999832,1588.51001,Churned,Attitude,Attitude of support person,1
8510-AWCXC,Female,69,No,Novato,0,13,Yes,Yes,Yes,Fiber Optic,Yes,No,No,No,Yes,Yes,No,Yes,Month-to-Month,Yes,Bank Withdrawal,100.8000031,1308.099976,0,0,93.86000061,1401.959961,Churned,Attitude,Attitude of support person,1
8515-OCTJS,Female,61,No,Lemoore,0,25,Yes,Yes,No,,No,No,No,No,No,No,No,No,Two Year,No,Credit Card,24.75,692.0999756,0,0,493.75,1185.849976,Churned,Competitor,Competitor made better offer,1
8519-IMDHU,Male,74,Yes,Alderpoint,1,15,Yes,Yes,Yes,Cable,No,No,No,No,No,Yes,No,Yes,Month-to-Month,Yes,Bank Withdrawal,85.59999847,1345.550049,0,0,678.75,2024.300049,Churned,Competitor,Competitor had better devices,1
8519-QJGJD,Female,42,No,Twain,0,14,Yes,No,Yes,Cable,No,No,Yes,No,No,No,No,Yes,Month-to-Month,No,Bank Withdrawal,75.34999847,1025.949951,0,0,262.3599854,1288.310059,Churned,Attitude,Attitude of service provider,1
8565-CLBZW,Male,23,No,San Diego,0,24,Yes,Yes,Yes,Fiber Optic,No,No,Yes,No,Yes,No,Yes,Yes,Month-to-Month,Yes,Mailed Check,89.84999847,2165.050049,0,0,671.2800293,2836.330078,Churned,Competitor,Competitor made better offer,1
8580-AECUZ,Male,65,No,San Diego,0,1,Yes,No,Yes,Fiber Optic,No,No,No,No,Yes,No,No,Yes,Month-to-Month,Yes,Bank Withdrawal,79.09999847,79.09999847,0,0,42.29999924,121.4000015,Churned,Competitor,Competitor made better offer,1
8593-WHYHV,Male,46,No,Los Angeles,0,3,Yes,Yes,Yes,Fiber Optic,No,No,No,No,No,Yes,Yes,Yes,Month-to-Month,Yes,Bank Withdrawal,85.30000305,264.7999878,0,0,42.84000015,307.6400146,Churned,Other,Don't know,1
8601-QACRS,Female,54,No,Fallbrook,0,5,Yes,Yes,Yes,Cable,No,No,No,No,No,No,No,No,Month-to-Month,Yes,Mailed Check,50.59999847,249.9499969,0,20,185.5,455.4500122,Churned,Competitor,Competitor made better offer,1
8603-IJWDN,Male,41,No,Pinole,0,1,Yes,Yes,Yes,Fiber Optic,No,No,No,No,No,Yes,Yes,Yes,Month-to-Month,Yes,Bank Withdrawal,86.59999847,86.59999847,0,0,5.429999828,92.02999878,Churned,Competitor,Competitor offered higher download speeds,1
8610-WFCJF,Female,53,Yes,Palo Alto,2,49,Yes,Yes,Yes,Fiber Optic,No,No,No,No,Yes,Yes,Yes,Yes,Month-to-Month,Yes,Bank Withdrawal,95.59999847,4783.5,0,0,2431.870117,7215.370117,Churned,Competitor,Competitor offered higher download speeds,1
8614-VGMMV,Female,33,No,Riverside,0,15,Yes,Yes,Yes,DSL,No,No,No,No,No,No,No,Yes,Month-to-Month,Yes,Bank Withdrawal,49.09999847,679.5499878,0,0,145.6499939,825.2000122,Churned,Competitor,Competitor had better devices,1
8621-MNIHH,Female,75,Yes,Madison,1,34,Yes,Yes,Yes,Fiber Optic,No,Yes,Yes,No,No,Yes,No,Yes,Month-to-Month,Yes,Bank Withdrawal,94.25,3217.550049,0,0,97.91999817,3315.469971,Churned,Competitor,Competitor had better devices,1
8623-TMRBY,Male,80,Yes,Chula Vista,2,51,Yes,Yes,Yes,Cable,No,Yes,Yes,No,No,No,No,Yes,Month-to-Month,Yes,Bank Withdrawal,84.19999695,4146.049805,0,0,2222.580078,6368.629883,Churned,Competitor,Competitor offered more data,1
8625-AZYZY,Male,51,Yes,Anza,2,24,Yes,Yes,Yes,Fiber Optic,No,Yes,Yes,No,Yes,Yes,Yes,Yes,Month-to-Month,Yes,Bank Withdrawal,104.6500015,2542.449951,0,0,72,2614.449951,Churned,Competitor,Competitor made better offer,1
8627-EHGIP,Male,38,No,Sacramento,0,44,No,No,Yes,Cable,No,Yes,Yes,No,Yes,Yes,Yes,Yes,One Year,Yes,Credit Card,53.95000076,2375.399902,0,0,0,2375.399902,Churned,Competitor,Competitor offered more data,1
8631-NBHFZ,Male,71,Yes,Running Springs,1,66,Yes,Yes,Yes,DSL,Yes,Yes,Yes,Yes,Yes,No,No,No,Two Year,No,Credit Card,79.40000153,5154.600098,0,150,1981.97998,7286.580078,Churned,Competitor,Competitor offered higher download speeds,1
8634-MPHTR,Male,68,Yes,Forbestown,1,47,Yes,Yes,Yes,Fiber Optic,No,No,Yes,No,Yes,Yes,No,Yes,Month-to-Month,Yes,Bank Withdrawal,100.0500031,4871.049805,0,0,421.5899963,5292.640137,Churned,Attitude,Attitude of support person,1
8640-SDGKB,Male,39,No,Los Angeles,0,4,Yes,No,Yes,DSL,No,No,Yes,Yes,Yes,Yes,Yes,Yes,Month-to-Month,Yes,Bank Withdrawal,74.40000153,299.7000122,0,0,115.5599976,415.2600098,Churned,Attitude,Attitude of support person,1
8642-GVWRF,Female,25,Yes,Capitola,1,2,Yes,No,Yes,Fiber Optic,No,Yes,Yes,No,No,No,No,Yes,Month-to-Month,No,Bank Withdrawal,79.69999695,165,0,0,57.72000122,222.7200012,Churned,Competitor,Competitor had better devices,1
8644-XLFBW,Male,65,No,Lake Elsinore,0,1,Yes,No,Yes,Fiber Optic,No,No,No,No,No,No,No,Yes,Month-to-Month,Yes,Bank Withdrawal,71.65000153,71.65000153,0,0,28.45999908,100.1100006,Churned,Competitor,Competitor offered more data,1
8650-RHRKE,Male,27,No,Oakdale,0,4,No,No,Yes,DSL,No,No,Yes,No,No,No,Yes,Yes,Month-to-Month,Yes,Bank Withdrawal,29.64999962,118.5,0,0,0,118.5,Churned,Dissatisfaction,Limited range of services,1
8651-ENBZX,Female,68,No,Grizzly Flats,0,60,Yes,Yes,Yes,Fiber Optic,No,No,Yes,Yes,Yes,Yes,No,No,One Year,Yes,Bank Withdrawal,106,6441.399902,0,110,2063.399902,8614.799805,Churned,Price,Long distance charges,1
8665-UTDHZ,Male,27,Yes,Los Angeles,1,1,No,No,Yes,DSL,No,Yes,No,No,No,No,No,Yes,Month-to-Month,No,Bank Withdrawal,30.20000076,30.20000076,0,0,0,30.20000076,Churned,Competitor,Competitor had better devices,1
8676-TRMJS,Male,27,No,Torrance,0,3,Yes,Yes,Yes,Fiber Optic,No,No,No,No,No,No,Yes,Yes,Month-to-Month,No,Credit Card,75,209.1000061,0,0,103.4700012,312.5700073,Churned,Dissatisfaction,Limited range of services,1
8679-JOEVF,Female,75,No,Sacramento,0,16,Yes,No,Yes,DSL,No,No,No,Yes,Yes,No,No,Yes,Month-to-Month,No,Bank Withdrawal,59.40000153,1023.900024,0,0,589.2800293,1613.180054,Churned,Price,Price too high,1
8685-WHQPW,Female,79,No,San Diego,0,22,Yes,Yes,Yes,Fiber Optic,No,No,No,No,No,No,No,No,Month-to-Month,Yes,Bank Withdrawal,74.40000153,1692.599976,0,0,111.9800034,1804.579956,Churned,Competitor,Competitor had better devices,1
8696-JKZNU,Female,78,No,Anderson,0,37,Yes,Yes,Yes,Fiber Optic,No,No,No,No,No,No,No,Yes,Month-to-Month,Yes,Bank Withdrawal,76.25,2841.550049,0,0,997.1500244,3838.699951,Churned,Other,Don't know,1
8699-ASUFO,Male,72,Yes,Nuevo,1,7,Yes,Yes,Yes,Fiber Optic,No,No,No,No,No,No,No,Yes,Month-to-Month,Yes,Credit Card,74.40000153,527.9000244,32.45999908,0,62.43999863,557.8800049,Churned,Attitude,Attitude of service provider,1
8708-XPXHZ,Female,25,Yes,Castella,1,42,Yes,Yes,Yes,Fiber Optic,No,No,No,No,Yes,Yes,Yes,Yes,Month-to-Month,Yes,Bank Withdrawal,94.19999695,4186.299805,0,0,287.2799988,4473.580078,Churned,Competitor,Competitor had better devices,1
8714-CTZJW,Female,24,No,Pilot Hill,0,4,Yes,No,Yes,Fiber Optic,No,No,Yes,No,No,Yes,Yes,Yes,Month-to-Month,Yes,Credit Card,82.84999847,319.6000061,0,0,79.36000061,398.9599915,Stayed,Others,Others,1
8714-EUHJO,Female,39,Yes,Castella,1,31,Yes,Yes,Yes,Cable,No,Yes,No,No,No,Yes,Yes,No,Month-to-Month,Yes,Bank Withdrawal,91.15000153,2995.449951,0,0,1198.77002,4194.220215,Churned,Dissatisfaction,Poor expertise of online support,1
8718-PTMEZ,Female,46,No,Lake Elsinore,0,13,No,No,Yes,Cable,No,Yes,No,No,No,No,No,Yes,Month-to-Month,Yes,Bank Withdrawal,31.04999924,347.25,0,0,0,347.25,Churned,Other,Don't know,1
8722-NGNBH,Male,25,No,Walnut,0,5,No,No,Yes,Cable,Yes,No,Yes,Yes,No,No,Yes,Yes,Month-to-Month,No,Credit Card,40,223.4499969,0,0,0,223.4499969,Churned,Competitor,Competitor had better devices,1
8739-WWKDU,Male,69,No,San Diego,0,25,Yes,Yes,Yes,Fiber Optic,No,Yes,No,No,Yes,No,No,Yes,Month-to-Month,Yes,Bank Withdrawal,89.5,2196.149902,0,0,461.5,2657.649902,Churned,Competitor,Competitor had better devices,1
8740-CRYFY,Male,62,No,Sacramento,0,1,Yes,No,Yes,Fiber Optic,No,No,No,No,Yes,No,No,Yes,Month-to-Month,Yes,Bank Withdrawal,78.94999695,78.94999695,0,0,23.95999908,102.9100037,Churned,Competitor,Competitor offered higher download speeds,1
8740-XLHDR,Male,30,No,Greenwood,0,5,No,No,Yes,Cable,Yes,Yes,Yes,Yes,No,No,No,Yes,Month-to-Month,Yes,Mailed Check,43.25,219,0,0,0,219,Churned,Dissatisfaction,Network reliability,1
8749-JMNKX,Male,80,Yes,Montebello,1,51,Yes,Yes,Yes,Fiber Optic,Yes,No,Yes,No,Yes,No,No,Yes,Month-to-Month,Yes,Bank Withdrawal,93.80000305,4750.950195,0,0,1129.140015,5880.089844,Churned,Dissatisfaction,Limited range of services,1
8752-STIVR,Female,61,No,Elmira,0,4,Yes,No,Yes,Fiber Optic,No,No,No,No,Yes,No,No,Yes,Month-to-Month,Yes,Bank Withdrawal,79,303.1499939,0,0,110.2799988,413.4299927,Churned,Dissatisfaction,Limited range of services,1
8761-NSOBC,Male,41,No,Gridley,0,44,Yes,No,Yes,Fiber Optic,No,Yes,No,Yes,Yes,Yes,Yes,Yes,Month-to-Month,No,Bank Withdrawal,100.5500031,4398.149902,0,0,1888.47998,6286.629883,Churned,Dissatisfaction,Network reliability,1
8773-HHUOZ,Female,20,No,Los Angeles,0,17,Yes,No,Yes,Cable,No,No,No,No,Yes,Yes,Yes,Yes,Month-to-Month,Yes,Credit Card,64.69999695,1093.099976,0,0,689.3499756,1782.449951,Churned,Competitor,Competitor offered higher download speeds,1
8775-CEBBJ,Female,40,No,Seeley,0,9,Yes,No,Yes,Cable,No,No,No,No,No,No,No,Yes,Month-to-Month,Yes,Bank Withdrawal,44.20000076,403.3500061,0,0,377.2799988,780.6300049,Churned,Competitor,Competitor offered higher download speeds,1
8775-LHDJH,Female,77,Yes,San Jose,1,1,Yes,Yes,Yes,Fiber Optic,No,Yes,No,No,Yes,No,No,Yes,Month-to-Month,Yes,Bank Withdrawal,90.59999847,90.59999847,0,0,13.02000046,103.6200027,Churned,Other,Don't know,1
8779-QRDMV,Male,78,No,Los Angeles,0,1,No,No,Yes,DSL,No,No,Yes,No,No,Yes,No,No,Month-to-Month,Yes,Bank Withdrawal,39.65000153,39.65000153,0,20,0,59.65000153,Churned,Competitor,Competitor offered more data,1
8780-IXSTS,Female,53,No,San Diego,0,6,Yes,Yes,Yes,Fiber Optic,No,Yes,No,No,Yes,No,No,Yes,Month-to-Month,Yes,Bank Withdrawal,90.09999847,521.2999878,0,0,6.900000095,528.2000122,Churned,Competitor,Competitor made better offer,1
8784-CGILN,Female,34,No,Tarzana,0,18,Yes,Yes,Yes,Fiber Optic,No,No,No,Yes,Yes,Yes,Yes,Yes,Month-to-Month,Yes,Bank Withdrawal,99.84999847,1776.949951,0,0,656.8200073,2433.77002,Churned,Dissatisfaction,Product dissatisfaction,1
8802-UNOJF,Male,65,No,Philo,0,12,Yes,No,Yes,Cable,No,Yes,Yes,Yes,No,No,No,No,Month-to-Month,Yes,Credit Card,83.80000305,1029.75,44.58000183,80,343.5599976,1408.72998,Churned,Competitor,Competitor had better devices,1
8806-EAGWC,Male,25,No,Old Station,0,3,Yes,No,Yes,DSL,No,No,No,No,Yes,No,Yes,Yes,Month-to-Month,No,Credit Card,55.15000153,159.1499939,0,0,68.30999756,227.4600067,Churned,Dissatisfaction,Network reliability,1
8808-ELEHO,Male,66,No,Modesto,0,8,Yes,Yes,Yes,Fiber Optic,No,No,Yes,No,No,No,No,Yes,Month-to-Month,Yes,Bank Withdrawal,81.25,585.9500122,0,0,40.15999985,626.1099854,Churned,Price,Price too high,1
8809-RIHDD,Male,47,Yes,Sacramento,1,72,Yes,Yes,Yes,Fiber Optic,No,Yes,Yes,No,Yes,Yes,Yes,Yes,Two Year,Yes,Bank Withdrawal,103.4000015,7372.649902,0,0,221.0399933,7593.689941,Churned,Price,Lack of affordable download/upload speed,1
8816-VXNZD,Female,36,No,Coronado,0,1,Yes,Yes,Yes,Fiber Optic,No,No,No,No,No,No,No,Yes,Month-to-Month,Yes,Bank Withdrawal,75.09999847,75.09999847,0,0,5.940000057,81.04000092,Churned,Dissatisfaction,Lack of self-service on Website,1
8821-XNHVZ,Female,53,Yes,San Diego,1,1,Yes,No,Yes,Fiber Optic,No,No,No,No,Yes,No,No,Yes,Month-to-Month,Yes,Mailed Check,80.05000305,80.05000305,0,0,39.79000092,119.8399963,Churned,Competitor,Competitor made better offer,1
8824-RWFXJ,Male,21,Yes,Santa Cruz,1,3,Yes,No,Yes,Cable,No,Yes,Yes,No,No,No,Yes,Yes,Month-to-Month,Yes,Mailed Check,56.15000153,168.1499939,0,0,87.87000275,256.019989,Churned,Competitor,Competitor had better devices,1
8835-VSDSE,Female,28,Yes,San Diego,1,2,Yes,No,Yes,Cable,No,No,No,No,No,No,No,Yes,Month-to-Month,Yes,Bank Withdrawal,70.69999695,141.4499969,0,0,19.52000046,160.9700012,Churned,Competitor,Competitor made better offer,1
8837-VVWLQ,Female,35,No,Capistrano Beach,0,8,Yes,No,Yes,Fiber Optic,Yes,No,No,No,Yes,No,No,Yes,Month-to-Month,No,Bank Withdrawal,84.94999695,668.4000244,0,0,258.480011,926.8800049,Churned,Other,Moved,1
8840-DQLGN,Female,65,Yes,Burbank,1,35,Yes,Yes,Yes,Cable,Yes,Yes,No,Yes,Yes,No,No,Yes,Month-to-Month,Yes,Bank Withdrawal,100.5,3653.350098,0,0,559.2999878,4212.649902,Churned,Attitude,Attitude of support person,1
8844-TONUD,Male,54,Yes,Acampo,4,13,Yes,No,Yes,Fiber Optic,No,No,Yes,No,Yes,Yes,Yes,Yes,Month-to-Month,Yes,Mailed Check,96.65000153,1162.849976,0,0,592.7999878,1755.650024,Churned,Competitor,Competitor had better devices,1
8854-CCVSQ,Male,58,No,Browns Valley,0,18,Yes,Yes,Yes,Fiber Optic,No,Yes,No,No,No,No,No,No,Month-to-Month,Yes,Bank Withdrawal,80.65000153,1451.900024,0,30,699.6599731,2181.560059,Churned,Competitor,Competitor offered more data,1
8861-HGGKB,Female,57,No,San Diego,0,10,Yes,Yes,Yes,Fiber Optic,No,No,No,No,No,Yes,Yes,Yes,Month-to-Month,No,Bank Withdrawal,86.44999695,830.8499756,0,0,176.5,1007.349976,Churned,Competitor,Competitor made better offer,1
8868-WOZGU,Male,33,No,Porterville,0,28,Yes,Yes,Yes,Fiber Optic,No,Yes,Yes,No,Yes,Yes,Yes,No,Month-to-Month,Yes,Bank Withdrawal,105.6999969,2979.5,0,80,853.4400024,3912.939941,Churned,Dissatisfaction,Service dissatisfaction,1
8878-HMWBV,Male,47,No,Nice,0,3,Yes,No,Yes,DSL,No,No,Yes,No,No,No,No,No,Month-to-Month,Yes,Bank Withdrawal,49.15000153,169.0500031,0,10,122.3700027,301.4200134,Churned,Competitor,Competitor had better devices,1
8884-ADFVN,Male,65,Yes,Roseville,2,7,Yes,Yes,Yes,Fiber Optic,No,No,Yes,No,Yes,Yes,Yes,Yes,Month-to-Month,Yes,Bank Withdrawal,101.9499969,700.8499756,0,0,242.6199951,943.4699707,Churned,Other,Don't know,1
8901-HJXTF,Female,46,Yes,San Diego,1,12,No,No,Yes,DSL,No,Yes,No,No,No,No,No,Yes,Month-to-Month,No,Mailed Check,29.20000076,309.1000061,0,0,0,309.1000061,Churned,Competitor,Competitor made better offer,1
8914-RBTSB,Male,62,Yes,Valley Village,1,31,Yes,Yes,Yes,Fiber Optic,No,Yes,Yes,No,Yes,No,No,No,Month-to-Month,No,Bank Withdrawal,93.80000305,3019.5,0,50,65.72000122,3135.219971,Churned,Other,Don't know,1
8919-FYFQZ,Male,73,Yes,Livermore,2,44,No,No,Yes,Cable,No,Yes,No,No,No,No,No,Yes,Month-to-Month,Yes,Bank Withdrawal,30.35000038,1359.699951,0,0,0,1359.699951,Churned,Competitor,Competitor had better devices,1
8922-LIEGH,Female,72,No,Jolon,0,25,Yes,Yes,Yes,Fiber Optic,No,Yes,No,No,No,Yes,No,Yes,Month-to-Month,Yes,Bank Withdrawal,-1,2187.550049,23.32999992,0,909,3073.219971,Churned,Dissatisfaction,Poor expertise of online support,1
8931-GJJIQ,Female,46,No,Burlingame,0,9,Yes,Yes,Yes,Fiber Optic,No,No,No,No,No,Yes,Yes,Yes,Month-to-Month,Yes,Bank Withdrawal,83.30000305,803.2999878,0,0,267.2999878,1070.599976,Churned,Attitude,Attitude of support person,1
8937-RDTHP,Male,40,No,Burbank,0,1,Yes,No,Yes,Fiber Optic,Yes,No,No,No,No,Yes,Yes,Yes,Month-to-Month,Yes,Credit Card,84.59999847,84.59999847,0,0,26.85000038,111.4499969,Churned,Dissatisfaction,Poor expertise of phone support,1
8938-UMKPI,Female,42,No,Corona,0,47,Yes,Yes,Yes,Fiber Optic,No,Yes,Yes,No,Yes,Yes,Yes,No,Month-to-Month,Yes,Bank Withdrawal,106.4000015,5127.950195,0,0,1690.589966,6818.540039,Churned,Competitor,Competitor had better devices,1
8943-URTMR,Female,56,No,Lawndale,0,2,Yes,No,Yes,Fiber Optic,No,No,No,No,Yes,No,No,Yes,Month-to-Month,Yes,Mailed Check,79.65000153,152.6999969,0,0,58.08000183,210.7799988,Churned,Price,Lack of affordable download/upload speed,1
8945-GRKHX,Female,41,No,Santa Barbara,0,1,Yes,No,Yes,Fiber Optic,No,No,No,No,No,Yes,Yes,Yes,Month-to-Month,No,Bank Withdrawal,78.65000153,78.65000153,0,0,46.09000015,124.7399979,Churned,Competitor,Competitor had better devices,1
8945-MUQUF,Male,22,No,Fallbrook,0,51,Yes,Yes,Yes,Fiber Optic,Yes,Yes,No,No,Yes,No,Yes,Yes,One Year,Yes,Bank Withdrawal,94.80000305,4837.600098,0,0,2283.27002,7120.870117,Churned,Competitor,Competitor made better offer,1
8949-JTMAY,Female,49,No,Mc Kittrick,0,29,Yes,Yes,Yes,Fiber Optic,No,No,Yes,No,Yes,Yes,Yes,Yes,Month-to-Month,Yes,Credit Card,98.59999847,2933.199951,0,0,804.75,3737.949951,Churned,Competitor,Competitor had better devices,1
8972-HJWNV,Female,75,Yes,Huron,1,7,Yes,Yes,Yes,Fiber Optic,No,No,No,No,No,Yes,No,Yes,Month-to-Month,Yes,Bank Withdrawal,84.55000305,646.8499756,0,0,150.0099945,796.8599854,Churned,Competitor,Competitor made better offer,1
8976-OQHGT,Female,38,Yes,Lomita,5,4,Yes,No,Yes,DSL,No,Yes,No,Yes,No,No,No,Yes,Month-to-Month,No,Credit Card,56.5,235.1000061,0,0,170.8399963,405.9400024,Churned,Dissatisfaction,Lack of self-service on Website,1
8988-ECPJR,Female,79,Yes,Van Nuys,1,34,Yes,Yes,Yes,Fiber Optic,No,Yes,No,No,No,No,No,Yes,Month-to-Month,Yes,Credit Card,79.59999847,2718.300049,0,0,878.5599976,3596.860107,Churned,Dissatisfaction,Product dissatisfaction,1
8992-JQYUN,Male,40,Yes,San Fernando,1,1,No,No,Yes,DSL,No,No,Yes,No,Yes,Yes,Yes,Yes,Month-to-Month,Yes,Bank Withdrawal,50.34999847,50.34999847,0,0,0,50.34999847,Churned,Competitor,Competitor offered more data,1
8993-PHFWD,Female,62,No,Old Station,0,3,No,No,Yes,DSL,No,No,No,No,No,No,No,Yes,Month-to-Month,No,Bank Withdrawal,25.25,58.90000153,0,0,0,58.90000153,Churned,Competitor,Competitor had better devices,1
8999-BOHSE,Female,68,No,Gilroy,0,11,Yes,No,Yes,Fiber Optic,No,No,No,No,Yes,Yes,No,Yes,Month-to-Month,No,Bank Withdrawal,89.69999695,1047.699951,0,0,43.56000137,1091.26001,Churned,Attitude,Attitude of support person,1
9019-QVLZD,Female,58,No,Oakland,0,1,Yes,No,Yes,Fiber Optic,No,No,No,No,Yes,No,No,No,Month-to-Month,No,Bank Withdrawal,79.55000305,79.55000305,0,10,32.13000107,121.6800003,Churned,Competitor,Competitor made better offer,1
9025-AOMKI,Female,42,No,Carpinteria,0,6,Yes,Yes,Yes,Fiber Optic,No,No,No,No,Yes,Yes,Yes,Yes,Month-to-Month,Yes,Bank Withdrawal,93.55000305,536.4000244,0,0,262.7999878,799.2000122,Churned,Other,Moved,1
9025-ZRPVR,Male,59,No,Pacific Grove,0,9,Yes,No,No,,No,No,No,No,No,No,No,No,Month-to-Month,Yes,Credit Card,18.95000076,185.6000061,0,0,447.6600037,633.2600098,Churned,Attitude,Attitude of support person,1
9026-RNUJS,Male,73,No,Van Nuys,0,5,Yes,No,Yes,DSL,No,No,Yes,No,No,No,No,Yes,Month-to-Month,No,Bank Withdrawal,50.34999847,237.25,0,0,93.44999695,330.7000122,Churned,Dissatisfaction,Product dissatisfaction,1
9033-EOXWV,Female,57,No,Oakland,0,12,Yes,Yes,Yes,DSL,No,No,No,Yes,Yes,Yes,Yes,Yes,One Year,No,Credit Card,74.05000305,872.6500244,48.61000061,0,510.9599915,1335,Churned,Other,Don't know,1
9039-RBEEE,Male,27,No,Santa Clara,0,39,No,No,Yes,Cable,Yes,Yes,No,Yes,Yes,No,No,Yes,Month-to-Month,Yes,Credit Card,48.95000076,1880.849976,0,0,0,1880.849976,Churned,Price,Price too high,1
9048-JVYVF,Male,48,No,Fallbrook,0,3,Yes,No,Yes,Cable,No,No,No,Yes,Yes,Yes,Yes,Yes,Month-to-Month,Yes,Bank Withdrawal,69.34999847,191.3500061,0,0,106.9199982,298.269989,Churned,Other,Don't know,1
9050-QLROH,Male,26,No,San Diego,0,18,Yes,Yes,Yes,Fiber Optic,No,No,Yes,No,No,Yes,Yes,Yes,Month-to-Month,Yes,Credit Card,90.69999695,1597.25,0,0,514.6199951,2111.870117,Churned,Competitor,Competitor made better offer,1
9053-JZFKV,Male,25,No,Redway,0,67,Yes,Yes,Yes,Fiber Optic,Yes,Yes,Yes,Yes,Yes,Yes,Yes,Yes,Two Year,No,Credit Card,116.1999969,7752.299805,0,0,2269.959961,10022.25977,Churned,Other,Don't know,1
9057-MSWCO,Male,71,Yes,San Diego,0,27,No,No,Yes,Cable,Yes,No,No,No,No,No,No,No,Month-to-Month,No,Credit Card,30.75,805.0999756,0,140,0,945.0999756,Churned,Competitor,Competitor made better offer,1
9057-SIHCH,Female,48,No,Twentynine Palms,0,3,Yes,Yes,Yes,Fiber Optic,No,No,No,No,Yes,Yes,Yes,Yes,Month-to-Month,Yes,Bank Withdrawal,96.59999847,291.8999939,0,0,29.85000038,321.75,Churned,Price,Price too high,1
9058-CBREO,Female,69,No,Winton,0,1,Yes,Yes,Yes,Cable,No,No,No,No,No,No,No,Yes,Month-to-Month,No,Credit Card,50.54999924,50.54999924,0,0,22.55999947,73.11000061,Churned,Dissatisfaction,Product dissatisfaction,1
9061-TIHDA,Male,67,Yes,Murrieta,1,13,Yes,Yes,Yes,Cable,No,No,No,No,Yes,Yes,Yes,Yes,Month-to-Month,Yes,Bank Withdrawal,95.25,1233.650024,48.09000015,0,412.1000061,1597.660034,Churned,Competitor,Competitor had better devices,1
9063-ZGTUY,Female,22,Yes,Adelanto,3,61,Yes,No,No,,No,No,No,No,No,No,No,No,Month-to-Month,Yes,Credit Card,19.39999962,1182.550049,0,0,2822.469971,4005.02002,Churned,Price,Long distance charges,1
9079-YEXQJ,Female,56,No,Chino,0,54,Yes,Yes,Yes,Fiber Optic,No,Yes,Yes,Yes,Yes,Yes,Yes,No,Month-to-Month,No,Bank Withdrawal,111.0999985,6014.850098,0,50,2523.959961,8588.80957,Churned,Dissatisfaction,Product dissatisfaction,1
9090-SGQXL,Male,70,Yes,Ben Lomond,1,68,Yes,Yes,Yes,Fiber Optic,No,Yes,Yes,No,Yes,Yes,No,Yes,Month-to-Month,Yes,Bank Withdrawal,105.3000031,7299.649902,0,0,3207.560059,10507.20996,Churned,Competitor,Competitor offered more data,1
9093-FPDLG,Female,54,No,Hilmar,0,11,Yes,No,Yes,Fiber Optic,No,Yes,Yes,Yes,No,Yes,Yes,Yes,Month-to-Month,Yes,Bank Withdrawal,94.19999695,999.9000244,0,0,104.7200012,1104.619995,Stayed,Others,Others,1
9095-HFAFX,Female,61,No,San Diego,0,5,Yes,No,Yes,Fiber Optic,No,No,No,No,Yes,No,No,No,Month-to-Month,Yes,Credit Card,81,389.6000061,0,10,101,500.6000061,Churned,Competitor,Competitor made better offer,1
9101-BWFSS,Female,58,Yes,Tollhouse,1,50,Yes,Yes,Yes,Fiber Optic,Yes,Yes,No,Yes,Yes,Yes,Yes,Yes,One Year,No,Bank Withdrawal,108.5500031,5610.700195,0,0,1471.5,7082.200195,Churned,Other,Moved,1
9102-IAYHT,Female,29,Yes,Salinas,1,17,Yes,Yes,Yes,Fiber Optic,No,No,No,No,No,Yes,Yes,Yes,Month-to-Month,Yes,Bank Withdrawal,85.44999695,1451.599976,0,0,811.9199829,2263.52002,Churned,Attitude,Attitude of support person,1
9103-TCIHJ,Female,60,No,Los Angeles,0,15,Yes,Yes,Yes,DSL,Yes,No,No,No,No,No,No,Yes,Month-to-Month,Yes,Mailed Check,55.70000076,899.7999878,0,0,609.9000244,1509.699951,Churned,Price,Price too high,1
9117-SHLZX,Male,36,No,Fremont,0,1,Yes,No,Yes,DSL,No,No,No,No,No,No,No,Yes,Month-to-Month,Yes,Mailed Check,45.70000076,45.70000076,0,0,10.40999985,56.11000061,Churned,Dissatisfaction,Poor expertise of phone support,1
9124-LHCJQ,Female,22,No,Los Angeles,0,1,Yes,Yes,Yes,Fiber Optic,No,No,No,No,No,Yes,Yes,Yes,Month-to-Month,Yes,Credit Card,85.44999695,85.44999695,0,0,31.03000069,116.4800034,Churned,Price,Price too high,1
9134-CEQMF,Male,75,Yes,Nice,1,7,Yes,No,Yes,Fiber Optic,No,No,No,No,Yes,Yes,No,Yes,Month-to-Month,Yes,Bank Withdrawal,89.5,676.7000122,0,0,95.41000366,772.1099854,Churned,Dissatisfaction,Network reliability,1
9136-ALYBR,Male,44,No,Fontana,0,1,No,No,Yes,Cable,No,No,No,No,No,No,No,Yes,Month-to-Month,Yes,Mailed Check,24.45000076,24.45000076,0,0,0,24.45000076,Churned,Price,Extra data charges,1
9139-WQQDY,Female,35,Yes,San Diego,1,49,Yes,Yes,Yes,Fiber Optic,No,Yes,No,No,Yes,Yes,Yes,Yes,One Year,No,Mailed Check,100.4499969,4941.799805,0,0,1292.130005,6233.930176,Churned,Dissatisfaction,Poor expertise of online support,1
9158-VCTQB,Female,41,Yes,Los Angeles,1,41,Yes,Yes,Yes,Fiber Optic,Yes,Yes,Yes,Yes,Yes,Yes,Yes,Yes,Month-to-Month,Yes,Bank Withdrawal,113.5999985,4594.950195,0,0,205.4100037,4800.359863,Churned,Price,Extra data charges,1
9170-CCKOU,Male,62,Yes,Fremont,1,17,Yes,Yes,Yes,Fiber Optic,Yes,Yes,Yes,No,No,No,No,Yes,Month-to-Month,No,Credit Card,90.19999695,1454.150024,0,0,205.0200043,1659.170044,Churned,Dissatisfaction,Product dissatisfaction,1
9170-GYZJC,Female,42,Yes,Vallecito,1,41,Yes,Yes,Yes,Cable,Yes,Yes,Yes,Yes,No,Yes,Yes,Yes,Month-to-Month,No,Credit Card,79.90000153,3326.199951,0,0,1855.660034,5181.859863,Churned,Price,Price too high,1
9172-ANCRX,Female,35,No,Carson,0,10,Yes,Yes,Yes,Fiber Optic,Yes,No,No,No,Yes,Yes,Yes,Yes,Month-to-Month,Yes,Bank Withdrawal,98.69999695,973.25,0,0,373.6000061,1346.849976,Churned,Attitude,Attitude of support person,1
9172-JITSM,Female,47,Yes,Palm Desert,1,26,Yes,No,Yes,Fiber Optic,No,No,No,No,Yes,Yes,Yes,Yes,Month-to-Month,Yes,Bank Withdrawal,90.80000305,2361.800049,0,0,399.6199951,2761.419922,Churned,Other,Don't know,1
9174-FKWZE,Female,70,No,Sacramento,0,1,Yes,No,No,,No,No,No,No,No,No,No,No,Month-to-Month,Yes,Bank Withdrawal,19.45000076,19.45000076,0,0,22.92000008,42.36999893,Churned,Dissatisfaction,Limited range of services,1
9185-TQCVP,Male,27,Yes,Albany,1,14,Yes,Yes,Yes,Fiber Optic,No,No,No,No,No,Yes,Yes,Yes,Month-to-Month,Yes,Bank Withdrawal,85.15000153,1139.199951,38.47999954,0,298.2000122,1398.920044,Churned,Dissatisfaction,Poor expertise of phone support,1
9189-JWSHV,Female,69,Yes,Helm,1,24,Yes,Yes,Yes,Fiber Optic,No,No,No,No,Yes,Yes,Yes,Yes,Month-to-Month,Yes,Bank Withdrawal,93.55000305,2264.050049,0,0,321.1199951,2585.169922,Churned,Price,Price too high,1
9190-MFJLN,Male,65,No,Vallecito,0,19,Yes,No,Yes,Fiber Optic,No,No,Yes,No,Yes,Yes,Yes,Yes,Month-to-Month,Yes,Credit Card,95.90000153,1777.900024,0,0,622.6300049,2400.530029,Churned,Competitor,Competitor had better devices,1
9191-MYQKX,Female,34,Yes,Lynwood,1,7,Yes,No,Yes,Fiber Optic,No,No,Yes,No,No,No,No,Yes,Month-to-Month,Yes,Bank Withdrawal,75.15000153,496.8999939,0,0,60.83000183,557.7299805,Churned,Dissatisfaction,Service dissatisfaction,1
9206-GVPEQ,Male,28,Yes,Fresno,1,13,No,No,Yes,Cable,Yes,No,No,Yes,Yes,Yes,Yes,Yes,Month-to-Month,Yes,Bank Withdrawal,54.45000076,706.8499756,0,0,0,706.8499756,Churned,Dissatisfaction,Network reliability,1
9210-IAHGH,Female,57,No,Wendel,0,7,Yes,No,Yes,DSL,No,No,No,Yes,Yes,Yes,Yes,Yes,Month-to-Month,Yes,Credit Card,70.75,450.7999878,0,0,163.4499969,614.25,Churned,Attitude,Attitude of support person,1
9221-OTIVJ,Female,80,No,Dunlap,0,14,Yes,Yes,Yes,Fiber Optic,No,Yes,Yes,No,Yes,Yes,No,Yes,Month-to-Month,Yes,Bank Withdrawal,104.8499985,1531.400024,0,0,419.4400024,1950.839966,Churned,Dissatisfaction,Product dissatisfaction,1
9223-UCPVT,Female,49,No,Orland,0,1,Yes,No,Yes,Fiber Optic,No,No,Yes,No,Yes,Yes,Yes,Yes,Month-to-Month,No,Bank Withdrawal,94.40000153,94.40000153,0,0,18.34000015,112.7399979,Churned,Price,Lack of affordable download/upload speed,1
9227-LUNBG,Female,39,No,Pescadero,0,1,No,No,Yes,DSL,No,No,No,No,No,No,No,Yes,Month-to-Month,No,Bank Withdrawal,24.60000038,24.60000038,0,0,0,24.60000038,Churned,Price,Price too high,1
9231-ZJYAM,Female,65,No,Squaw Valley,0,4,Yes,No,Yes,Fiber Optic,No,No,No,No,Yes,No,No,Yes,Month-to-Month,Yes,Bank Withdrawal,78.84999847,292.7999878,0,0,147.7200012,440.519989,Churned,Other,Moved,1
9237-HQITU,Female,19,No,Los Angeles,0,2,Yes,No,Yes,Fiber Optic,No,No,No,No,No,No,No,Yes,Month-to-Month,Yes,Bank Withdrawal,70.69999695,151.6499939,0,0,18.23999977,169.8899994,Churned,Other,Moved,1
9248-OJYKK,Male,74,No,San Diego,0,1,Yes,Yes,Yes,Fiber Optic,No,No,No,No,No,No,No,No,Month-to-Month,Yes,Bank Withdrawal,76.44999695,76.44999695,0,10,3.839999914,90.29000092,Churned,Competitor,Competitor made better offer,1
9249-FXSCK,Female,20,No,Acampo,0,52,Yes,Yes,Yes,Fiber Optic,Yes,Yes,No,Yes,Yes,Yes,Yes,Yes,One Year,Yes,Credit Card,111.25,5916.450195,1.269999981,0,1751.880005,7667.060059,Churned,Competitor,Competitor offered more data,1
9250-WYPLL,Female,20,No,Fallbrook,0,5,Yes,Yes,Yes,Fiber Optic,No,No,No,No,No,No,Yes,Yes,Month-to-Month,No,Bank Withdrawal,75.55000305,413.6499939,0,0,176.1000061,589.75,Churned,Competitor,Competitor made better offer,1
9253-QXKBE,Male,73,Yes,Morgan Hill,1,29,Yes,Yes,Yes,Fiber Optic,No,No,No,No,Yes,Yes,No,Yes,Month-to-Month,Yes,Bank Withdrawal,94.44999695,2653.649902,0,0,181.25,2834.899902,Churned,Competitor,Competitor had better devices,1
9254-RBFON,Female,38,Yes,Klamath River,1,17,Yes,No,Yes,Fiber Optic,No,No,Yes,Yes,Yes,Yes,Yes,Yes,One Year,No,Bank Withdrawal,98.59999847,1704.949951,0,0,91.80000305,1796.75,Churned,Competitor,Competitor had better devices,1
9259-PACGQ,Female,19,Yes,Los Angeles,1,34,Yes,Yes,Yes,Cable,Yes,Yes,No,Yes,No,No,No,Yes,Month-to-Month,No,Bank Withdrawal,62.65000153,2274.899902,0,0,1404.880005,3679.780029,Churned,Competitor,Competitor had better devices,1
9269-CQOOL,Male,58,No,Trinidad,0,3,Yes,No,Yes,DSL,No,No,No,No,Yes,No,No,Yes,Month-to-Month,Yes,Credit Card,54.70000076,169.4499969,0,0,8.640000343,178.0899963,Churned,Competitor,Competitor had better devices,1
9274-CNFMO,Male,76,Yes,Pacoima,1,4,Yes,Yes,Yes,Fiber Optic,No,No,No,No,No,No,No,Yes,Month-to-Month,No,Bank Withdrawal,74.94999695,308.7000122,0,0,112.4400024,421.1400146,Churned,Competitor,Competitor offered more data,1
9279-CJEOJ,Female,77,No,Anaheim,0,21,Yes,Yes,Yes,Fiber Optic,No,No,No,No,Yes,Yes,No,Yes,Month-to-Month,Yes,Bank Withdrawal,95.40000153,2025.099976,0,0,785.4000244,2810.5,Stayed,Others,Others,1
9282-IZGQK,Female,51,No,Irvine,0,1,Yes,Yes,Yes,Fiber Optic,No,No,No,No,No,Yes,Yes,Yes,Month-to-Month,Yes,Bank Withdrawal,85,85,0,0,30.52000046,115.5199966,Churned,Other,Don't know,1
9283-LZQOH,Male,36,Yes,Antelope,1,13,Yes,Yes,Yes,Fiber Optic,No,No,No,No,No,No,No,Yes,Month-to-Month,Yes,Credit Card,74.40000153,896.75,0,0,37.95999908,934.710022,Churned,Competitor,Competitor made better offer,1
9286-DOJGF,Female,66,Yes,Lotus,5,38,Yes,Yes,Yes,Fiber Optic,No,No,No,No,No,No,No,Yes,Month-to-Month,Yes,Bank Withdrawal,74.94999695,2869.850098,0,0,599.6400146,3469.48999,Churned,Dissatisfaction,Product dissatisfaction,1
9300-AGZNL,Male,76,No,Elk Creek,0,1,Yes,Yes,Yes,Fiber Optic,No,No,No,No,Yes,Yes,No,Yes,Month-to-Month,Yes,Bank Withdrawal,94,94,0,0,21.85000038,115.8499985,Churned,Dissatisfaction,Product dissatisfaction,1
9300-RENDD,Male,56,No,Cedar Glen,0,1,Yes,No,Yes,Fiber Optic,No,No,No,No,Yes,No,No,Yes,Month-to-Month,Yes,Bank Withdrawal,79.94999695,79.94999695,0,0,3.130000114,83.08000183,Churned,Attitude,Attitude of support person,1
9305-CDSKC,Female,31,No,Los Angeles,0,8,Yes,Yes,Yes,Cable,No,No,Yes,No,Yes,Yes,Yes,Yes,Month-to-Month,Yes,Bank Withdrawal,99.65000153,820.5,0,0,97.19999695,917.7000122,Churned,Other,Moved,1
9306-CPCBC,Female,44,No,Moreno Valley,0,3,Yes,Yes,Yes,Fiber Optic,No,No,No,No,No,No,No,Yes,Month-to-Month,Yes,Bank Withdrawal,74.25,210.3000031,0,0,106.6200027,316.9200134,Churned,Competitor,Competitor made better offer,1
9317-WZPGV,Female,74,No,Paskenta,0,2,Yes,No,Yes,Fiber Optic,No,No,No,No,No,Yes,No,No,Month-to-Month,Yes,Bank Withdrawal,79.75,159.3999939,0,10,79.26000214,248.6600037,Churned,Price,Extra data charges,1
9318-NKNFC,Male,53,No,Twain,0,1,Yes,No,No,,No,No,No,No,No,No,No,No,Month-to-Month,Yes,Mailed Check,18.85000038,18.85000038,0,0,40.49000168,59.34000015,Churned,Dissatisfaction,Service dissatisfaction,1
9330-IJWIO,Female,54,No,Kirkwood,0,13,Yes,Yes,Yes,Fiber Optic,Yes,No,No,No,Yes,Yes,Yes,Yes,Month-to-Month,Yes,Bank Withdrawal,100.3499985,1358.849976,34.09000015,0,88.13999939,1412.900024,Churned,Price,Price too high,1
9360-AHGNL,Female,74,Yes,Concord,7,43,Yes,Yes,Yes,Fiber Optic,Yes,No,Yes,Yes,Yes,Yes,No,Yes,One Year,Yes,Credit Card,109.5500031,4830.25,0,0,376.25,5206.5,Churned,Dissatisfaction,Limited range of services,1
9360-OMDZZ,Male,60,No,Herald,0,24,Yes,Yes,Yes,Fiber Optic,No,No,No,No,Yes,Yes,Yes,No,Month-to-Month,Yes,Bank Withdrawal,94.09999847,2322.850098,0,110,730.0800171,3162.929932,Stayed,Others,Others,1
9367-WXLCH,Male,51,No,Glendale,0,8,Yes,Yes,Yes,Fiber Optic,No,No,No,No,No,Yes,Yes,Yes,Month-to-Month,No,Bank Withdrawal,84.5,662.6500244,33.20999908,0,205.8399963,835.2800293,Churned,Price,Extra data charges,1
9369-XFEHK,Female,76,Yes,Pleasanton,1,33,Yes,Yes,Yes,Cable,No,Yes,No,No,No,No,No,Yes,Month-to-Month,Yes,Bank Withdrawal,80.59999847,2656.5,0,0,1095.27002,3751.77002,Churned,Competitor,Competitor offered more data,1
9381-NDKME,Female,74,Yes,El Monte,1,24,No,No,Yes,Cable,No,No,Yes,No,No,Yes,No,Yes,Month-to-Month,Yes,Credit Card,40.65000153,933.2999878,0,0,0,933.2999878,Churned,Dissatisfaction,Limited range of services,1
9391-EOYLI,Male,77,Yes,Lewiston,1,12,Yes,No,Yes,Fiber Optic,No,No,No,No,No,Yes,No,Yes,Month-to-Month,Yes,Bank Withdrawal,80.44999695,950.2000122,0,0,83.63999939,1033.839966,Churned,Competitor,Competitor made better offer,1
9399-APLBT,Female,52,Yes,Rialto,0,1,Yes,No,Yes,Fiber Optic,No,Yes,No,No,No,No,No,Yes,Month-to-Month,Yes,Bank Withdrawal,74.69999695,74.69999695,0,0,21.90999985,96.61000061,Churned,Competitor,Competitor had better devices,1
9408-SSNVZ,Female,39,No,Stevenson Ranch,0,4,Yes,No,Yes,Fiber Optic,No,No,No,No,No,No,No,Yes,Month-to-Month,Yes,Bank Withdrawal,70.15000153,268.3500061,21.69000053,0,117.5999985,364.2600098,Churned,Other,Don't know,1
9412-ARGBX,Female,47,No,Downey,0,48,Yes,No,Yes,Fiber Optic,No,Yes,Yes,Yes,Yes,No,No,Yes,Two Year,Yes,Credit Card,95.5,4627.850098,0,0,1417.920044,6045.77002,Churned,Competitor,Competitor made better offer,1
9412-GHEEC,Male,55,No,Murrieta,0,40,Yes,Yes,Yes,Fiber Optic,No,No,Yes,Yes,Yes,Yes,Yes,Yes,Month-to-Month,No,Bank Withdrawal,104.8000031,4131.950195,0,0,1423.199951,5555.149902,Churned,Competitor,Competitor had better devices,1
9415-DPEWS,Female,47,No,Carmichael,0,18,Yes,Yes,Yes,Fiber Optic,No,No,No,Yes,Yes,No,No,Yes,Month-to-Month,Yes,Bank Withdrawal,88.34999847,1639.300049,0,0,228.0599976,1867.359985,Churned,Competitor,Competitor offered more data,1
9420-LOJKX,Female,34,No,Los Angeles,0,15,Yes,No,Yes,Fiber Optic,Yes,Yes,No,No,Yes,Yes,Yes,Yes,Month-to-Month,Yes,Credit Card,99.09999847,1426.400024,0,0,59.40000153,1485.800049,Churned,Competitor,Competitor offered more data,1
9430-FRQOC,Female,33,No,San Diego,0,4,Yes,Yes,Yes,Fiber Optic,No,No,Yes,Yes,No,No,No,Yes,Month-to-Month,Yes,Mailed Check,87.09999847,341.4500122,0,0,129.8399963,471.2900085,Churned,Competitor,Competitor made better offer,1
9436-ZBZCT,Male,40,No,Inglewood,0,14,Yes,Yes,Yes,Cable,No,No,No,Yes,Yes,No,No,Yes,Month-to-Month,Yes,Bank Withdrawal,89.94999695,1178.400024,0,0,401.1000061,1579.5,Churned,Attitude,Attitude of support person,1
9444-JTXHZ,Male,53,Yes,Tulare,1,1,Yes,No,Yes,Fiber Optic,No,No,Yes,No,No,No,No,No,Month-to-Month,No,Bank Withdrawal,76.19999695,76.19999695,0,50,35.15000153,161.3500061,Churned,Other,Don't know,1
9445-SZLCH,Female,39,Yes,Santa Clara,3,36,Yes,Yes,Yes,Fiber Optic,No,Yes,Yes,No,Yes,No,No,Yes,Month-to-Month,Yes,Bank Withdrawal,97.34999847,3457.899902,4.960000038,0,882.3599854,4335.299805,Churned,Dissatisfaction,Limited range of services,1
9448-REEVD,Male,21,Yes,Concord,1,1,Yes,No,Yes,DSL,No,No,No,No,No,No,Yes,Yes,Month-to-Month,No,Credit Card,44.70000076,44.70000076,0,0,32.08000183,76.77999878,Churned,Other,Don't know,1
9451-LPGOO,Male,22,No,Fallbrook,0,7,Yes,Yes,Yes,Fiber Optic,No,No,No,No,No,Yes,Yes,Yes,Month-to-Month,Yes,Bank Withdrawal,86.80000305,620.3499756,0,0,214.2700043,834.6199951,Churned,Competitor,Competitor made better offer,1
9462-MJUAW,Male,60,No,Berkeley,0,4,Yes,Yes,Yes,Cable,No,No,No,No,No,No,No,Yes,Month-to-Month,No,Credit Card,50.40000153,206.6000061,0,0,121.7600021,328.3599854,Churned,Competitor,Competitor had better devices,1
9465-RWMXL,Male,62,Yes,San Diego,1,32,Yes,Yes,Yes,Fiber Optic,No,No,Yes,No,No,No,No,Yes,Month-to-Month,Yes,Bank Withdrawal,78.90000153,2447.949951,0,0,722.2399902,3170.189941,Churned,Competitor,Competitor made better offer,1
9488-HGMJH,Female,78,No,Indian Wells,0,1,Yes,No,Yes,Fiber Optic,No,No,No,No,No,No,No,No,Month-to-Month,Yes,Bank Withdrawal,71.15000153,71.15000153,0,20,24.75,115.9000015,Churned,Competitor,Competitor made better offer,1
9490-DFPMD,Female,79,No,San Diego,0,42,Yes,Yes,Yes,Fiber Optic,No,No,No,No,Yes,No,No,Yes,Month-to-Month,Yes,Bank Withdrawal,84.65000153,3541.350098,0,0,400.2600098,3941.610107,Churned,Competitor,Competitor made better offer,1
9492-TOKRI,Female,55,No,Dinuba,0,18,Yes,Yes,Yes,Fiber Optic,No,Yes,No,No,Yes,No,No,Yes,Month-to-Month,Yes,Credit Card,90,1527.349976,0,0,245.6999969,1773.050049,Churned,Competitor,Competitor had better devices,1
9497-QCMMS,Male,73,No,San Diego,0,1,Yes,Yes,Yes,Fiber Optic,No,No,No,No,Yes,Yes,No,Yes,Month-to-Month,Yes,Bank Withdrawal,93.55000305,93.55000305,0,0,30.17000008,123.7200012,Churned,Competitor,Competitor made better offer,1
9507-EXLTT,Female,30,Yes,Seaside,2,1,Yes,No,Yes,Fiber Optic,No,No,No,No,Yes,No,No,Yes,Month-to-Month,Yes,Bank Withdrawal,79.34999847,79.34999847,0,0,23.62999916,102.9800034,Churned,Attitude,Attitude of support person,1
9512-UIBFX,Male,52,Yes,West Covina,6,18,Yes,No,Yes,Fiber Optic,No,No,Yes,No,Yes,Yes,Yes,Yes,Month-to-Month,No,Credit Card,95.15000153,1779.949951,10.17000008,0,27.18000031,1796.959961,Churned,Other,Don't know,1
9514-JDSKI,Male,77,Yes,El Monte,1,1,No,No,Yes,DSL,No,Yes,No,No,Yes,No,No,Yes,Month-to-Month,No,Bank Withdrawal,40.20000076,40.20000076,0,0,0,40.20000076,Churned,Dissatisfaction,Limited range of services,1
9524-EGPJC,Female,33,No,Walnut Creek,0,18,Yes,Yes,Yes,Fiber Optic,No,No,No,Yes,No,Yes,Yes,Yes,Month-to-Month,Yes,Bank Withdrawal,90.09999847,1612.75,48.25999832,0,615.7800293,2180.27002,Churned,Competitor,Competitor offered higher download speeds,1
9526-BIHHD,Male,30,No,San Jose,0,1,No,No,Yes,Cable,Yes,No,No,No,No,No,No,Yes,Month-to-Month,No,Mailed Check,29.70000076,29.70000076,0,0,0,29.70000076,Churned,Dissatisfaction,Product dissatisfaction,1
9526-JAWYF,Male,49,No,San Diego,0,26,Yes,No,Yes,Fiber Optic,No,Yes,Yes,No,Yes,No,No,Yes,Month-to-Month,No,Bank Withdrawal,89.80000305,2335.300049,0,0,162.2400055,2497.540039,Churned,Competitor,Competitor made better offer,1
9530-EHPOH,Male,60,No,San Diego,0,11,Yes,Yes,Yes,DSL,No,No,Yes,No,No,No,No,Yes,Month-to-Month,No,Bank Withdrawal,53.75,608,0,0,165.3300018,773.3300171,Churned,Competitor,Competitor made better offer,1
9540-JYROE,Male,30,No,Bonita,0,8,Yes,No,Yes,Fiber Optic,No,No,No,No,No,No,No,No,Month-to-Month,Yes,Credit Card,70.09999847,551.3499756,0,10,104.3199997,665.6699829,Churned,Competitor,Competitor offered higher download speeds,1
9546-CQJSU,Female,50,No,Soda Springs,0,2,Yes,Yes,Yes,Fiber Optic,No,No,Yes,No,Yes,No,No,Yes,Month-to-Month,Yes,Bank Withdrawal,91.40000153,193.6000061,0,0,79.23999786,272.8399963,Churned,Competitor,Competitor had better devices,1
9564-KCLHR,Male,58,No,San Diego,0,1,Yes,No,Yes,DSL,No,No,No,Yes,No,No,No,Yes,Month-to-Month,No,Mailed Check,51.25,51.25,0,0,6.440000057,57.68999863,Churned,Competitor,Competitor made better offer,1
9565-DJPIB,Female,64,No,Vallejo,0,4,Yes,Yes,Yes,Fiber Optic,No,Yes,No,No,Yes,No,No,Yes,Month-to-Month,No,Credit Card,89.59999847,365.6499939,0,0,147.0399933,512.6900024,Churned,Competitor,Competitor had better devices,1
9565-JSNFM,Male,39,No,Meadow Valley,0,38,Yes,No,Yes,Fiber Optic,No,No,No,No,No,No,No,Yes,One Year,Yes,Bank Withdrawal,70.44999695,2597.600098,0,0,1280.97998,3878.580078,Churned,Price,Lack of affordable download/upload speed,1
9572-MTILT,Male,47,Yes,Fullerton,7,59,Yes,Yes,Yes,Fiber Optic,Yes,Yes,Yes,Yes,Yes,No,No,No,Month-to-Month,Yes,Bank Withdrawal,106.75,6252.899902,0,40,2909.290039,9202.19043,Churned,Competitor,Competitor made better offer,1
9574-RKJIF,Male,52,Yes,Trabuco Canyon,1,30,Yes,Yes,Yes,Fiber Optic,Yes,Yes,No,No,Yes,No,No,No,Month-to-Month,Yes,Bank Withdrawal,94.40000153,2838.699951,0,80,865.5,3784.199951,Churned,Competitor,Competitor offered higher download speeds,1
9576-ANLXO,Female,30,No,Earlimart,0,3,Yes,No,Yes,Fiber Optic,No,No,No,No,No,No,No,Yes,Month-to-Month,Yes,Bank Withdrawal,69.55000305,222.3000031,0,0,78.77999878,301.0799866,Churned,Competitor,Competitor offered higher download speeds,1
9578-VRMNM,Female,48,No,Summerland,0,16,Yes,Yes,Yes,DSL,No,No,Yes,No,No,Yes,Yes,Yes,Month-to-Month,Yes,Credit Card,65.19999695,1043.349976,0,0,759.2000122,1802.550049,Churned,Competitor,Competitor had better devices,1
9600-NAXZN,Male,39,No,San Diego,0,43,Yes,Yes,Yes,Fiber Optic,No,Yes,No,No,Yes,Yes,Yes,Yes,Month-to-Month,Yes,Bank Withdrawal,101.4000015,4528,0,0,2134.52002,6662.52002,Churned,Competitor,Competitor made better offer,1
9600-UDOPK,Male,33,Yes,San Francisco,1,30,Yes,Yes,Yes,Fiber Optic,No,No,No,No,Yes,Yes,Yes,Yes,Month-to-Month,Yes,Credit Card,94.05000305,2866.449951,0,0,315,3181.449951,Churned,Attitude,Attitude of support person,1
9601-BRXPO,Female,48,Yes,San Diego,1,25,Yes,Yes,Yes,Fiber Optic,No,No,Yes,Yes,Yes,Yes,Yes,Yes,Month-to-Month,Yes,Bank Withdrawal,104.9499969,2566.5,0,0,222.75,2789.25,Churned,Competitor,Competitor made better offer,1
9606-PBKBQ,Male,69,Yes,Long Beach,1,32,Yes,Yes,Yes,Fiber Optic,No,No,No,No,No,Yes,Yes,Yes,Month-to-Month,Yes,Bank Withdrawal,85,2642.050049,49.56999969,0,191.6799927,2784.159912,Churned,Attitude,Attitude of support person,1
9611-CTWIH,Female,56,No,Garden Grove,0,3,Yes,No,Yes,Fiber Optic,No,No,No,No,Yes,Yes,Yes,Yes,Month-to-Month,Yes,Bank Withdrawal,89.44999695,240.4499969,0,0,48.45000076,288.8999939,Churned,Competitor,Competitor made better offer,1
9614-RMGHA,Male,29,Yes,San Diego,0,65,Yes,Yes,Yes,Fiber Optic,No,Yes,No,No,Yes,No,Yes,Yes,Month-to-Month,Yes,Bank Withdrawal,91.84999847,5940.850098,0,0,2388.75,8329.599609,Churned,Competitor,Competitor made better offer,1
9625-QSTYE,Female,37,No,San Francisco,0,13,Yes,No,Yes,Fiber Optic,No,Yes,Yes,No,No,No,No,Yes,Month-to-Month,Yes,Bank Withdrawal,81.15000153,952.2999878,0,0,49.91999817,1002.219971,Churned,Competitor,Competitor had better devices,1
9626-WEQRM,Female,53,No,Cedarville,0,4,No,No,Yes,DSL,Yes,No,No,No,No,No,No,No,Month-to-Month,Yes,Credit Card,29.14999962,110.0500031,0,10,0,120.0500031,Stayed,Others,Others,1
9637-EIHEQ,Female,20,No,San Diego,0,1,Yes,No,Yes,Cable,No,No,No,Yes,No,No,No,Yes,Month-to-Month,Yes,Bank Withdrawal,50.79999924,50.79999924,0,0,22.81999969,73.62000275,Churned,Competitor,Competitor made better offer,1
9647-ERGBE,Female,64,Yes,Turlock,1,30,Yes,Yes,Yes,Fiber Optic,No,No,Yes,No,Yes,Yes,Yes,Yes,Month-to-Month,Yes,Bank Withdrawal,100.0500031,3046.149902,0,0,1192.199951,4238.350098,Churned,Competitor,Competitor had better devices,1
9658-WYUFB,Female,57,No,Lathrop,0,17,Yes,Yes,Yes,Fiber Optic,Yes,Yes,No,No,Yes,No,No,Yes,Month-to-Month,Yes,Bank Withdrawal,94.40000153,1617.5,0,0,370.9400024,1988.439941,Churned,Competitor,Competitor offered more data,1
9661-MHUMO,Male,71,Yes,Mather,3,1,Yes,No,Yes,DSL,No,No,No,Yes,No,No,No,Yes,Month-to-Month,Yes,Credit Card,49.25,49.25,0,0,8.380000114,57.63000107,Churned,Dissatisfaction,Service dissatisfaction,1
9667-EQRXU,Female,74,No,Boron,0,30,No,No,Yes,Cable,No,No,Yes,No,Yes,No,No,No,Month-to-Month,Yes,Bank Withdrawal,40.29999924,1172.949951,0,100,0,1272.949951,Churned,Other,Don't know,1
9681-OXGVC,Female,54,No,Laytonville,0,5,Yes,Yes,Yes,Fiber Optic,No,No,Yes,No,Yes,Yes,Yes,Yes,Month-to-Month,Yes,Bank Withdrawal,100.5,514,0,0,141,655,Churned,Competitor,Competitor made better offer,1
9685-WKZGT,Male,67,No,Carmichael,0,14,Yes,Yes,Yes,Fiber Optic,No,No,No,No,No,No,No,Yes,Month-to-Month,Yes,Bank Withdrawal,74.94999695,1036.75,39.29000092,0,228.4799957,1225.939941,Churned,Price,Extra data charges,1
9689-PTNPG,Male,42,No,San Diego,0,2,Yes,No,Yes,Fiber Optic,No,No,No,No,Yes,No,No,No,Month-to-Month,Yes,Bank Withdrawal,80.25,144.5500031,0,10,78.05999756,232.6100006,Churned,Competitor,Competitor made better offer,1
9692-TUSXH,Female,23,No,Los Angeles,0,18,Yes,No,Yes,Fiber Optic,Yes,No,No,No,Yes,Yes,Yes,Yes,Month-to-Month,Yes,Bank Withdrawal,96.05000305,1740.699951,0,0,642.5999756,2383.300049,Churned,Competitor,Competitor offered higher download speeds,1
9710-ZUSHQ,Female,77,No,Red Bluff,0,37,Yes,Yes,Yes,Fiber Optic,Yes,Yes,No,No,Yes,Yes,No,Yes,Month-to-Month,Yes,Bank Withdrawal,106.75,4056.75,0,0,1548.449951,5605.200195,Churned,Price,Lack of affordable download/upload speed,1
9714-EDSUC,Male,25,No,Alviso,0,4,Yes,No,Yes,Fiber Optic,Yes,Yes,No,Yes,No,Yes,Yes,Yes,Month-to-Month,Yes,Credit Card,94.90000153,360.5499878,0,0,46,406.5499878,Stayed,Others,Others,1
9722-UJOJR,Male,36,Yes,Blairsden Graeagle,1,29,Yes,No,Yes,Fiber Optic,No,No,No,No,No,No,No,Yes,Month-to-Month,Yes,Bank Withdrawal,70.75,1974.800049,0,0,325.9599915,2300.76001,Churned,Price,Price too high,1
9725-SCPZG,Male,47,No,South Lake Tahoe,0,1,Yes,No,Yes,Fiber Optic,No,No,No,No,Yes,Yes,Yes,Yes,Month-to-Month,Yes,Bank Withdrawal,90.84999847,90.84999847,0,0,1.129999995,91.98000336,Churned,Price,Price too high,1
9728-FTTVZ,Female,44,No,Williams,0,1,Yes,No,Yes,Fiber Optic,No,No,No,No,No,No,No,Yes,Month-to-Month,Yes,Bank Withdrawal,69.19999695,69.19999695,0,0,23.71999931,92.91999817,Churned,Dissatisfaction,Lack of self-service on Website,1
9732-KPKBW,Male,49,No,Oroville,0,1,Yes,No,Yes,DSL,Yes,No,No,Yes,No,No,No,Yes,Month-to-Month,Yes,Bank Withdrawal,53.95000076,53.95000076,0,0,31.15999985,85.11000061,Churned,Price,Extra data charges,1
9734-UYXQI,Female,27,No,Fallbrook,0,2,Yes,Yes,Yes,Cable,No,No,No,No,No,No,Yes,Yes,Month-to-Month,Yes,Bank Withdrawal,49.40000153,106.5500031,0,0,49.65999985,156.2100067,Churned,Competitor,Competitor made better offer,1
9734-YWGEX,Female,27,No,South San Francisco,0,9,Yes,Yes,Yes,Fiber Optic,No,No,Yes,No,Yes,Yes,Yes,Yes,Month-to-Month,No,Credit Card,98.30000305,923.5,0,0,348.8399963,1272.339966,Churned,Price,Price too high,1
9747-DDZOS,Female,50,No,Eldridge,0,1,Yes,No,Yes,Fiber Optic,No,No,Yes,No,No,No,No,Yes,Month-to-Month,No,Bank Withdrawal,73.5,73.5,0,0,3.839999914,77.33999634,Churned,Dissatisfaction,Network reliability,1
9763-PDTKK,Female,59,No,San Jose,0,4,Yes,No,Yes,Fiber Optic,Yes,No,Yes,Yes,No,Yes,Yes,Yes,Month-to-Month,Yes,Bank Withdrawal,94.40000153,387.2000122,0,0,158.7200012,545.9199829,Churned,Competitor,Competitor had better devices,1
9773-PEQBZ,Male,43,No,Lake Elsinore,0,10,Yes,Yes,Yes,Fiber Optic,No,Yes,No,No,No,No,No,Yes,Month-to-Month,No,Bank Withdrawal,79.84999847,797.25,0,0,156,953.25,Stayed,Others,Others,1
9776-CLUJA,Female,69,Yes,Sacramento,1,51,Yes,Yes,Yes,Fiber Optic,Yes,No,No,No,No,No,No,Yes,Month-to-Month,Yes,Bank Withdrawal,77.5,3807.350098,0,0,911.3699951,4718.720215,Churned,Competitor,Competitor offered more data,1
9787-XVQIU,Male,38,No,Sugarloaf,0,1,Yes,Yes,Yes,Fiber Optic,No,No,No,No,No,No,No,No,Month-to-Month,Yes,Bank Withdrawal,75.30000305,75.30000305,0,0,39.43999863,114.7399979,Churned,Attitude,Attitude of support person,1
9801-GDWGV,Female,52,No,Temecula,0,39,Yes,Yes,Yes,Fiber Optic,No,Yes,Yes,No,Yes,Yes,Yes,Yes,Month-to-Month,Yes,Bank Withdrawal,103.4499969,3994.449951,0,0,1354.859985,5349.310059,Churned,Competitor,Competitor made better offer,1
9804-ICWBG,Male,56,No,Pacific Palisades,0,1,Yes,No,Yes,Fiber Optic,No,No,No,No,No,No,No,Yes,Month-to-Month,Yes,Bank Withdrawal,69.90000153,69.90000153,0,0,45.5,115.4000015,Churned,Attitude,Attitude of support person,1
9809-IMGCQ,Male,65,No,Canyon Dam,0,22,Yes,Yes,Yes,Fiber Optic,No,No,No,No,Yes,Yes,Yes,No,Month-to-Month,Yes,Bank Withdrawal,96.69999695,2082.949951,0,100,883.960022,3066.909912,Churned,Competitor,Competitor made better offer,1
9820-RMCQV,Female,43,No,San Marino,0,11,Yes,No,Yes,DSL,Yes,No,No,No,No,No,No,No,Month-to-Month,No,Credit Card,48.54999924,501,0,130,209.1100006,840.1099854,Churned,Competitor,Competitor made better offer,1
9821-POOTN,Male,48,Yes,San Dimas,1,35,Yes,Yes,Yes,Fiber Optic,No,No,No,No,No,No,No,Yes,Month-to-Month,Yes,Bank Withdrawal,75.19999695,2576.199951,0,0,1696.449951,4272.649902,Churned,Price,Price too high,1
9824-BEMCV,Male,58,Yes,Modesto,1,17,Yes,No,Yes,Fiber Optic,No,No,No,No,No,No,No,Yes,Month-to-Month,Yes,Bank Withdrawal,69,1149.650024,0,0,764.4899902,1914.140015,Churned,Competitor,Competitor offered higher download speeds,1
9828-AOQLM,Female,37,Yes,San Diego,3,1,Yes,No,Yes,DSL,No,No,No,No,No,No,No,Yes,Month-to-Month,Yes,Bank Withdrawal,45.70000076,45.70000076,0,0,12.80000019,58.5,Churned,Competitor,Competitor made better offer,1
9831-BPFRI,Female,50,Yes,Ferndale,1,39,Yes,Yes,Yes,Fiber Optic,No,Yes,Yes,Yes,No,No,No,Yes,One Year,Yes,Bank Withdrawal,89.55000305,3474.449951,0,0,1377.47998,4851.930176,Churned,Dissatisfaction,Poor expertise of online support,1
9835-ZIITK,Male,66,Yes,Campbell,1,66,Yes,Yes,Yes,Fiber Optic,No,Yes,Yes,Yes,Yes,Yes,No,Yes,One Year,Yes,Bank Withdrawal,110.8499985,7491.75,0,0,3225.419922,10717.16992,Churned,Competitor,Competitor made better offer,1
9837-BMCLM,Male,39,No,Stockton,0,3,Yes,No,Yes,Fiber Optic,No,No,No,No,Yes,No,No,Yes,Month-to-Month,Yes,Bank Withdrawal,78.5,242.0500031,0,0,95.63999939,337.6900024,Churned,Price,Long distance charges,1
9840-DVNDC,Male,45,No,Lancaster,0,6,Yes,No,Yes,Fiber Optic,No,No,No,No,Yes,No,No,No,Month-to-Month,Yes,Credit Card,80.5,463.0499878,0,10,38.40000153,511.4500122,Churned,Attitude,Attitude of support person,1
9846-GKXAS,Female,53,No,Burlingame,0,9,Yes,No,Yes,Fiber Optic,No,No,No,No,Yes,Yes,Yes,Yes,Month-to-Month,Yes,Bank Withdrawal,90.80000305,809.75,0,0,12.06000042,821.8099976,Churned,Attitude,Attitude of support person,1
9850-OWRHQ,Female,55,Yes,Torrance,1,3,Yes,Yes,Yes,Fiber Optic,No,No,No,No,No,No,No,Yes,Month-to-Month,Yes,Credit Card,74.09999847,228,0,0,48.86999893,276.8699951,Churned,Dissatisfaction,Lack of self-service on Website,1
9851-KIELU,Male,53,No,Loma Mar,0,10,Yes,No,Yes,Fiber Optic,Yes,Yes,Yes,Yes,Yes,Yes,Yes,Yes,Month-to-Month,Yes,Bank Withdrawal,110.0999985,1043.300049,0,0,180.3000031,1223.599976,Churned,Competitor,Competitor made better offer,1
9851-QXEEQ,Male,21,No,Bangor,0,41,Yes,Yes,Yes,Fiber Optic,No,Yes,Yes,No,Yes,Yes,Yes,Yes,Month-to-Month,Yes,Bank Withdrawal,104.6999969,4346.399902,0,0,1957.339966,6303.740234,Churned,Competitor,Competitor had better devices,1
9863-JZAIC,Male,60,No,Long Beach,0,35,Yes,No,Yes,Cable,No,No,No,No,Yes,No,No,Yes,Month-to-Month,No,Credit Card,55,2010.550049,0,0,1712.550049,3723.100098,Churned,Other,Don't know,1
9874-QLCLH,Female,38,Yes,Northridge,1,17,Yes,Yes,Yes,Fiber Optic,Yes,No,Yes,No,Yes,Yes,Yes,Yes,Month-to-Month,Yes,Bank Withdrawal,104.1999969,1743.5,0,0,83.47000122,1826.969971,Churned,Competitor,Competitor offered more data,1
9878-TNQGW,Male,51,No,Davenport,0,2,Yes,No,Yes,Fiber Optic,No,No,No,No,No,Yes,Yes,Yes,Month-to-Month,Yes,Bank Withdrawal,80.94999695,171.1499939,0,0,34.65999985,205.8099976,Churned,Competitor,Competitor made better offer,1
9885-CSMWE,Female,65,No,Los Angeles,0,1,Yes,No,Yes,Fiber Optic,No,No,No,No,Yes,No,No,Yes,Month-to-Month,No,Bank Withdrawal,78.44999695,78.44999695,0,0,18.37000084,96.81999969,Churned,Dissatisfaction,Product dissatisfaction,1
9889-TMAHG,Male,66,No,Fremont,0,8,Yes,No,Yes,Fiber Optic,Yes,No,No,Yes,Yes,Yes,Yes,Yes,Month-to-Month,No,Credit Card,100.3000031,832.3499756,0,0,92.55999756,924.9099731,Churned,Competitor,Competitor had better devices,1
9894-EZEWG,Female,31,No,Walnut Grove,0,1,Yes,No,Yes,Fiber Optic,No,Yes,No,No,No,No,No,Yes,Month-to-Month,Yes,Credit Card,74.30000305,74.30000305,0,0,39.65999985,113.9599991,Churned,Competitor,Competitor had better devices,1
9897-KXHCM,Female,37,Yes,Modesto,1,3,Yes,No,Yes,Fiber Optic,No,No,No,No,No,Yes,Yes,Yes,Month-to-Month,Yes,Bank Withdrawal,80.30000305,250.0500031,0,0,145.1399994,395.1900024,Churned,Competitor,Competitor offered higher download speeds,1
9898-KZQDZ,Female,65,Yes,Lee Vining,1,40,Yes,Yes,Yes,Fiber Optic,No,No,No,No,Yes,Yes,Yes,Yes,Month-to-Month,Yes,Credit Card,-1,3640.449951,0,0,1980,5620.450195,Churned,Competitor,Competitor had better devices,1
9907-SWKKF,Female,69,No,Twain,0,1,No,No,Yes,DSL,No,No,No,No,No,No,No,Yes,Month-to-Month,No,Credit Card,25.04999924,25.04999924,0,0,0,25.04999924,Churned,Competitor,Competitor had better devices,1
9912-GVSEQ,Female,73,Yes,Napa,1,26,Yes,Yes,Yes,Fiber Optic,No,Yes,Yes,No,No,Yes,No,Yes,Month-to-Month,Yes,Bank Withdrawal,93.84999847,2381.550049,0,0,241.2799988,2622.830078,Churned,Dissatisfaction,Network reliability,1
9921-ZVRHG,Female,44,No,Traver,0,14,Yes,Yes,Yes,Fiber Optic,No,No,Yes,No,No,No,No,Yes,Month-to-Month,Yes,Bank Withdrawal,80.44999695,1072,0,0,16.65999985,1088.660034,Churned,Competitor,Competitor had better devices,1
9940-HPQPG,Female,58,Yes,North Hollywood,1,9,Yes,Yes,Yes,Fiber Optic,Yes,Yes,Yes,No,No,No,No,Yes,Month-to-Month,No,Bank Withdrawal,91.75,865.7999878,0,0,198,1063.800049,Churned,Price,Extra data charges,1
9940-RHLFB,Female,53,No,Sunset Beach,0,1,Yes,No,Yes,Fiber Optic,No,No,Yes,No,No,No,No,Yes,Month-to-Month,No,Bank Withdrawal,75.30000305,75.30000305,0,0,26.05999947,101.3600006,Churned,Competitor,Competitor made better offer,1
9943-VSZUV,Male,75,No,Alamo,0,67,Yes,Yes,Yes,Fiber Optic,No,No,No,No,No,No,No,Yes,Month-to-Month,Yes,Mailed Check,75.69999695,5060.850098,0,0,2672.629883,7733.47998,Stayed,Others,Others,1
9944-HKVVB,Female,55,No,King City,0,3,Yes,No,Yes,Cable,No,Yes,No,No,Yes,Yes,Yes,Yes,Month-to-Month,Yes,Bank Withdrawal,95.09999847,307.3999939,0,0,142.8600006,450.2600098,Churned,Competitor,Competitor had better devices,1
9947-OTFQU,Male,65,No,Covina,0,15,Yes,No,Yes,Fiber Optic,No,Yes,No,No,No,No,No,Yes,Month-to-Month,Yes,Bank Withdrawal,74.40000153,1074.300049,0,0,436.6499939,1510.949951,Churned,Competitor,Competitor had better devices,1
9948-YPTDG,Male,44,Yes,San Rafael,1,38,Yes,No,Yes,Fiber Optic,Yes,Yes,No,No,No,No,No,No,Month-to-Month,Yes,Bank Withdrawal,79.44999695,3013.050049,9.359999657,40,1353.180054,4396.870117,Churned,Competitor,Competitor offered more data,1
9961-JBNMK,Male,79,No,Desert Center,0,21,Yes,No,Yes,Fiber Optic,No,No,Yes,No,Yes,Yes,No,Yes,Month-to-Month,Yes,Bank Withdrawal,-1,2030.300049,10.19999981,0,887.6699829,2907.77002,Churned,Dissatisfaction,Product dissatisfaction,1
9965-YOKZB,Male,73,No,Grizzly Flats,0,9,Yes,Yes,Yes,Fiber Optic,No,No,No,No,No,Yes,No,Yes,Month-to-Month,Yes,Bank Withdrawal,83.84999847,790.1500244,0,0,90.36000061,880.5100098,Churned,Dissatisfaction,Network reliability,1
9985-MWVIX,Female,53,No,Hume,0,1,Yes,No,Yes,Fiber Optic,No,No,No,No,No,No,No,Yes,Month-to-Month,Yes,Credit Card,70.15000153,70.15000153,0,0,42.09000015,112.2399979,Churned,Competitor,Competitor had better devices,1
9986-BONCE,Female,36,No,Fallbrook,0,4,Yes,No,No,,No,No,No,No,No,No,No,No,Month-to-Month,No,Bank Withdrawal,20.95000076,85.5,0,0,8.039999962,93.54000092,Churned,Competitor,Competitor made better offer,1
9992-RRAMN,Male,40,Yes,Riverbank,1,22,Yes,Yes,Yes,Fiber Optic,No,No,No,No,No,Yes,Yes,Yes,Month-to-Month,Yes,Bank Withdrawal,85.09999847,1873.699951,0,0,356.3999939,2230.100098,Churned,Dissatisfaction,Product dissatisfaction,1
